C_CUSTKEY,C_NAME,C_ADDRESS,C_NATIONKEY,C_PHONE,C_ACCTBAL,C_MKTSEGMENT,C_COMMENT
1,2,3,4,5,6,7,8,9,10,11,12
13,14,15,16,17,18,19,20,21
22,23,24,1,25,26,20,27,28
29,30,31,29,32,33,34,35,36
37,38,39,22,40,41,42,43
44,45,46,47,48,49,50,20,51
52,53,54,55,56,57,20,58,59,60
61,62,63,64,65,66,67,9,68
69,70,71,61,72,73,74,75
76,77,78,37,79,80,42,81
82,83,84,85,86,87,9,88
89,90,91,17,92,93,42,94
17,95,96,22,97,98,9,99
100,101,102,1,103,104,74,105,106
6,107,108,109,110,111,85,112,113,42,114
115,116,117,105,76,118,119,74,120
65,121,122,13,123,124,20,125
55,126,127,44,128,129,9,130
131,132,133,134,135,55,136,137,42,138
48,139,140,141,142,143,74,144
145,146,147,61,148,149,34,150
141,151,152,153,22,154,155,34,156
85,157,158,22,159,160,42,161
162,163,164,17,165,166,34,167
168,169,170,89,171,172,74,173,174
175,176,177,141,178,179,20,180
181,182,183,22,184,185,9,186
187,188,189,190,61,191,192,74,193
194,195,196,197,198,199,200,74,201
202,203,204,1,205,206,9,207
208,209,210,85,211,212,42,213
214,215,216,217,6,218,219,9,220,221
222,223,224,65,225,226,20,227
228,229,230,231,6,232,233,42,234,235
236,237,238,65,239,240,42,241,242
243,244,245,246,145,247,248,9,249,250
251,252,253,254,61,255,256,74,257
258,259,260,89,261,262,42,263
264,265,266,267,13,268,269,20,270
271,272,273,22,274,275,9,276
277,278,279,76,280,281,42,282,283,284
285,286,287,37,288,289,9,290,291
292,293,294,131,295,296,34,297
298,299,300,301,302,303,115,304,305,20,306,307
308,309,310,311,312,69,313,314,20,315
316,317,318,44,319,320,20,321,322
323,324,325,13,326,327,9,328,329
330,331,332,198,333,334,9,335,336
337,338,339,340,76,341,342,74,343
344,345,346,44,347,348,34,349
350,351,352,353,89,354,355,74,356
357,358,359,82,360,361,42,362
363,364,365,6,366,367,42,368
369,370,105,371,372,105,29,373,374,20,375,376,377
378,379,380,76,381,382,34,383
384,385,386,76,387,388,74,389
390,391,392,145,393,394,20,395,396
397,398,399,17,400,401,42,402,403
404,405,406,1,407,408,34,409
410,411,412,89,413,414,34,415
416,417,418,65,419,420,74,421
422,423,424,105,52,425,426,34,427
428,429,430,145,431,432,20,433
434,435,436,437,22,438,439,9,440
441,442,443,444,85,445,446,20,447
448,449,450,141,451,452,42,453
454,455,456,69,457,458,34,459,460
461,462,463,464,89,465,466,42,467
468,469,470,69,471,472,42,473
474,475,476,141,477,478,74,479
480,481,482,483,484,52,485,486,42,487,488
489,490,491,492,493,13,494,495,74,496
497,498,499,198,500,501,9,502,503
504,505,506,507,29,508,509,34,510
511,512,513,514,55,515,516,20,517,518
519,520,521,522,198,523,524,74,525
526,527,528,65,529,530,9,531
532,533,534,535,69,536,537,74,538
539,540,541,542,6,543,544,34,545,546
547,548,549,550,198,551,552,74,553
554,555,556,48,557,558,9,559
560,561,562,563,564,55,565,566,20,567
568,569,570,141,571,572,9,573,574
575,576,577,82,578,579,74,580
581,582,583,37,584,585,74,586
587,588,589,198,590,591,42,592
593,594,595,85,596,597,74,598
599,600,601,115,602,603,20,604
605,606,607,608,100,609,610,74,611
612,613,614,115,615,616,9,617
618,619,620,61,621,622,20,623
624,625,626,627,105,13,628,629,34,630
631,632,633,52,634,635,34,636
637,638,639,69,640,641,42,642,643
644,645,646,647,6,648,649,34,650
651,652,653,61,654,655,20,656
657,658,659,660,65,661,662,20,663,664
665,666,667,89,668,669,9,670
671,672,673,6,674,675,42,676,677
678,679,680,48,681,682,74,683,684
685,686,687,13,688,689,34,690
691,692,693,131,694,695,9,696
697,698,699,700,69,701,702,9,703,704
705,706,707,76,708,709,74,710
711,712,713,76,714,715,34,716
717,718,719,1,720,721,34,722,723
724,725,726,727,6,728,729,20,730
731,732,733,37,734,735,9,736,737
738,739,740,115,741,742,9,743
744,745,746,76,747,748,20,749,750
751,752,753,141,754,755,34,756
757,758,759,131,760,761,74,762
763,764,765,766,89,767,768,9,769
770,771,772,100,773,774,74,775
776,777,778,61,779,780,42,781
782,783,784,785,115,786,787,9,788,789
790,791,792,793,794,162,795,796,74,797
798,799,800,55,801,802,20,803
804,805,806,52,807,808,74,809
810,811,812,89,813,814,34,815
816,817,818,65,819,820,9,821
822,823,824,22,825,826,42,827
828,829,830,37,831,832,9,833,834
835,836,837,838,55,839,840,20,841
842,843,105,844,131,845,846,74,847
848,849,850,141,851,852,42,853,854
855,856,857,145,858,859,34,860,861,862
863,864,865,29,866,867,42,868
869,870,871,52,872,873,42,874
875,876,877,69,878,879,42,880
881,882,883,884,82,885,886,42,887
888,889,890,29,891,892,42,893
894,895,896,65,897,898,20,899,900
901,902,903,82,904,905,9,906
907,908,909,910,131,911,912,74,913
914,915,916,917,52,918,919,74,920,921
922,923,924,115,925,926,42,927
928,929,930,37,931,932,34,933
934,935,936,69,937,938,34,939,854
940,941,942,943,29,944,945,34,946
947,948,949,950,1,951,952,74,953
954,955,956,105,69,957,958,20,959,960
961,962,963,115,964,965,34,966
967,968,969,1,970,971,34,972,973
974,975,976,17,977,978,42,979,980
981,982,983,302,984,22,985,986,74,987
988,989,990,991,55,992,993,20,994
995,996,997,82,998,999,42,1000
1001,1002,1003,131,1004,1005,20,1006
1007,1008,1009,55,1010,1011,34,1012
1013,1014,1015,1016,131,1017,1018,42,1019
1020,1021,1022,61,1023,1024,9,1025
1026,1027,1028,44,1029,1030,42,1031
1032,1033,1034,131,1035,1036,74,1037
1038,1039,1040,1041,198,1042,1043,20,1044,1045
1046,1047,1048,69,1049,1050,20,1051
1052,1053,1054,6,1055,1056,9,1057
1058,1059,1060,1061,76,1062,1063,20,1064
1065,1066,1067,1068,76,1069,1070,42,1071
1072,1073,1074,17,1075,1076,34,1077
1078,1079,1080,1081,52,1082,1083,34,1084
1085,1086,1087,61,1088,1089,34,1090
1091,1092,1093,145,1094,1095,74,1096
1097,1098,1099,29,1100,1101,42,1102,1103
1104,1105,1106,198,1107,1108,42,1109,1110
1111,1112,1113,76,1114,1115,74,1116
1117,1118,1119,37,1120,1121,20,1122
1123,1124,1125,1126,1127,89,1128,1129,74,1130
1131,1132,1133,55,1134,1135,74,1136
1137,1138,1139,6,1140,1141,9,1142
1143,1144,1145,52,1146,1147,34,1148,1149
1150,1151,1152,141,1153,1154,34,1155,1156
1157,1158,1159,1160,1161,69,1162,1163,9,1164
1165,1166,1167,85,1168,1169,74,1170
1171,1172,1173,76,1174,1175,74,1176
1177,1178,1179,17,1180,1181,74,1182
1183,1184,1185,1186,1,1187,1188,9,1189
1190,1191,1192,145,1193,1194,74,1195
1196,1197,1198,29,1199,1200,34,1201
1202,1203,1204,1205,17,1206,1207,74,1208
1209,1210,1211,69,1212,1213,74,1214
1215,1216,1217,22,1218,1219,20,1220
1221,1222,1223,141,1224,1225,42,1226
1227,1228,1229,145,1230,1231,20,1232
1233,1234,1235,37,1236,1237,9,1238
1239,1240,1241,22,1242,1243,42,1244
1245,1246,1247,29,1248,1249,74,1250
1251,1252,1253,37,1254,1255,9,1256,105
1257,1258,1259,141,1260,1261,34,1262
1263,1264,1265,1266,82,1267,1268,20,1269
1270,1271,1272,115,1273,1274,9,1275
1276,1277,1278,76,1279,1280,34,1281
1282,1283,1284,1285,85,1286,1287,34,1288
1289,1290,1291,115,1292,1293,42,1294,1295
1296,1297,1298,141,1299,1300,20,1301
1302,1303,1304,55,1305,1306,74,1307
1308,1309,1310,1,1311,1312,20,1313
1314,1315,105,1316,1317,1318,1,1319,1320,20,1321
1322,1323,1324,1325,1326,29,1327,1328,74,1329,1330
1331,1332,1333,115,1334,1335,9,1336,1337
1338,1339,1340,13,1341,1342,34,1343,1344
1345,1346,1347,52,1348,1349,20,1350
1351,1352,1353,1,1354,1355,34,1356
1357,1358,1359,44,1360,1361,9,1362,1363
1364,1365,1366,1367,89,1368,1369,9,1370
1371,1372,1373,1374,69,1375,1376,20,1377
1378,1379,1380,145,1381,1382,20,1383
1384,1385,1386,1387,131,1388,1389,34,1390
1391,1392,1393,115,1394,1395,74,1396
1397,1398,1399,48,1400,1401,42,1402
1403,1404,1405,17,1406,1407,9,1408
1409,1410,1411,52,1412,1413,9,1414
1415,1416,1417,162,1418,1419,42,1420
1421,1422,1423,61,1424,1425,34,1426
1427,1428,1429,69,1430,1431,74,1432
1433,1434,1435,145,1436,1437,74,1438
1439,1440,1441,85,1442,1443,20,1444
1445,1446,1447,1448,29,1449,1450,34,1451
1452,1453,1454,82,1455,1456,20,1457
1458,1459,1460,115,1461,1462,9,1463,1464
1465,1466,1467,115,1468,1469,9,1470,1471
1472,1473,1474,1,1475,1476,9,1477
1478,1479,1480,1481,302,1482,48,1483,1484,9,1485,1486
1487,1488,1489,6,1490,1491,9,1492,1493
1494,1495,1496,17,1497,1498,20,1499,1500
1501,1502,1503,22,1504,1505,20,1506
1507,1508,1509,17,1510,1511,34,1512,1513
1514,1515,1516,48,1517,1518,74,1519
1520,1521,1522,1,1523,1524,9,1525
1526,1527,1528,145,1529,1530,34,1531
1532,1533,1534,76,1535,1536,9,1537
1538,1539,1540,1541,1542,141,1543,1544,42,1545,1546
1547,1548,1549,22,1550,1551,74,1552
1553,1554,1555,55,1556,1557,20,1558
1559,1560,1561,22,1562,1563,20,1564
1565,1566,1567,1568,1569,100,1570,1571,20,1572
1573,1574,1575,131,1576,1577,42,1578
1579,1580,1581,115,1582,1583,42,1584,1585
1586,1587,1588,69,1589,1590,74,1591
1592,1593,1594,69,1595,1596,34,1597
1598,1599,1600,1601,69,1602,1603,20,1604
1605,1606,1607,22,1608,1609,34,1610
1611,1612,1613,52,1614,1615,20,1616
1617,1618,1619,6,1620,1621,42,1622
1623,1624,1625,89,1626,1627,34,1628
1629,1630,1631,6,1632,1633,20,1634
1635,1636,1637,48,1638,1639,42,1640
1641,1642,1643,76,1644,1645,74,1646
1647,1648,1649,22,1650,1651,34,1652,1653
1654,1655,1656,115,1657,1658,74,1659
1660,1661,1662,17,1663,1664,42,1665
1666,1667,1668,115,1669,1670,74,1671
1672,1673,1674,6,1675,1676,20,1677
1678,1679,1680,1681,1,1682,1683,34,1684
1685,1686,1687,22,1688,1689,9,1690,1691
1692,1693,1694,76,1695,1696,42,1697
1698,1699,1700,52,1701,1702,20,1703,1704
1705,1706,1707,89,1708,1709,34,1710,1711
1712,1713,1714,37,1715,1716,42,1717
1718,1719,1720,1,1721,1722,34,1723
1724,1725,1726,89,1727,1728,20,1729
1730,1731,1732,29,1733,1734,20,1735
1736,1737,1738,1739,1,1740,1741,74,1742
1743,1744,1745,82,1746,1747,34,1748
1749,1750,1751,1752,65,1753,1754,34,1512,1755
1756,1757,1758,198,1759,1760,42,1761,1762
1763,1764,1765,1766,6,1767,1768,20,1769
1770,1771,1772,22,1773,1774,34,1775
1776,1777,1778,100,1779,1780,34,1781
1782,1783,105,1784,52,1785,1786,20,1787
1788,1789,1790,1791,44,1792,1793,34,1794
1795,1796,1797,13,1798,1799,34,1800
1801,1802,1803,1804,13,1805,1806,74,1807
1808,1809,1810,131,1811,1812,74,1813
1814,1815,1816,141,1817,1818,20,1819
1820,1821,1822,115,1823,1824,20,1825,1826
1827,1828,1829,85,1830,1831,9,1832,1833
1834,1835,1836,48,1837,1838,9,1839,1840
1841,1842,1843,69,1844,1845,20,1846
1847,1848,1849,82,1850,1851,9,1852
1853,1854,1855,44,1856,1857,9,1858
1859,1860,1861,1862,55,1863,1864,42,1865
1866,1867,1868,52,1869,1870,20,1871
1872,1873,1874,44,1875,1876,20,1877
1878,1879,1880,48,1881,1882,74,1883
1884,1885,1886,141,1887,1888,42,1889
1890,1891,1892,29,1893,1894,34,1895,1896
1897,1898,1899,13,1900,1901,42,1902
1903,1904,1905,1906,76,1907,1908,20,1909
1910,1911,1912,29,1913,1914,34,1915
1916,1917,1918,61,1919,1920,42,1921
1922,1923,1924,82,1925,1926,42,1927,1928
1929,1930,1931,13,1932,1933,34,1934
1935,1936,1937,55,1938,1939,9,1940,1941
1942,1943,1944,198,1945,1946,42,1947,1948
1949,1950,1951,6,1952,1953,9,1954,1955
1956,1957,1958,1959,6,1960,1961,42,1962
1963,1964,1965,1966,145,1967,1968,9,1969,1970
1971,1972,1973,29,1974,1975,42,1976
1977,1978,1979,52,1980,1981,20,1982
1983,1984,1985,52,1986,1987,42,1988,1989
1990,1991,1992,29,1993,1994,34,1995
1996,1997,1998,22,1999,2000,20,2001
2002,2003,2004,198,2005,2006,34,2007
2008,2009,2010,2011,82,2012,2013,74,2014,2015
2016,2017,2018,76,2019,2020,20,2021,2022
2023,2024,2025,17,2026,2027,74,2028
2029,2030,2031,69,2032,2033,42,2034
2035,2036,2037,5,145,2038,2039,74,2040
2041,2042,2043,1,2044,2045,74,2046
2047,2048,2049,85,2050,2051,20,2052
2053,2054,2055,44,2056,2057,20,2058
2059,2060,2061,198,2062,2063,42,2064
2065,2066,2067,2068,2069,17,2070,2071,34,2072
2073,2074,2075,52,2076,2077,74,2078
2079,2080,2081,61,2082,2083,34,2084,2085
2086,2087,2088,131,2089,2090,42,2091
2092,2093,2094,198,2095,2096,42,2097,2098
2099,2100,2101,44,2102,2103,74,2104,2105
2106,2107,2108,89,2109,2110,34,2111,2112
2113,2114,2115,2116,48,2117,2118,74,2119
2120,2121,2122,48,2123,2124,42,2125
2126,2127,2128,2129,55,2130,2131,20,2132,2133
2134,2135,2136,13,2137,2138,74,105,2139
2140,2141,2142,6,2143,2144,42,2145
2146,2147,2148,13,2149,2150,42,2151
2152,2153,2154,61,2155,2156,34,2157
2158,2159,2160,37,2161,2162,9,2163
2164,2165,2166,82,2167,2168,9,2169
2170,2171,2172,48,2173,2174,34,2175
2176,2177,2178,2179,37,2180,2181,20,2182
2183,2184,2185,2186,2187,141,2188,2189,42,2190
2191,2192,2193,2194,82,2195,2196,20,2197
2198,2199,2200,29,2201,2202,9,2203,2204
2205,2206,2207,145,2208,2209,42,2210
2211,2212,2213,13,2214,2215,20,2216
2217,2218,2219,198,2220,2221,34,2222
2223,2224,2225,85,2226,2227,74,2228
2229,2230,2231,162,2232,2233,42,2234,2235
2236,2237,2238,13,2239,2240,9,2241,2242
2243,2244,2245,2246,69,2247,2248,74,2249,2250,2251
2252,2253,2254,55,2255,2256,20,2257
2258,2259,2260,22,2261,2262,42,2263
2264,2265,2266,2267,13,2268,2269,74,2270
2271,2272,2273,2274,69,2275,2276,20,2277
2278,2279,2280,2281,13,2282,2283,74,2284
2285,2286,2287,1,2288,2289,9,2290
2291,2292,2293,17,2294,2295,42,2296
2297,2298,2299,2300,85,2301,2302,9,2303,2304
2305,2306,2307,6,2308,2309,9,2310
2311,2312,2313,52,2314,2315,20,2316
2317,2318,2319,69,2320,2321,42,2322
2323,2324,2325,76,2326,2327,9,2328
2329,2330,2331,13,2332,2333,9,2334,2335
2336,2337,2338,100,2339,2340,74,2341
2342,2343,2344,76,2345,2346,74,2347
2348,2349,2350,55,2351,2352,20,2353
2354,2355,2356,37,2357,2358,34,2359
2360,2361,2362,100,2363,2364,74,2365
2366,2367,2368,2369,65,2370,2371,74,2372
2373,2374,2375,48,2376,2377,9,2378
2379,2380,2381,65,2382,2383,20,2384
2385,2386,2387,65,2388,2389,42,2390
2391,2392,2393,2394,85,2395,2396,42,2397
2398,2399,2400,162,2401,2402,42,2403
2404,2405,2406,22,2407,2408,34,2409,2410
2411,2412,2413,17,2414,2415,42,2416,2417
2418,2419,2420,141,2421,2422,34,2423
2424,2425,2426,2427,61,2428,2429,74,2430
2431,2432,2433,89,2434,2435,74,2436
2437,2438,2439,141,2440,2441,20,2442,2443
2444,2445,2446,131,2447,2448,34,2449
2450,2451,2452,2453,48,2454,2455,34,2456
2457,2458,2459,2460,141,2461,2462,20,2463
2464,2465,2466,6,2467,2468,42,2469
2470,2471,2472,115,2473,2474,20,2475
2476,2477,2478,2479,85,2480,2481,34,2482
2483,2484,2485,2486,141,2487,2488,9,2489
2490,2491,2492,2493,52,2494,2495,20,2496,2497
2498,2499,2500,145,2501,2502,9,2503
2504,2505,2506,37,2507,2508,9,2509,2510
2511,2512,2513,2514,61,2515,2516,20,2517
2518,2519,2520,13,2521,2522,34,2523
2524,2525,2526,69,2527,2528,42,2529,2530
2531,2532,2533,22,2534,2535,20,2536
2537,2538,2539,162,2540,2541,9,2542,2543
2544,2545,2546,55,2547,2548,42,2549
2550,2551,2552,52,2553,2554,42,2555
2556,2557,2558,2559,69,2560,2561,20,2562
2563,2564,2565,105,29,2566,2567,42,2568
2569,2570,2571,82,2572,2573,42,2574
2575,2576,2577,65,2578,2579,9,2580
2581,2582,2583,48,2584,2585,74,2586
2587,2588,2589,2590,2591,85,2592,2593,34,2594
2595,2596,2597,6,2598,2599,42,2600
2601,2602,2603,141,2604,2605,9,2606
2607,2608,2609,52,2610,2611,74,2612,2613
2614,2615,2616,6,2617,2618,42,2619
2620,2621,2622,61,2623,2624,9,2625
2626,2627,2628,100,2629,2630,9,2631
2632,2633,2634,2635,131,2636,2637,9,2638
2639,2640,2641,2642,44,2643,2644,20,2645
2646,2647,2648,2649,100,2650,2651,42,2652
2653,2654,2655,141,2656,2657,9,2658
2659,2660,2661,76,2662,2663,34,2664,2665,2666,2667
2668,2669,2670,69,2671,2672,74,2673
2674,2675,2676,1,2677,2678,34,2679
2680,2681,2682,2683,76,2684,2685,9,2686
2687,2688,2689,82,2690,2691,74,2692,2693
2694,2695,2696,2697,52,2698,2699,9,2700,2701
2702,2703,2704,2705,2706,55,2707,2708,42,2709
2710,2711,2712,2713,141,2714,2715,9,2716
2717,2718,105,2719,44,2720,2721,74,2722
2723,2724,2725,131,2726,2727,20,2728,2729,2730
2731,2732,2733,2734,85,2735,2736,74,2737
2738,2739,2740,89,2741,2742,34,2743
2744,2745,2746,82,2747,2748,9,2749
2750,2751,105,2752,37,2753,2754,74,2755
2756,2757,2758,115,2759,2760,9,2761
2762,2763,2764,48,2765,2766,9,2767,2768
2769,2770,2771,17,2772,2773,74,2774
2775,2776,2777,69,2778,2779,42,2780
2781,2782,2783,17,2784,2785,9,2786,2787,2788
2789,2790,2791,2792,2793,131,2794,2795,42,2796,2797
2798,2799,2800,115,2801,2802,42,2803,2804
2805,2806,2807,131,2808,2809,42,2810
2811,2812,2813,13,2814,2815,34,2816
2817,2818,2819,2820,145,2821,2822,9,2823
2824,2825,2826,2827,6,2828,2829,74,2830
2831,2832,2833,2834,22,2835,2836,9,2837
2838,2839,2840,44,2841,2842,42,2843,2844
2845,2846,2847,85,2848,2849,9,2850,2851
2852,2853,2854,48,2855,2856,74,2857
2858,2859,2860,22,2861,2862,34,2863
2864,2865,2866,13,2867,2868,34,2869
2870,2871,2872,131,2873,2874,74,2875
2876,2877,2878,29,2879,2880,20,2881
2882,2883,2884,2885,85,2886,2887,34,2888
2889,2890,2891,100,2892,2893,9,2894
2895,2896,2897,2898,2899,22,2900,2901,34,2902
2903,2904,2905,85,2906,2907,42,2908
2909,2910,2911,1,2912,2913,74,2914,2915
2916,2917,2918,22,2919,2920,74,2921,2922
2923,2924,2925,1,2926,2927,42,2928
2929,2930,2931,48,2932,2933,74,2934,2935
2936,2937,2938,2939,162,2940,2941,74,2942
2943,2944,2945,22,2946,2947,42,2948
2949,2950,2951,162,2952,2953,9,2954,2955
2956,2957,2958,29,2959,2960,34,2961,2962
2963,2964,2965,69,2966,2967,42,2968
2969,2970,2971,2972,48,2973,2974,42,2975,2976
2977,2978,105,2979,44,2980,2981,9,2982
2983,2984,2985,2986,2987,61,2988,2989,42,2990,2991
2992,2993,2994,52,2995,2996,20,2997,2998
2999,3000,3001,3002,44,3003,3004,9,3005,3006
3007,3008,3009,198,3010,3011,74,3012
3013,3014,3015,48,3016,3017,74,3018
3019,3020,3021,29,3022,3023,9,3024,3025
3026,3027,3028,44,3029,3030,34,3031,3032
3033,3034,3035,3036,82,3037,3038,74,3039,3040
3041,3042,3043,145,3044,3045,20,3046
3047,3048,3049,145,3050,3051,42,3052
3053,3054,3055,3056,61,3057,3058,42,3059
3060,3061,3062,3063,69,3064,3065,20,3066
3067,3068,3069,13,3070,3071,74,3072
3073,3074,3075,3076,3077,89,3078,3079,34,3080,3081
3082,3083,3084,82,3085,3086,34,3087
3088,3089,3090,76,3091,3092,74,3093,3094
3095,3096,3097,89,3098,3099,9,3100
3101,3102,3103,48,3104,3105,42,3106
3107,3108,3109,29,3110,3111,74,3112
3113,3114,3115,89,3116,3117,34,3118
3119,3120,3121,69,3122,3123,42,3124
3125,3126,3127,3128,145,3129,3130,34,3131
3132,3133,3134,100,3135,3136,9,3137
3138,3139,3140,13,3141,3142,9,3143,3144
3145,3146,3147,85,3148,3149,20,3150
3151,3152,3153,3154,1,3155,3156,9,3157
3158,3159,3160,55,3161,3162,20,3163
3164,3165,3166,52,3167,3168,74,3169
3170,3171,3172,3173,145,3174,3175,74,3176,3177
3178,3179,3180,17,3181,3182,42,3183
3184,3185,3186,82,3187,3188,34,3189
3190,3191,3192,48,3193,3194,9,3195,3196
3197,3198,3199,3200,131,3201,3202,34,3203
3204,3205,3206,145,3207,3208,20,3209,3210
3211,3212,3213,3214,13,3215,3216,20,3217
3218,3219,3220,22,3221,3222,20,3223
3224,3225,3226,29,3227,3228,20,3229
3230,3231,3232,3233,141,3234,3235,74,3236,3237
3238,3239,3240,198,3241,3242,20,3243,3244
3245,3246,3247,3248,61,3249,3250,20,3251
3252,3253,3254,115,3255,3256,34,3257
3258,3259,3260,76,3261,3262,74,3263,3264
3265,3266,3267,52,3268,3269,9,3270
3271,3272,3273,89,3274,3275,34,3276
3277,3278,3279,85,3280,3281,9,3282
3283,3284,3285,3286,131,3287,3288,9,3289
3290,3291,3292,100,3293,3294,42,3295
3296,3297,3298,29,3299,3300,20,3301
3302,3303,3304,3305,17,3306,3307,74,3308
3309,3310,3311,82,3312,3313,42,3314,3315
3316,3317,3318,3319,48,3320,3321,34,3322
3323,3324,3325,3326,76,3327,3328,74,3329
3330,3331,3332,3333,13,3334,3335,42,3336
3337,3338,3339,17,3340,3341,42,3342
3343,3344,3345,3346,100,3347,3348,34,3349
3350,3351,3352,55,3353,3354,9,3355
3356,3357,3358,29,3359,3360,74,3361
3362,3363,3364,37,3365,3366,42,3367
3368,3369,3370,17,3371,3372,74,3373,3374
3375,3376,3377,13,3378,3379,9,3380
3381,3382,3383,1,3384,3385,42,3386
3387,3388,3389,85,3390,3391,9,3392
3393,3394,3395,6,3396,3397,9,3398,3399
3400,3401,3402,44,3403,3404,34,3405
3406,3407,3408,76,3409,3410,74,1485,3411
3412,3413,3414,3415,65,3416,3417,9,3418
3419,3420,3421,37,3422,3423,9,3424
3425,3426,3427,22,3428,3429,42,3430,3431,3432
3433,3434,3435,13,3436,3437,34,3438
3439,3440,3441,3442,89,3443,3444,9,3445
3446,3447,3448,76,3449,3450,9,3451
3452,3453,3454,69,3455,3456,42,3457
3458,3459,3460,131,3461,3462,20,3463
3464,3465,3466,1,3467,3468,42,3469
3470,3471,3472,3473,3474,17,3475,3476,42,3477,3478
3479,3480,3481,6,3482,3483,20,3484
3485,3486,3487,6,3488,3489,74,3490
3491,3492,3493,17,3494,3495,9,3496
3497,3498,3499,131,3500,3501,42,3502,3503
3504,3505,3506,6,3507,3508,34,3509
3510,3511,3512,3513,6,3514,3515,42,3516
3517,3518,3519,3520,1,3521,3522,20,3523
3524,3525,105,3526,13,3527,3528,9,3529
3530,3531,3532,89,3533,3534,34,3535
3536,3537,3538,3539,76,3540,3541,74,3542
3543,3544,3545,131,3546,3547,34,3548
3549,3550,3551,44,3552,3553,42,3554
3555,3556,3557,115,3558,3559,34,3560
3561,3562,105,3563,198,3564,3565,74,3566,3567
3568,3569,3570,115,3571,3572,9,3573,3574
3575,3576,3577,65,3578,3579,20,1040,3580
3581,3582,3583,3584,3585,37,3586,3587,20,3588
3589,3590,3591,3592,76,3593,3594,20,3595
3596,3597,3598,131,3599,3600,34,3601
3602,3603,3604,141,3605,3606,9,3607
3608,3609,3610,29,3611,3612,9,3613
3614,3615,3616,162,3617,3618,9,3619
3620,3621,3622,3623,65,3624,3625,74,3626
3627,3628,3629,6,3630,3631,34,3632
3633,3634,3635,13,3636,3637,74,3638,3639
3640,3641,3642,29,3643,3644,9,3645,3646
3647,3648,3649,3650,3651,13,3652,3653,42,3654
3655,3656,3657,6,3658,3659,9,3660
3661,3662,3663,1,3664,3665,34,3666
3667,3668,3669,6,3670,3671,9,3672
3673,3674,3675,65,3676,3677,42,3678
3679,3680,3681,3682,3683,3684,52,3685,3686,20,3687
3688,3689,3690,131,3691,3692,9,3693
3694,3695,3696,3697,55,3698,3699,74,3700
3701,3702,3703,3704,6,3705,3706,9,3707
3708,3709,3710,3711,89,3712,3713,74,3714
3715,3716,3717,29,3718,3719,34,3720
3721,3722,3723,3724,29,3725,3726,74,3727
3728,3729,3730,3731,162,3732,3733,74,3734,3735
3736,3737,3738,145,3739,3740,9,3741,3742
3743,3744,3745,3746,17,3747,3748,9,3749
3750,3751,3752,13,3753,3754,34,3755
3756,3757,3758,3759,3760,6,3761,3762,20,3763
3764,3765,3766,3767,13,3768,3769,42,3770,3771
3772,3773,3774,82,3775,3776,20,3777
3778,3779,3780,29,3781,3782,42,3783
3784,3785,3786,61,3787,3788,74,3789
3790,3791,3792,3793,3794,1,3795,3796,9,3797,3798
3799,3800,3801,1,3802,3803,42,3804
3805,3806,3807,100,3808,3809,74,3810
3811,3812,3813,100,3814,3815,74,3816
3817,3818,3819,3820,198,3821,3822,34,3823
3824,3825,3826,82,3827,3828,9,3829
3830,3831,3832,162,3833,3834,34,3835
3836,3837,3838,22,3839,3840,34,3841
3842,3843,3844,3845,3846,17,3847,3848,42,3849,3850
3851,3852,3853,3854,3855,6,3856,3857,34,3858
3859,3860,3861,302,3862,3863,115,3864,3865,34,3866
3867,3868,3869,3870,82,3871,3872,20,3873
3874,3875,3876,44,3877,3878,20,3879
3880,3881,3882,3883,65,3884,3885,74,3886,3887
3888,3889,3890,131,3891,3892,74,3893,3894
3895,3896,3897,3898,61,3899,3900,34,3901
3902,3903,3904,48,3905,3906,34,3907,3908
3909,3910,3911,3912,162,3913,3914,9,3915
3916,3917,3918,69,3919,3920,20,3921,3922,3923
3924,3925,3926,3927,69,3928,3929,42,3930
3931,3932,3933,3934,131,3935,3936,42,3937
3938,3939,3940,37,3941,3942,34,3943
3944,3945,3946,3947,6,3948,3949,20,3950
3951,3952,3953,69,3954,3955,74,3956
3957,3958,3959,3960,29,3961,3962,42,3963
3964,3965,3966,3967,3968,3969,89,3970,3971,42,3972,3973
3974,3975,3976,3977,1,3978,3979,9,3980
3981,3982,3983,3984,17,3985,3986,9,3987
3988,3989,3990,131,3991,3992,20,3993
3994,3995,3996,3997,145,3998,3999,42,4000
4001,4002,4003,85,4004,4005,42,4006
4007,4008,4009,105,1,4010,4011,20,105,4012,4013
4014,4015,4016,162,4017,4018,74,4019
4020,4021,4022,115,4023,4024,9,4025
4026,4027,4028,145,4029,4030,74,4031,4032
4033,4034,4035,82,4036,4037,9,4038
4039,4040,4041,131,4042,4043,42,4044
4045,4046,4047,100,4048,4049,42,4050
4051,4052,4053,4054,29,4055,4056,20,1102,4057
4058,4059,4060,55,4061,4062,74,4063
4064,4065,4066,4067,13,4068,4069,9,4070
4071,4072,4073,1,4074,4075,74,4076
4077,4078,4079,100,4080,4081,42,4082,4083
4084,4085,4086,198,4087,4088,42,4089,4090
4091,4092,4093,162,4094,4095,74,4096
4097,4098,4099,4100,4101,61,4102,4103,20,4104,4105
4106,4107,4108,65,4109,4110,42,4111
4112,4113,4114,17,4115,4116,74,4117
4118,4119,4120,69,4121,4122,9,4123
4124,4125,4126,29,4127,4128,34,4129
4130,4131,4132,17,4133,4134,74,105,4135
4136,4137,4138,37,4139,4140,74,4141
4142,4143,4144,4145,6,4146,4147,74,4148
4149,4150,4151,65,4152,4153,74,4154
4155,4156,4157,4158,4159,89,4160,4161,20,4162
4163,4164,4165,162,4166,4167,42,4168
4169,4170,4171,131,4172,4173,34,4174
4175,4176,4177,22,4178,4179,34,4180
4181,4182,4183,4184,13,4185,4186,42,4187,4188
4189,4190,4191,48,4192,4193,74,4194
4195,4196,4197,4198,4199,13,4200,4201,20,4202
4203,4204,4205,52,4206,4207,74,4208
4209,4210,4211,52,4212,4213,42,4214,4215
4216,4217,4218,162,4219,4220,42,4221
4222,4223,4224,6,4225,4226,34,4227,4228
4229,4230,4231,4232,13,4233,4234,42,4235
4236,4237,4238,162,4239,4240,20,4241,4242,4243
4244,4245,4246,141,4247,4248,20,4249
4250,4251,4252,198,4253,4254,74,4255,174
4256,4257,4258,4259,55,4260,4261,42,4262,4263
4264,4265,4266,4267,4268,4269,82,4270,4271,9,4272
4273,4274,4275,4276,4277,13,4278,4279,42,4280
4281,4282,4283,4284,4285,1,4286,4287,9,4288
4289,4290,4291,4292,4293,52,4294,4295,74,4296,4297
4298,4299,4300,82,4301,4302,9,4303
4304,4305,4306,37,4307,4308,20,4309
4310,4311,4312,69,4313,4314,42,4315
4316,4317,4318,4319,4320,4321,48,4322,4323,20,4324
4325,4326,4327,4328,4329,82,4330,4331,9,4332
4333,4334,4335,4336,115,4337,4338,20,4339,4340
4341,4342,4343,100,4344,4345,74,4346,4347
4348,4349,4350,37,4351,4352,20,4353,4354
4355,4356,4357,131,4358,4359,74,4360
4361,4362,4363,1,4364,4365,42,4366
4367,4368,4369,198,4370,4371,42,4372,4373
4374,4375,4376,198,4377,4378,34,4379
4380,4381,4382,29,4383,4384,42,4385
4386,4387,4388,198,4389,4390,9,4391
4392,4393,4394,69,4395,4396,20,4397
4398,4399,4400,6,4401,4402,9,4403
4404,4405,4406,141,4407,4408,9,4409
4410,4411,4412,13,4413,4414,20,4415
4416,4417,4418,4419,44,4420,4421,20,4422
4423,4424,4425,6,4426,4427,74,4428,4429
4430,4431,4432,76,4433,4434,34,4435
4436,4437,4438,13,4439,4440,9,4441
4442,4443,4444,4445,302,4446,145,4447,4448,74,4449
4450,4451,4452,4453,55,4454,4455,9,4456,4457
4458,4459,4460,29,4461,4462,34,4463,4464
4465,4466,4467,37,4468,4469,9,4470,4471,854
4472,4473,4474,48,4475,4476,42,4477
4478,4479,4480,162,4481,4482,42,4483
4484,4485,105,4486,4487,22,4488,4489,20,4490
4491,4492,4493,302,4494,69,4495,4496,20,4497
4498,4499,4500,4501,76,4502,4503,20,4504
4505,4506,4507,89,4508,4509,20,4510
4511,4512,4513,4514,48,4515,4516,34,4517
4518,4519,4520,6,4521,4522,20,4523,4524
4525,4526,4527,4528,44,4529,4530,34,4531
4532,4533,4534,4535,4536,6,4537,4538,42,4539
4540,4541,4542,65,4543,4544,34,4545
4546,4547,4548,44,4549,4550,42,4551
4552,4553,4554,145,4555,4556,74,4557
4558,4559,4560,4561,61,4562,4563,42,4564,4565,4566
4567,4568,4569,4570,162,4571,4572,34,4573
4574,4575,4576,4577,22,4578,4579,42,4580,4581
4582,4583,4584,115,4585,4586,34,4587,4588,4589
4590,4591,4592,4593,131,4594,4595,20,4596
4597,4598,4599,1,4600,4601,20,4602,4603
4604,4605,4606,44,4607,76,4608,4609,9,4610
4611,4612,4613,4614,61,4615,4616,74,4617
4618,4619,4620,141,4621,4622,42,4623
4624,4625,4626,29,4627,4628,20,4629
4630,4631,4632,85,4633,4634,9,4635
4636,4637,4638,4639,29,4640,4641,42,4642
4643,4644,4645,4646,4647,198,4648,4649,34,4650
4651,4652,4653,13,4654,4655,74,4656
4657,4658,4659,22,4660,4661,74,4662,4663
4664,4665,4666,44,4667,4668,20,4669
4670,4671,4672,69,4673,4674,20,4675,4676
4677,4678,4679,55,4680,4681,9,4682,4683
4684,4685,4686,131,4687,4688,20,4689
4690,4691,4692,145,4693,4694,74,4695
4696,4697,4698,65,4699,4700,9,4701
4702,4703,4704,55,4705,4706,9,4707
4708,4709,4710,4711,4712,141,4713,4714,74,4715,4716
4717,4718,4719,4720,6,4721,4722,34,4723,4724
4725,4726,4727,44,4728,4729,9,4730
4731,4732,4733,76,4734,4735,34,4736,4737,4738
4739,4740,4741,4742,4743,69,4744,4745,9,4746
4747,4748,4749,131,4750,4751,20,4752
4753,4754,4755,4756,89,4757,4758,20,4759
4760,4761,4762,89,4763,4764,34,4765
4766,4767,4768,4769,48,4770,4771,42,4772,4773
4774,4775,4776,6,4777,4778,42,4779
4780,4781,4782,4783,141,4784,4785,42,4786
4787,4788,4789,145,4790,4791,20,4792
4793,4794,4795,48,4796,4797,9,4798
4799,4800,4801,145,4802,4803,9,4804
4805,4806,4807,37,4808,4809,20,4810
4811,4812,4813,4814,4815,4816,115,4817,4818,74,4819,4820
4821,4822,4823,4824,22,4825,4826,9,4827,4828
4829,4830,4831,55,4832,4833,74,4834
4835,4836,4837,4838,105,162,4839,4840,9,4841
4842,4843,4844,4845,48,4846,4847,34,4848
4849,4850,4851,13,4852,4853,20,4854
4855,4856,4857,52,4858,4859,34,4860,4861
4862,4863,4864,4865,115,4866,4867,9,4868
4869,4870,4871,17,4872,4873,42,4874,4875
4876,4877,4878,55,4879,4880,20,4881,105
4882,4883,4884,4885,4886,37,4887,4888,9,4889
4890,4891,4892,1,4893,4894,34,4895
4896,4897,4898,55,4899,4900,20,4901
4902,4903,4904,76,4905,4906,34,4907
4908,4909,4910,100,4911,4912,42,4913
4914,4915,4916,76,4917,4918,9,4919,4920
4921,4922,4923,89,4924,4925,42,4926
4927,4928,4929,89,4930,4931,42,4932
4933,4934,4935,48,4936,4937,42,4938
4939,4940,4941,52,4942,4943,42,4944,4945
4946,4947,4948,55,4949,4950,74,4951,4952
4953,4954,4955,4956,48,4957,4958,34,4959
4960,4961,4962,61,4963,4964,74,4965
4966,4967,4968,85,4969,4970,20,4971
4972,4973,4974,162,4975,4976,34,4977,4978
4979,4980,4981,61,4982,4983,9,4984,4985
4986,4987,4988,198,4989,4990,74,4991
4992,4993,4994,61,4995,4996,34,4997,4998
4999,5000,5001,65,5002,5003,42,5004,5005
5006,5007,5008,198,5009,5010,9,5011
5012,5013,5014,115,5015,5016,42,5017
5018,5019,5020,100,5021,5022,20,5023,5024
5025,5026,5027,22,5028,5029,20,5030
5031,5032,5033,65,5034,5035,42,5036
5037,5038,5039,5040,1,5041,5042,74,5043,5044
5045,5046,5047,13,5048,5049,9,5050
5051,5052,5053,131,5054,5055,9,5056
5057,5058,5059,5060,82,5061,5062,74,5063
5064,5065,5066,1,5067,5068,9,5069
5070,5071,5072,115,5073,5074,34,5075
5076,5077,5078,48,5079,5080,20,5081
5082,5083,5084,115,5085,5086,9,5087
5088,5089,5090,3623,65,5091,5092,9,5093
5094,5095,5096,5097,5098,55,5099,5100,9,5101
5102,5103,5104,37,5105,5106,42,5107
5108,5109,5110,61,5111,5112,20,5113,5114
5115,5116,5117,5118,85,5119,5120,20,5121,5122
5123,5124,5125,48,5126,5127,34,5128,5129
5130,5131,5132,61,5133,5134,74,5135
5136,5137,5138,82,5139,5140,42,5141
5142,5143,5144,65,5145,5146,9,5147,5148,5149
5150,5151,5152,5153,6,5154,5155,20,5156
5157,5158,5159,48,5160,5161,20,5162
5163,5164,5165,85,5166,5167,34,5168,5169
5170,5171,5172,5173,37,5174,5175,42,5176
5177,5178,5179,61,5180,5181,74,105,5182
5183,5184,5185,5186,55,5187,5188,34,5189
5190,5191,5192,131,5193,5194,20,5195
5196,5197,5198,1,5199,5200,74,5201
5202,5203,5204,5205,100,5206,5207,9,5208
5209,5210,5211,55,5212,5213,9,5214,5215
5216,5217,5218,5219,17,5220,5221,34,5222
5223,5224,5225,76,5226,5227,20,5228
5229,5230,5231,115,5232,5233,74,5234
5235,5236,5237,69,5238,5239,9,5240
5241,5242,5243,198,5244,5245,9,5246
5247,5248,5249,17,5250,5251,42,5252
5253,5254,5255,5256,5257,52,5258,5259,20,5260
5261,5262,5263,5264,198,5265,5266,9,5267
5268,5269,5270,85,5271,5272,74,5273
5274,5275,5276,100,5277,5278,42,5279
5280,5281,5282,22,5283,5284,42,5285
5286,5287,5288,198,5289,5290,42,5291,5292
5293,5294,5295,29,5296,5297,42,5298,5299
5300,5301,5302,89,5303,5304,34,5305
5306,5307,5308,5309,100,5310,5311,20,5312
5313,5314,5315,115,5316,5317,74,5318
5319,5320,5321,198,5322,5323,9,5324
5325,5326,5327,55,5328,5329,9,5330
5331,5332,5333,5334,162,5335,5336,20,5337
5338,5339,5340,5341,76,5342,5343,9,5344
5345,5346,5347,89,5348,5349,74,5350
5351,5352,5353,65,5354,5355,34,5356
5357,5358,5359,131,5360,5361,9,5362
5363,5364,5365,115,5366,5367,42,5368
5369,5370,5371,69,5372,5373,74,5374
5375,5376,5377,6,5378,5379,9,5380
5381,5382,5383,5384,65,5385,5386,9,5387
5388,5389,5390,69,5391,5392,42,5393
5394,5395,5396,6,5397,5398,9,5399
5400,5401,5402,89,5403,5404,42,5405,5406
5407,5408,5409,162,5410,5411,9,5412
5413,5414,5415,5416,198,5417,5418,34,5419
5420,5421,5422,48,5423,5424,9,5425,5426
5427,5428,5429,5430,89,5431,5432,34,5433
5434,5435,5436,29,5437,5438,20,5439,5440
5441,5442,5443,37,5444,5445,74,5446
5447,5448,5449,5450,17,5451,5452,9,5453
5454,5455,5456,198,5457,5458,20,5459
5460,5461,5462,5463,55,5464,5465,20,5466
5467,5468,5469,5470,5471,76,5472,5473,42,5474,5475
5476,5477,5478,17,5479,5480,9,5481,5482
5483,5484,5485,100,5486,5487,42,5488
5489,5490,5491,5492,85,5493,5494,9,5495
5496,5497,5498,5499,61,5500,5501,34,5502,5503
5504,5505,5506,85,5507,5508,20,5509
5510,5511,5512,48,5513,5514,20,5515
5516,5517,5518,131,5519,5520,42,5521
5522,5523,5524,5525,5526,44,5527,5528,74,5529
5530,5531,5532,5533,100,5534,5535,34,5536
5537,5538,5539,145,5540,5541,9,5542,5543,5544
5545,5546,5547,89,5548,5549,74,5550
5551,5552,5553,69,5554,5555,9,4523,5556,5557
5558,5559,5560,37,5561,5562,20,5563
5564,5565,5566,141,5567,5568,42,5569
5570,5571,5572,141,5573,5574,20,5575
5576,5577,5578,69,5579,5580,74,5581
5582,5583,5584,198,5585,5586,74,5587,5588
5589,5590,5591,100,5592,5593,42,5594
5595,5596,5597,82,5598,5599,9,5600,5601,5602
5603,5604,5605,17,5606,5607,20,5608
5609,5610,5611,55,5612,5613,34,5614,5615
5616,5617,5618,85,5619,5620,42,5621,5622
5623,5624,5625,6,5626,5627,9,5628
5629,5630,5631,5632,162,5633,5634,34,5635
5636,5637,5638,141,5639,5640,74,5641
5642,5643,5644,69,5645,5646,74,5647
5648,5649,5650,5651,37,5652,5653,20,5654,5655
5656,5657,5658,13,5659,5660,34,5661
5662,5663,5664,5665,5666,198,5667,5668,20,5669
5670,5671,5672,1,5673,5674,9,5675,5676
5677,5678,5679,6,5680,5681,74,5682
5683,5684,5685,37,5686,5687,20,5688
5689,5690,5691,5692,61,5693,5694,9,105,5695,5696
5697,5698,5699,65,5700,5701,9,5702
5703,5704,5705,89,5706,5707,9,5708
5709,5710,5711,100,5712,5713,9,5714
5715,5716,5717,5718,5719,5720,13,5721,5722,34,5723
5724,5725,5726,22,5727,5728,20,5729
5730,5731,5732,5733,89,5734,5735,20,5736
5737,5738,5739,69,5740,5741,9,5742,5743
5744,5745,5746,5747,48,5748,5749,74,5750
5751,5752,5753,100,5754,5755,74,5756
5757,5758,5759,141,5760,5761,74,5762
5763,5764,5765,5766,13,5767,5768,42,5769
5770,5771,5772,13,5773,5774,9,5775,5776
5777,5778,5779,48,5780,5781,42,5782
5783,5784,5785,5786,65,5787,5788,9,5789
5790,5791,5792,44,5793,5794,20,5795,5796
5797,5798,5799,198,5800,5801,20,5802
5803,5804,5805,22,5806,5807,74,5808
5809,5810,5811,5812,48,5813,5814,34,5815
5816,5817,5818,115,5819,5820,34,5821
5822,5823,5824,5825,6,5826,5827,74,5828
5829,5830,5831,13,5832,5833,42,5834
5835,5836,5837,105,61,5838,5839,74,5840
5841,5842,5843,29,5844,5845,74,5846
5847,5848,5849,13,5850,5851,42,5852
5853,5854,5855,22,5856,5857,74,5858,5859
5860,5861,5862,145,5863,5864,74,5865,5866
5867,5868,5869,37,5870,5871,42,5872
5873,5874,5875,89,5876,5877,20,5878,5879,105
5880,5881,5882,1,5883,5884,34,5885
5886,5887,5888,89,5889,5890,42,5891,5892
5893,5894,5895,17,5896,5897,74,5898
5899,5900,5901,5902,29,5903,5904,9,5905
5906,5907,5908,5909,82,5910,5911,74,5912
5913,5914,5915,69,5916,5917,74,5918
5919,5920,5921,17,5922,5923,9,5924,5925
5926,5927,5928,115,5929,5930,20,5931
5932,5933,5934,198,5935,5936,20,5937
5938,5939,5940,198,5941,5942,20,5943
5944,5945,5946,44,5947,5948,34,5949,5950
5951,5952,5953,5954,5955,22,5956,5957,20,5958
5959,5960,5961,13,5962,5963,74,5964,5965
5966,5967,5968,5969,5970,1,5971,5972,9,5973
5974,5975,5976,89,5977,5978,42,5979
5980,5981,5982,29,5983,5984,20,5985
5986,5987,5988,5989,52,5990,5991,74,5992,5993,5994
5995,5996,5997,37,5998,5999,9,6000
6001,6002,6003,22,6004,6005,9,6006
6007,6008,6009,44,6010,6011,42,6012
6013,6014,6015,76,6016,6017,42,6018
6019,6020,6021,89,6022,6023,20,6024
6025,6026,6027,162,6028,6029,34,6030,6031,6032
6033,6034,6035,69,6036,6037,9,6038
6039,6040,6041,6042,6043,17,6044,6045,9,6046
6047,6048,6049,100,6050,6051,74,6052
6053,6054,6055,100,6056,6057,74,6058
6059,6060,6061,37,6062,6063,34,6064,6065
6066,6067,6068,1,6069,198,6070,6071,20,6072
6073,6074,6075,85,6076,6077,34,6078
6079,6080,6081,6082,1,6083,6084,42,6085
6086,6087,6088,131,6089,6090,34,6091
6092,6093,6094,69,6095,6096,34,6097
6098,6099,6100,13,6101,6102,42,6103,6104,105
6105,6106,6107,61,6108,6109,42,6110
6111,6112,6113,52,6114,6115,9,6116
6117,6118,6119,82,6120,6121,42,6122,6123
6124,6125,6126,6,6127,6128,9,6129
6130,6131,6132,76,6133,6134,20,6135,6136
6137,6138,6139,115,6140,6141,20,6142
6143,6144,6145,6146,65,6147,6148,34,6149,854
6150,6151,6152,145,6153,6154,42,6155
6156,6157,6158,85,6159,6160,34,6161
6162,6163,6164,131,6165,6166,74,6167
6168,6169,6170,6171,6172,198,6173,6174,9,6175
6176,6177,6178,17,6179,6180,9,6181
6182,6183,6184,100,6185,6186,34,6187
6188,6189,6190,89,6191,6192,20,6193
6194,6195,6196,198,6197,6198,34,6199
6200,6201,6202,82,6203,6204,34,6205
6206,6207,6208,85,6209,6210,20,6211,6212
6213,6214,6215,89,6216,6217,9,6218
6219,6220,6221,131,6222,6223,74,6224
6225,6226,6227,6228,131,6229,6230,20,6231
6232,6233,6234,131,6235,6236,74,6237,6238
6239,6240,6241,55,6242,6243,42,6244,6245
6246,6247,6248,37,6249,6250,74,6251,6252
6253,6254,6255,6256,29,6257,6258,9,6259,6260,6261
6262,6263,6264,6,6265,6266,9,6267
6268,6269,6270,145,6271,6272,74,6273
6274,6275,6276,141,6277,6278,9,6279
6280,6281,6282,65,6283,6284,20,6285,6286
6287,6288,6289,13,6290,6291,20,6292,6293
6294,6295,6296,6,6297,6298,74,6299
6300,6301,6302,6303,198,6304,6305,74,6306
6307,6308,6309,162,6310,6311,20,6312
6313,6314,6315,141,6316,6317,9,6318
6319,6320,6321,6322,131,6323,6324,74,6325
6326,6327,6328,198,6329,6330,20,6331,6332,6333
6334,6335,6336,48,6337,6338,42,6339,6340
6341,6342,6343,6344,131,6345,6346,74,6347
6348,6349,6350,37,6351,6352,74,6353
6354,6355,6356,29,6357,6358,74,6359
6360,6361,6362,6363,6364,29,6365,6366,42,6367
6368,6369,6370,6371,89,6372,6373,34,6374
6375,6376,6377,29,6378,6379,9,6380
6381,6382,6383,6384,17,6385,6386,42,6387,6388
6389,6390,6391,89,6392,6393,74,6394
6395,6396,6397,6398,13,6399,6400,34,6401
6402,6403,6404,61,6405,6406,34,6407
6408,6409,6410,85,6411,6412,9,6413
6414,6415,6416,198,6417,6418,9,6419,6420
6421,6422,6423,61,6424,6425,9,6426
6427,6428,6429,100,6430,6431,34,6432
6433,6434,6435,1,6436,6437,20,6438
6439,6440,6441,29,6442,6443,34,6444
6445,6446,6447,198,6448,6449,74,6450,6451
6452,6453,6454,302,6455,48,6456,6457,42,6458,6459
6460,6461,6462,115,6463,6464,74,6465,6466
6467,6468,6469,131,6470,6471,9,6472,6473
6474,6475,6476,6477,13,6478,2047,74,6479
6480,6481,6482,6483,162,6484,6485,9,6486
6487,6488,6489,55,6490,6491,34,6492
6493,6494,6495,1,6496,6497,20,6498,6499
6500,6501,6502,6503,55,6504,6505,34,6506
6507,6508,6509,85,6510,6511,74,6512
6513,6514,6515,52,6516,6517,9,6518,6519
6520,6521,6522,82,6523,6524,20,6525
6526,6527,6528,6529,85,6530,6531,42,6532
6533,6534,6535,1,6536,6537,9,6538
6539,6540,6541,61,6542,6543,20,6544,6545
6546,6547,6548,22,6549,6550,74,6551,6552
6553,6554,6555,76,6556,6557,20,6558
6559,6560,6561,198,6562,6563,9,6564
6565,6566,6567,145,6568,6569,20,6570
6571,6572,6573,6574,37,6575,6576,34,6577,6578,6579
6580,6581,6582,6583,52,6584,6585,74,6586
6587,6588,6589,115,6590,6591,42,6592
6593,6594,6595,17,6596,6597,9,6598
6599,6600,6601,141,6602,6603,20,6604,6605
6606,6607,6608,65,6609,6610,74,6611
6612,6613,6614,6615,65,6616,6617,34,6618,6619
6620,6621,6622,115,6623,6624,9,6625
6626,6627,6628,141,6629,6630,9,6631,4738
6632,6633,6634,145,6635,6636,34,6637
6638,6639,6640,76,6641,6642,34,6643,6644
6645,6646,6647,145,6648,6649,20,6650
6651,6652,6653,6654,61,6655,6656,34,6657
6658,6659,6660,17,6661,6662,20,6663
6664,6665,6666,89,6667,6668,9,6669,6670,105
6671,6672,6673,69,6674,6675,34,6676
6677,6678,6679,6680,13,6681,6682,42,6683
6684,6685,6686,5,89,6687,6688,9,6689,6690
6691,6692,6693,37,6694,6695,20,6696
6697,6698,6699,37,6700,6701,9,6702
6703,6704,6705,29,6706,6707,20,6708
6709,6710,6711,6,6712,6713,9,6714
6715,6716,6717,6718,82,6719,6720,20,6721,6722
6723,6724,6725,76,6726,6727,42,6728
6729,6730,6731,82,6732,6733,20,6734
6735,6736,6737,115,6738,6739,34,6740
6741,6742,6743,6744,55,6745,6746,74,6747,6748,4663
6749,6750,6751,145,6752,6753,74,6754
6755,6756,6757,6758,22,6759,6760,34,6761
6762,6763,6764,44,6765,6766,34,6767
6768,6769,6770,6771,61,6772,6773,20,6774
6775,6776,6777,6778,65,6779,6780,20,6781,6782
6783,6784,6785,82,6786,6787,74,6788
6789,6790,6791,61,6792,6793,20,6794
6795,6796,6797,65,6798,6799,34,6800,6801
6802,6803,6804,13,6805,6806,9,6807,6808
6809,6810,6811,6812,76,6813,6814,20,6815,6816
6817,6818,6819,6820,6,6821,6822,9,6823
6824,6825,6826,61,6827,6828,42,6829
6830,6831,6832,6833,145,6834,6835,20,6836,6837
6838,6839,6840,55,6841,6842,74,6843
6844,6845,6846,61,6847,6848,9,6849
6850,6851,6852,6853,6854,37,6855,6856,42,6857,854
6858,6859,6860,6861,6862,76,6863,6864,20,6865
6866,6867,6868,61,6869,6870,9,6871
6872,6873,6874,85,6875,6876,9,6877
6878,6879,6880,65,6881,6882,20,6883
6884,6885,6886,76,6887,6888,74,6889
6890,6891,6892,82,6893,6894,9,6895
6896,6897,6898,82,6899,6900,34,6901
6902,6903,6904,37,6905,6906,74,6907
6908,6909,6910,52,6911,6912,42,6913
6914,6915,6916,198,6917,6918,9,6919
6920,6921,6922,48,6923,6924,42,6925
6926,6927,6928,76,6929,6930,9,6931
6932,6933,6934,6935,69,6936,6937,9,6938
6939,6940,6941,131,6942,6943,9,6944,6945
6946,6947,6948,69,6949,6950,34,6951
6952,6953,6954,82,6955,6956,74,6957
6958,6959,6960,6961,13,6962,6963,42,6964
6965,6966,6967,6968,17,6969,6970,9,6971
6972,6973,6974,115,6975,6976,34,6977
6978,6979,6980,145,6981,6982,42,6983
6984,6985,6986,52,6987,6988,42,6989
6990,6991,6992,37,6993,6994,42,6995
6996,6997,6998,6999,162,7000,7001,20,7002
7003,7004,7005,131,7006,7007,34,7008
7009,7010,7011,7012,85,7013,7014,42,7015,7016
7017,7018,7019,61,7020,7021,42,7022,7023,1762
7024,7025,7026,29,7027,7028,9,7029
7030,7031,7032,141,7033,7034,42,7035
7036,7037,7038,145,7039,7040,34,7041
7042,7043,7044,6,7045,7046,34,7047
7048,7049,7050,141,7051,7052,42,7053
7054,7055,7056,198,7057,7058,34,7059,7060
7061,7062,7063,7064,85,7065,7066,74,7067
7068,7069,7070,7071,55,7072,7073,20,7074,7075
7076,7077,7078,145,7079,7080,9,7081
7082,7083,7084,6,7085,7086,74,7087
7088,7089,7090,115,7091,7092,34,7093
7094,7095,7096,29,7097,7098,42,7099
7100,7101,7102,76,7103,7104,9,7105
7106,7107,7108,7109,7110,76,7111,7112,9,7113
7114,7115,7116,7117,145,7118,7119,9,7120
7121,7122,7123,76,7124,7125,20,7126,7127
7128,7129,7130,145,7131,7132,20,7133
7134,7135,7136,5257,131,7137,7138,34,7139,7140
7141,7142,7143,131,7144,7145,20,7146
7147,7148,7149,7150,89,7151,7152,34,7153
7154,7155,7156,89,7157,7158,34,7159
7160,7161,7162,37,7163,7164,9,7165,7166
7167,7168,7169,52,7170,7171,74,7172
7173,7174,7175,13,7176,7177,74,7178
7179,7180,7181,145,7182,7183,9,7184
7185,7186,7187,1186,61,7188,7189,74,7190
7191,7192,7193,145,7194,7195,34,7196
7197,7198,7199,7200,141,7201,7202,9,7203
7204,7205,7206,55,7207,7208,9,7209
7210,7211,7212,6,7213,7214,20,7215
7216,7217,7218,105,65,7219,7220,9,7221
7222,7223,105,7224,6,7225,7226,42,7227
7228,7229,7230,7231,162,7232,7233,42,7234
7235,7236,7237,13,7238,7239,34,7240,7241
7242,7243,7244,7245,69,7246,7247,34,7248,7249
7250,7251,7252,29,7253,7254,74,7255,7256
7257,7258,7259,44,7260,7261,34,7262
7263,7264,7265,141,7266,7267,74,7268
7269,7270,7271,1,7272,7273,20,7274
7275,7276,7277,302,7278,89,7279,7280,9,7281
7282,7283,7284,7285,22,7286,7287,34,7288
7289,7290,7291,162,7292,7293,42,7294,7295
7296,7297,7298,115,7299,7300,20,7301
7302,7303,105,7304,7305,61,7306,7307,20,7308
7309,7310,7311,7312,141,7313,7314,74,7315
7316,7317,7318,145,7319,7320,42,7321
7322,7323,7324,1,7325,7326,20,7327
7328,7329,7330,52,7331,7332,9,7333
7334,7335,7336,141,7337,7338,74,7339,7340
7341,7342,7343,7344,76,7345,7346,42,7347
7348,7349,7350,44,7351,7352,34,7353
7354,7355,7356,48,7357,7358,34,7359
7360,7361,7362,89,7363,7364,42,7365
7366,7367,7368,100,7369,7370,9,7371
7372,7373,7374,37,7375,7376,9,7377
7378,7379,7380,7381,100,7382,7383,20,7384,7385
7386,7387,7388,85,7389,7390,74,7391
7392,7393,7394,7395,82,7396,7397,42,7398
7399,7400,7401,48,7402,7403,20,7404
7405,7406,7407,13,7408,7409,20,7410
7411,7412,7413,7414,48,7415,7416,34,7417
7418,7419,7420,7421,198,7422,7423,9,7424,7425,7426
7427,7428,7429,115,7430,7431,34,7432
7433,7434,7435,105,1,7436,7437,9,7438
7439,7440,7441,22,7442,7443,34,7444
7445,7446,7447,61,7448,7449,20,7450
7451,7452,7453,76,7454,7455,20,7456
7457,7458,7459,7460,198,7461,7462,9,7463
7464,7465,7466,7467,61,7468,7469,42,7470
7471,7472,7473,141,7474,7475,42,7476
7477,7478,7479,48,7480,7481,34,7482
7483,7484,7485,141,7486,7487,20,7488,7489
7490,7491,7492,100,7493,7494,34,7495,7496
7497,7498,7499,69,7500,7501,42,7502
7503,7504,7505,7506,82,7507,7508,74,7509,7510
7511,7512,7513,7514,162,7515,7516,74,7517
7518,7519,7520,115,7521,7522,20,7523
7524,7525,7526,7527,141,7528,7529,9,7530,7531
7532,7533,7534,141,7535,7536,9,7537
7538,7539,7540,48,7541,7542,20,7543
7544,7545,7546,141,7547,7548,34,7549
7550,7551,7552,115,7553,7554,20,7555
7556,7557,7558,29,7559,7560,20,7561
7562,7563,7564,1,7565,7566,9,7567,7568
7569,7570,7571,7572,7573,13,7574,7575,42,7576
7577,7578,7579,7580,89,7581,7582,74,7583,7584
7585,7586,7587,6,7588,7589,42,7590
7591,7592,7593,131,7594,7595,20,7596,7597,7598
7599,7600,7601,22,7602,7603,34,7604
7605,7606,7607,145,7608,7609,34,7610
7611,7612,7613,52,7614,7615,9,7616
7617,7618,7619,89,7620,7621,42,7622,7623
7624,7625,7626,7627,22,7628,7629,42,7630,7631
7632,7633,7634,131,7635,7636,9,7637
7638,7639,7640,61,7641,7642,34,7643
7644,7645,7646,100,7647,7648,42,7649
7650,7651,7652,48,7653,7654,42,7655
7656,7657,7658,7659,76,7660,7661,34,7662
7663,7664,7665,13,7666,7667,42,7668
7669,7670,7671,7672,7673,162,7674,7675,20,1839,7676
7677,7678,7679,131,7680,7681,34,7682
7683,7684,7685,13,7686,7687,20,7688
7689,7690,7691,13,7692,7693,9,7694
7695,7696,7697,198,7698,7699,42,7700
7701,7702,7703,69,7704,7705,34,7706,7707,7708
7709,7710,7711,65,7712,7713,34,7714
7715,7716,7717,131,7718,7719,74,7720,7721
7722,7723,7724,65,7725,7726,74,7727
7728,7729,7730,29,7731,7732,34,7733
7734,7735,7736,61,7737,7738,42,7739
7740,7741,7742,61,7743,7744,42,7745
7746,7747,7748,7749,100,7750,7751,74,7752,7753
7754,7755,7756,55,7757,7758,74,7759
7760,7761,7762,7763,29,7764,7765,20,7766
7767,7768,7769,7770,29,7771,7772,74,7773
7774,7775,7776,76,7777,7778,9,7779
7780,7781,7782,7783,100,7784,7785,74,7786
7787,7788,7789,7790,69,7791,7792,42,7793
7794,7795,7796,131,7797,7798,20,7799,7800
7801,7802,7803,7804,17,7805,7806,9,7807,7808
7809,7810,7811,76,7812,7813,20,7814
7815,7816,7817,7818,44,7819,7820,20,7821
7822,7823,7824,7825,1,7826,7827,9,7828
7829,7830,7831,82,7832,7833,9,7834
7835,7836,7837,7838,100,7839,7840,9,7841
7842,7843,7844,7845,85,7846,7847,9,7848
7849,7850,7851,76,7852,7853,20,7854
7855,7856,7857,6,7858,7859,34,7860
7861,7862,7863,76,7864,7865,42,7866,7867
7868,7869,7870,6,7871,7872,34,7873
7874,7875,7876,7877,131,7878,7879,20,7880
7881,7882,7883,48,7884,7885,9,7886
7887,7888,7889,7890,61,7891,7892,20,7893
7894,7895,7896,145,7897,7898,74,7899
7900,7901,7902,29,7903,7904,74,1040,7905
7906,7907,7908,48,7909,7910,9,7911
7912,7913,7914,198,7915,7916,74,7917,7918
7919,7920,7921,55,7922,7923,20,7924
7925,7926,7927,115,7928,7929,20,7930
7931,7932,7933,141,7934,7935,42,7936
7937,7938,7939,7940,76,7941,7942,9,7943
7944,7945,7946,7947,198,7948,7949,9,7950
7951,7952,7953,115,7954,7955,34,7956
7957,7958,7959,7960,48,7961,7962,42,7963
7964,7965,7966,61,7967,7968,42,7969
7970,7971,7972,48,7973,7974,42,7975
7976,7977,7978,7979,22,7980,7981,20,7982
7983,7984,7985,37,7986,7987,9,7988
7989,7990,7991,7992,29,7993,7994,42,7995,7996
7997,7998,7999,115,8000,8001,20,8002
8003,8004,8005,55,8006,8007,42,8008
8009,8010,8011,141,8012,8013,42,8014
8015,8016,8017,52,8018,8019,42,8020
8021,8022,8023,29,8024,8025,9,8026
8027,8028,8029,115,8030,8031,34,8032
8033,8034,8035,22,8036,8037,20,8038
8039,8040,8041,8042,89,8043,8044,74,8045
8046,8047,8048,141,8049,8050,20,8051,8052
8053,8054,8055,29,8056,8057,74,8058
8059,8060,8061,55,8062,8063,74,8064
8065,8066,8067,141,8068,8069,74,8070,8071
8072,8073,8074,82,8075,8076,20,8077
8078,8079,105,8080,82,8081,8082,9,8083
8084,8085,8086,105,61,8087,8088,42,8089
8090,8091,8092,82,8093,8094,34,8095
8096,8097,8098,198,8099,8100,74,8101
8102,8103,8104,85,8105,8106,74,8107,8108
8109,8110,8111,8112,89,8113,8114,20,8115
8116,8117,8118,69,8119,8120,74,8121,8122
8123,8124,8125,8126,85,8127,8128,34,8129
8130,8131,8132,69,8133,8134,20,8135
8136,8137,8138,55,8139,8140,34,8141,8142
8143,8144,8145,6,8146,8147,34,8148
8149,8150,8151,8152,1,8153,8154,74,8155
8156,8157,8158,162,8159,8160,9,8161
8162,8163,8164,82,8165,8166,34,105,8167,8168
8169,8170,8171,8172,48,8173,8174,9,8175
8176,8177,8178,8179,8180,44,8181,8182,9,8183,8184
8185,8186,105,8187,105,48,8188,8189,74,8190
8191,8192,8193,29,8194,8195,74,8196,8197
8198,8199,8200,22,8201,8202,42,8203
8204,8205,8206,13,8207,8208,9,8209
8210,8211,5439,8212,100,8213,8214,34,8215,8216
8217,8218,8219,37,8220,8221,9,8222
8223,8224,8225,29,8226,8227,74,8228
8229,8230,8231,29,8232,8233,9,8234
8235,8236,8237,8238,198,8239,8240,34,8241
8242,8243,8244,61,8245,8246,20,8247
8248,8249,8250,52,8251,8252,9,8253,8254
8255,8256,8257,8258,69,8259,8260,20,8261,8262
8263,8264,8265,8266,162,8267,8268,34,8269
8270,8271,8272,105,89,8273,8274,34,8275
8276,8277,8278,1,8279,8280,9,8281
8282,8283,8284,55,8285,8286,42,8287
8288,8289,8290,100,8291,8292,74,8293
8294,8295,8296,8297,6,8298,8299,34,8300
8301,8302,8303,13,8304,8305,42,8306
8307,8308,8309,22,8310,8311,20,8312
8313,8314,8315,48,8316,8317,42,8318,174
8319,8320,8321,8322,13,8323,8324,34,8325,8326
8327,8328,8329,48,8330,8331,9,8332
8333,8334,8335,22,8336,8337,34,8338
8339,8340,8341,69,8342,8343,34,8344
8345,8346,8347,115,8348,8349,34,8350,8351
8352,8353,8354,162,8355,8356,34,8357
8358,8359,8360,22,8361,8362,34,8363
8364,8365,8366,162,8367,8368,9,8369
8370,8371,8372,162,8373,8374,9,8375,8376
8377,8378,8379,76,8380,8381,9,8382
8383,8384,8385,17,8386,8387,34,8388,8389
8390,8391,8392,100,8393,8394,42,8395
8396,8397,8398,145,8399,8400,74,8401
8402,8403,8404,89,8405,8406,20,8407
8408,8409,8410,162,8411,8412,20,8413
8414,8415,8416,8417,48,8418,8419,34,8420,6945
8421,8422,8423,115,8424,8425,20,8426
8427,8428,8429,100,8430,8431,9,8432
8433,8434,8435,37,8436,8437,42,8438,8439
8440,8441,8442,100,8443,8444,9,8445
8446,8447,8448,115,8449,8450,42,8451,8452
8453,8454,8455,82,8456,8457,20,8458
8459,8460,8461,8462,100,8463,8464,74,8465
8466,8467,8468,8469,8470,198,8471,8472,20,8473
8474,8475,8476,55,8477,8478,9,8479
8480,8481,8482,8483,131,8484,8485,42,8486
8487,8488,8489,89,8490,8491,34,8492
8493,8494,8495,6,8496,8497,34,8498
8499,8500,8501,22,8502,8503,42,8504
8505,8506,8507,162,8508,8509,34,8510
8511,8512,8513,162,8514,8515,34,8516
8517,8518,8519,8520,105,52,8521,8522,9,105,8523,8524
8525,8526,8527,145,8528,8529,9,8530
8531,8532,8533,89,8534,8535,42,8536,8537
8538,8539,8540,85,8541,8542,20,8543
8544,8545,8546,8547,162,8548,8549,9,8550,8551
8552,8553,8554,37,8555,8556,34,8557
8558,8559,8560,145,8561,8562,42,8563
8564,8565,8566,8567,6,8568,8569,20,8570,8571
8572,8573,8574,82,8575,8576,42,8577
8578,8579,8580,85,8581,8582,9,8583,8584
8585,8586,8587,8588,76,8589,8590,34,8591,8592
8593,8594,8595,8596,69,8597,8598,34,8599
8600,8601,8602,37,8603,8604,34,8605
8606,8607,8608,82,8609,8610,20,8611
8612,8613,8614,85,8615,8616,34,8617
8618,8619,8620,89,8621,8622,34,8623
8624,8625,8626,22,8627,8628,34,8629,8630,8631
8632,8633,8634,55,8635,8636,34,8637
8638,8639,8640,8641,76,8642,8643,20,8644
8645,8646,8647,8648,65,8649,8650,42,8651
8652,8653,8654,17,8655,8656,74,8657
8658,8659,8660,22,8661,8662,9,8663
8664,8665,8666,85,8667,8668,34,8669,8670
8671,8672,8673,1,8674,8675,42,8676
8677,8678,8679,76,8680,8681,20,8682,2955
8683,8684,8685,37,8686,8687,9,8688
8689,8690,8691,100,8692,8693,20,8694
8695,8696,8697,100,8698,8699,9,8700
8701,8702,8703,69,8704,8705,34,8706,854
8707,8708,8709,6,8710,8711,34,8712,8713
8714,8715,8716,76,8717,8718,74,8719
8720,8721,8722,17,8723,8724,74,8725
8726,8727,8728,105,85,8729,8730,42,8731
8732,8733,8734,52,8735,8736,20,8737,8738
8739,8740,8741,52,8742,8743,42,8744
8745,8746,8747,145,8748,8749,42,8750,8751
8752,8753,8754,89,8755,7548,34,8756
8757,8758,8759,76,8760,8761,20,8762,8763
8764,8765,8766,65,8767,8768,9,8769
8770,8771,8772,1,8773,8774,9,8775
8776,8777,8778,61,8779,8780,9,8781
8782,8783,8784,55,8785,8786,74,8787,8788
8789,8790,8791,13,8792,8793,20,8794
8795,8796,8797,37,8798,8799,9,8800,8801
8802,8803,8804,76,8805,8806,9,8807
8808,8809,8810,115,8811,8812,20,8813
8814,8815,8816,141,8817,8818,34,8819,8820,8821
8822,8823,8824,8825,48,8826,8827,9,8828
8829,8830,8831,29,8832,8833,34,8834
8835,8836,8837,145,8838,8839,42,8840
8841,8842,8843,55,8844,8845,34,8846,8847
8848,8849,8850,115,8851,8852,34,8853,8854
8855,8856,8857,55,8858,8859,20,8860
8861,8862,8863,37,8864,8865,20,8866,8867
8868,8869,8870,8871,69,8872,8873,9,8874,8875
8876,8877,8878,76,8879,8880,74,8881
8882,8883,8884,162,8885,8886,42,8887
8888,8889,8890,85,8891,8892,34,8893
8894,8895,8896,8897,55,8898,8899,20,8900
8901,8902,8903,8904,8905,22,8906,8907,20,8908,8909,854
8910,8911,8912,1,8913,8914,74,8915
8916,8917,8918,48,8919,8920,74,8921
8922,8923,8924,1,8925,8926,34,8927,8928
8929,8930,8931,17,8932,8933,34,8934
8935,8936,8937,48,8938,8939,20,8940
8941,8942,8943,37,8944,8945,42,8946
8947,8948,8949,8950,6,8951,8952,9,8953
8954,8955,8956,22,8957,8958,9,8959
8960,8961,8962,8963,82,8964,8965,74,8966,8967,8968
8969,8970,8971,131,8972,8973,34,8974
8975,8976,8977,8978,8979,17,8980,8981,42,8982
8983,8984,8985,52,8986,8987,34,8988,8989
8990,8991,8992,8993,17,8994,8995,42,8996,8997
8998,8999,9000,131,9001,9002,9,9003
9004,9005,9006,65,9007,9008,34,9009
9010,9011,9012,9013,48,9014,9015,42,9016
9017,9018,9019,141,9020,9021,42,9022
9023,9024,9025,6,9026,9027,9,9028
9029,9030,9031,76,9032,9033,20,9034
9035,9036,9037,302,9038,55,9039,9040,9,9041
9042,9043,9044,9045,52,9046,9047,9,9048
9049,9050,9051,9052,85,9053,9054,42,9055
9056,9057,9058,17,9059,9060,74,9061
9062,9063,9064,131,9065,9066,20,9067
9068,9069,9070,100,9071,9072,9,9073
9074,9075,9076,89,9077,9078,42,9079
9080,9081,9082,65,9083,9084,34,9085
9086,9087,9088,65,9089,9090,42,9091,5044
9092,9093,9094,44,9095,9096,34,9097
9098,9099,9100,9101,65,9102,9103,42,9104
9105,9106,9107,141,9108,9109,9,9110
9111,9112,9113,76,9114,9115,20,9116
9117,9118,9119,6,9120,9121,20,9122
9123,9124,9125,61,9126,9127,42,9128,9129
9130,9131,9132,22,9133,9134,9,9135
9136,9137,9138,82,9139,9140,9,9141
9142,9143,9144,131,9145,9146,9,9147
9148,9149,9150,17,9151,9152,74,9153
9154,9155,9156,9157,9158,131,9159,9160,74,9161
9162,9163,9164,9165,82,9166,9167,42,9168
9169,9170,9171,85,9172,9173,74,9174
9175,9176,9177,141,9178,9179,42,9180,7426
9181,9182,9183,9184,162,9185,9186,74,9187
9188,9189,9190,22,9191,9192,34,9193,9194
9195,9196,9197,85,9198,9199,34,9200
9201,9202,9203,22,9204,9205,9,9206
9207,9208,9209,61,9210,9211,20,9212,9213
9214,9215,9216,9217,61,9218,9219,42,9220,9221
9222,9223,9224,9225,198,9226,9227,20,9228
9229,9230,9231,198,9232,9233,9,9234
9235,9236,9237,69,9238,9239,9,9240
9241,9242,9243,44,9244,9245,20,9246,9247
9248,9249,105,9250,9251,89,9252,9253,42,9254
9255,9256,9257,9258,89,9259,9260,34,9261
9262,9263,9264,115,9265,9266,9,9267,9268
9269,9270,9271,9272,37,9273,9274,42,9275
9276,9277,9278,100,9279,9280,9,9281,9282
9283,9284,9285,9286,105,82,9287,9288,42,9289,9290
9291,9292,9293,82,9294,9295,34,9296
9297,9298,9299,141,9300,9301,42,1512,9302
9303,9304,9305,145,9306,9307,20,9308
9309,9310,9311,76,9312,9313,9,9314,9315,9316
9317,9318,9319,9320,6,9321,9322,20,9323
9324,9325,9326,48,9327,9328,9,9329
9330,9331,9332,9333,9334,145,9335,9336,9,9337
9338,9339,9340,9341,52,9342,9343,34,9344
9345,9346,9347,1,9348,9349,74,9350
9351,9352,9353,65,9354,9355,20,9356,9357
9358,9359,9360,29,9361,9362,74,9363
9364,9365,9366,69,9367,9368,20,9369
9370,9371,9372,89,9373,9374,34,9375
9376,9377,9378,65,9379,9380,34,9381
9382,9383,9384,9385,145,9386,9387,74,9388,9389
9390,9391,9392,141,9393,9394,74,9395
9396,9397,9398,1,9399,9400,74,9401,9402
9403,9404,9405,9406,9407,6,9408,9409,42,9410,6945
9411,9412,9413,82,9414,9415,20,9416,9417
9418,9419,9420,9421,6,9422,9423,74,9424
9425,9426,9427,22,9428,9429,20,9430
9431,9432,9433,198,9434,9435,9,9436,9437
9438,9439,9440,17,9441,9442,20,9443
9444,9445,105,9446,145,9447,9448,34,9449
9450,9451,9452,105,65,9453,9454,9,9455
9456,9457,9458,55,9459,9460,34,9461
9462,9463,9464,48,9465,9466,20,9467,9468,105
9469,9470,9471,105,76,9472,9473,34,9474
9475,9476,9477,65,9478,9479,9,9480
9481,9482,9483,65,9484,9485,74,9486
9487,9488,9489,145,9490,9491,20,9492
9493,9494,9495,52,9496,9497,9,9498,9499,9500
9501,9502,9503,9504,85,9505,9506,9,9507
9508,9509,9510,115,9511,9512,34,9513
9514,9515,9516,76,9517,9518,42,9519
9520,9521,9522,52,9523,9524,42,9525
9526,9527,9528,145,9529,9530,42,9531
9532,9533,9534,9535,85,9536,9537,9,9538
9539,9540,9541,9542,65,9543,9544,9,9545,9546
9547,9548,9549,162,9550,9551,20,9552
9553,9554,9555,5257,141,9556,9557,9,9558
9559,9560,9561,22,9562,9563,34,9564
9565,9566,9567,9568,13,9569,9570,74,9571
9572,9573,9574,9575,52,9576,9577,74,9578
9579,9580,9581,198,9582,9583,9,9584
9585,9586,9587,9588,162,9589,9590,74,9591
9592,9593,9594,22,9595,9596,34,9597
9598,9599,9600,17,9601,9602,20,9603,9604
9605,9606,9607,85,9608,9609,9,9610,9611
9612,9613,9614,22,9615,9616,20,9617
9618,9619,9620,82,9621,9622,20,9623
9624,9625,9626,48,9627,9628,9,9629
9630,9631,9632,22,9633,9634,20,7799,9635
9636,9637,9638,9639,65,9640,9641,74,9642
9643,9644,9645,52,9646,9647,34,9648
9649,9650,9651,9652,100,9653,9654,20,9655
9656,9657,9658,61,9659,9660,74,9661,9662,9663
9664,9665,9666,65,9667,9668,74,9669
9670,9671,9672,9673,162,9674,9675,74,9676,9677
9678,9679,9680,89,9681,9682,9,9683
9684,9685,9686,9687,52,9688,9689,74,9690,9691
9692,9693,9694,65,9695,9696,42,9697
9698,9699,9700,9701,9702,37,9703,9704,20,9705
9706,9707,9708,37,9709,9710,34,9711
9712,9713,9714,198,9715,9716,34,9717
9718,9719,9720,115,9721,9722,42,9723
9724,9725,9726,198,9727,9728,9,9729,9730
9731,9732,9733,105,115,9734,9735,9,9736
9737,9738,9739,44,9740,9741,34,9742
9743,9744,9745,52,9746,9747,20,9748
9749,9750,9751,9752,9753,115,9754,9755,9,9756
9757,9758,9759,9760,52,9761,9762,42,9763
9764,9765,9766,89,9767,9768,20,9769,9770
9771,9772,9773,131,9774,9775,74,9776
9777,9778,9779,52,9780,9781,9,9782
9783,9784,9785,55,9786,9787,74,9788
9789,9790,9791,162,9792,9793,9,9794
9795,9796,9797,162,9798,9799,9,9800
9801,9802,9803,65,9804,9805,74,9806,9807
9808,9809,9810,29,9811,9812,42,9813
9814,9815,9816,69,9817,9818,34,9819
9820,9821,9822,48,9823,9824,34,9825
9826,9827,9828,29,9829,9830,42,9831,9832
9833,9834,9835,1,9836,9837,42,9838
9839,9840,9841,162,9842,9843,34,9844
9845,9846,9847,82,9848,9849,34,9850
9851,9852,9853,9854,76,9855,9856,74,9857,9858
9859,9860,9861,22,9862,9863,20,9864
9865,9866,9867,9868,100,9869,9870,20,9871
9872,9873,9874,9875,131,9876,9877,20,9878
9879,9880,2245,9881,22,9882,9883,20,9884
9885,9886,9887,37,9888,9889,34,9890
