PS_PARTKEY,PS_SUPPKEY
1,2
1,8
1,12
1,17
2,23
2,29
2,33
2,37
23,42
23,46
23,51
23,55
42,61
42,65
42,69
42,74
61,78
61,82
61,86
61,91
78,95
78,100
78,104
78,108
95,112
95,116
95,120
95,124
112,129
112,134
112,139
112,143
129,147
129,151
129,155
129,160
147,164
147,169
147,173
147,178
164,182
164,186
164,190
164,195
182,200
182,204
182,208
182,213
200,217
200,221
200,225
200,230
217,234
217,239
217,243
217,247
234,251
234,255
234,258
234,262
251,266
251,270
251,274
251,278
266,282
266,286
266,290
266,294
282,298
282,303
282,307
282,311
298,315
298,320
298,324
298,329
315,335
315,341
315,348
315,352
335,356
335,360
335,366
335,370
356,375
356,380
356,384
356,388
375,393
375,399
375,403
375,408
393,412
393,416
393,421
393,426
412,430
412,434
412,439
412,1
430,8
430,12
430,17
430,2
8,29
8,33
8,37
8,23
29,46
29,51
29,55
29,42
46,65
46,69
46,74
46,61
65,82
65,86
65,91
65,78
82,100
82,104
82,108
82,95
100,116
100,120
100,124
100,112
116,134
116,139
116,143
116,129
134,151
134,155
134,160
134,147
151,169
151,173
151,178
151,164
169,186
169,190
169,195
169,182
186,204
186,208
186,213
186,200
204,221
204,225
204,230
204,217
221,239
221,243
221,247
221,234
239,255
239,258
239,262
239,251
255,270
255,274
255,278
255,266
270,286
270,290
270,294
270,282
286,303
286,307
286,311
286,298
303,320
303,324
303,329
303,315
320,341
320,348
320,352
320,335
341,360
341,366
341,370
341,356
360,380
360,384
360,388
360,375
380,399
380,403
380,408
380,393
399,416
399,421
399,426
399,412
416,434
416,439
416,1
416,430
434,12
434,17
434,2
434,8
12,33
12,37
12,23
12,29
33,51
33,55
33,42
33,46
51,69
51,74
51,61
51,65
69,86
69,91
69,78
69,82
86,104
86,108
86,95
86,100
104,120
104,124
104,112
104,116
120,139
120,143
120,129
120,134
139,155
139,160
139,147
139,151
155,173
155,178
155,164
155,169
173,190
173,195
173,182
173,186
190,208
190,213
190,200
190,204
208,225
208,230
208,217
208,221
225,243
225,247
225,234
225,239
243,258
243,262
243,251
243,255
258,274
258,278
258,266
258,270
274,290
274,294
274,282
274,286
290,307
290,311
290,298
290,303
307,324
307,329
307,315
307,320
324,348
324,352
324,335
324,341
348,366
348,370
348,356
348,360
366,384
366,388
366,375
366,380
384,403
384,408
384,393
384,399
403,421
403,426
403,412
403,416
421,439
421,1
421,430
421,434
439,17
439,2
439,8
439,12
17,37
17,23
17,29
17,33
37,55
37,42
37,46
37,51
55,74
55,61
55,65
55,69
74,91
74,78
74,82
74,86
91,108
91,95
91,100
91,104
108,124
108,112
108,116
108,120
124,143
124,129
124,134
124,139
143,160
143,147
143,151
143,155
160,178
160,164
160,169
160,173
178,195
178,182
178,186
178,190
195,213
195,200
195,204
195,208
213,230
213,217
213,221
213,225
230,247
230,234
230,239
230,243
247,262
247,251
247,255
247,258
262,278
262,266
262,270
262,274
278,294
278,282
278,286
278,290
294,311
294,298
294,303
294,307
311,329
311,315
311,320
311,324
329,352
329,335
329,341
329,348
352,370
352,356
352,360
352,366
370,388
370,375
370,380
370,384
388,408
388,393
388,399
388,403
408,426
408,412
408,416
408,421
426,1
426,430
426,434
426,439
1457,2
1457,29
1457,51
1457,74
1470,23
1470,46
1470,69
1470,91
1487,42
1487,65
1487,86
1487,108
1504,61
1504,82
1504,104
1504,124
1518,78
1518,100
1518,120
1518,143
1532,95
1532,116
1532,139
1532,160
1546,112
1546,134
1546,155
1546,178
1563,129
1563,151
1563,173
1563,195
1576,147
1576,169
1576,190
1576,213
1590,164
1590,186
1590,208
1590,230
1606,182
1606,204
1606,225
1606,247
1619,200
1619,221
1619,243
1619,262
1634,217
1634,239
1634,258
1634,278
1647,234
1647,255
1647,274
1647,294
1660,251
1660,270
1660,290
1660,311
1674,266
1674,286
1674,307
1674,329
1688,282
1688,303
1688,324
1688,352
1252,298
1252,320
1252,348
1252,370
1717,315
1717,341
1717,366
1717,388
1731,335
1731,360
1731,384
1731,408
1745,356
1745,380
1745,403
1745,426
1758,375
1758,399
1758,421
1758,1
1772,393
1772,416
1772,439
1772,2
1787,412
1787,434
1787,17
1787,23
1803,430
1803,12
1803,37
1803,42
1818,8
1818,33
1818,55
1818,61
1833,29
1833,51
1833,74
1833,78
1847,46
1847,69
1847,91
1847,95
1864,65
1864,86
1864,108
1864,112
1879,82
1879,104
1879,124
1879,129
1894,100
1894,120
1894,143
1894,147
1907,116
1907,139
1907,160
1907,164
1921,134
1921,155
1921,178
1921,182
1937,151
1937,173
1937,195
1937,200
1952,169
1952,190
1952,213
1952,217
1970,186
1970,208
1970,230
1970,234
524,204
524,225
524,247
524,251
793,221
793,243
793,262
793,266
1428,239
1428,258
1428,278
1428,282
2026,255
2026,274
2026,294
2026,298
2040,270
2040,290
2040,311
2040,315
2052,286
2052,307
2052,329
2052,335
2065,303
2065,324
2065,352
2065,356
2079,320
2079,348
2079,370
2079,375
2094,341
2094,366
2094,388
2094,393
2107,360
2107,384
2107,408
2107,412
2120,380
2120,403
2120,426
2120,430
912,399
912,421
912,1
912,8
2146,416
2146,439
2146,2
2146,29
2164,434
2164,17
2164,23
2164,46
2178,12
2178,37
2178,42
2178,65
2193,33
2193,55
2193,61
2193,82
2208,51
2208,74
2208,78
2208,100
2223,69
2223,91
2223,95
2223,116
2239,86
2239,108
2239,112
2239,134
2253,104
2253,124
2253,129
2253,151
2268,120
2268,143
2268,147
2268,169
2285,139
2285,160
2285,164
2285,186
2301,155
2301,178
2301,182
2301,204
2316,173
2316,195
2316,200
2316,221
2329,190
2329,213
2329,217
2329,239
2343,208
2343,230
2343,234
2343,255
2358,225
2358,247
2358,251
2358,270
175,243
175,262
175,266
175,286
2387,258
2387,278
2387,282
2387,303
2399,274
2399,294
2399,298
2399,320
2413,290
2413,311
2413,315
2413,341
2429,307
2429,329
2429,335
2429,360
2444,324
2444,352
2444,356
2444,380
2457,348
2457,370
2457,375
2457,399
2470,366
2470,388
2470,393
2470,416
2484,384
2484,408
2484,412
2484,434
2498,403
2498,426
2498,430
2498,12
583,421
583,1
583,8
583,33
2527,439
2527,2
2527,29
2527,51
2540,17
2540,23
2540,46
2540,69
2554,37
2554,42
2554,65
2554,86
2573,55
2573,61
2573,82
2573,104
2586,74
2586,78
2586,100
2586,120
2602,91
2602,95
2602,116
2602,139
2619,108
2619,112
2619,134
2619,155
2634,124
2634,129
2634,151
2634,173
2648,143
2648,147
2648,169
2648,190
2663,160
2663,164
2663,186
2663,208
2675,178
2675,182
2675,204
2675,225
2691,195
2691,200
2691,221
2691,243
2705,213
2705,217
2705,239
2705,258
2720,230
2720,234
2720,255
2720,274
2733,247
2733,251
2733,270
2733,290
2750,262
2750,266
2750,286
2750,307
2766,278
2766,282
2766,303
2766,324
2778,294
2778,298
2778,320
2778,348
2794,311
2794,315
2794,341
2794,366
2807,329
2807,335
2807,360
2807,384
2821,352
2821,356
2821,380
2821,403
2833,370
2833,375
2833,399
2833,421
2845,388
2845,393
2845,416
2845,439
2860,408
2860,412
2860,434
2860,17
2874,426
2874,430
2874,12
2874,37
666,1
666,8
666,33
666,55
2901,2
2901,46
2901,86
2901,124
2916,23
2916,65
2916,104
2916,143
2930,42
2930,82
2930,120
2930,160
2945,61
2945,100
2945,139
2945,178
2959,78
2959,116
2959,155
2959,195
2973,95
2973,134
2973,173
2973,213
2986,112
2986,151
2986,190
2986,230
1238,129
1238,169
1238,208
1238,247
3011,147
3011,186
3011,225
3011,262
3025,164
3025,204
3025,243
3025,278
3039,182
3039,221
3039,258
3039,294
3053,200
3053,239
3053,274
3053,311
3067,217
3067,255
3067,290
3067,329
3082,234
3082,270
3082,307
3082,352
2627,251
2627,286
2627,324
2627,370
3110,266
3110,303
3110,348
3110,388
3124,282
3124,320
3124,366
3124,408
3137,298
3137,341
3137,384
3137,426
3151,315
3151,360
3151,403
3151,1
3164,335
3164,380
3164,421
3164,2
3179,356
3179,399
3179,439
3179,23
3197,375
3197,416
3197,17
3197,42
3212,393
3212,434
3212,37
3212,61
3226,412
3226,12
3226,55
3226,78
3240,430
3240,33
3240,74
3240,95
3254,8
3254,51
3254,91
3254,112
3269,29
3269,69
3269,108
3269,129
3283,46
3283,86
3283,124
3283,147
3297,65
3297,104
3297,143
3297,164
3312,82
3312,120
3312,160
3312,182
3327,100
3327,139
3327,178
3327,200
3340,116
3340,155
3340,195
3340,217
3352,134
3352,173
3352,213
3352,234
3365,151
3365,190
3365,230
3365,251
3286,169
3286,208
3286,247
3286,266
3390,186
3390,225
3390,262
3390,282
3406,204
3406,243
3406,278
3406,298
3419,221
3419,258
3419,294
3419,315
3433,239
3433,274
3433,311
3433,335
3448,255
3448,290
3448,329
3448,356
852,270
852,307
852,352
852,375
3474,286
3474,324
3474,370
3474,393
3489,303
3489,348
3489,388
3489,412
3501,320
3501,366
3501,408
3501,430
3516,341
3516,384
3516,426
3516,8
3529,360
3529,403
3529,1
3529,29
3542,380
3542,421
3542,2
3542,46
3555,399
3555,439
3555,23
3555,65
3570,416
3570,17
3570,42
3570,82
3586,434
3586,37
3586,61
3586,100
3600,12
3600,55
3600,78
3600,116
3615,33
3615,74
3615,95
3615,134
2183,51
2183,91
2183,112
2183,151
3642,69
3642,108
3642,129
3642,169
3655,86
3655,124
3655,147
3655,186
3669,104
3669,143
3669,164
3669,204
3513,120
3513,160
3513,182
3513,221
3696,139
3696,178
3696,200
3696,239
3219,155
3219,195
3219,217
3219,255
3722,173
3722,213
3722,234
3722,270
3737,190
3737,230
3737,251
3737,286
3754,208
3754,247
3754,266
3754,303
3767,225
3767,262
3767,282
3767,320
3783,243
3783,278
3783,298
3783,341
3797,258
3797,294
3797,315
3797,360
3812,274
3812,311
3812,335
3812,380
3826,290
3826,329
3826,356
3826,399
3840,307
3840,352
3840,375
3840,416
1522,324
1522,370
1522,393
1522,434
3866,348
3866,388
3866,412
3866,12
3882,366
3882,408
3882,430
3882,33
3896,384
3896,426
3896,8
3896,51
3910,403
3910,1
3910,29
3910,69
3922,421
3922,2
3922,46
3922,86
3934,439
3934,23
3934,65
3934,104
1302,17
1302,42
1302,82
1302,120
3960,37
3960,61
3960,100
3960,139
3973,55
3973,78
3973,116
3973,155
3987,74
3987,95
3987,134
3987,173
4003,91
4003,112
4003,151
4003,190
4020,108
4020,129
4020,169
4020,208
4032,124
4032,147
4032,186
4032,225
4045,143
4045,164
4045,204
4045,243
4058,160
4058,182
4058,221
4058,258
4070,178
4070,200
4070,239
4070,274
4088,195
4088,217
4088,255
4088,290
4102,213
4102,234
4102,270
4102,307
4116,230
4116,251
4116,286
4116,324
4130,247
4130,266
4130,303
4130,348
3100,262
3100,282
3100,320
3100,366
4155,278
4155,298
4155,341
4155,384
4170,294
4170,315
4170,360
4170,403
4182,311
4182,335
4182,380
4182,421
4196,329
4196,356
4196,399
4196,439
4208,352
4208,375
4208,416
4208,17
998,370
998,393
998,434
998,37
4237,388
4237,412
4237,12
4237,55
4248,408
4248,430
4248,33
4248,74
4264,426
4264,8
4264,51
4264,91
4279,1
4279,29
4279,69
4279,108
4296,2
4296,65
4296,120
4296,178
481,23
481,82
481,139
481,195
4328,42
4328,100
4328,155
4328,213
2034,61
2034,116
2034,173
2034,230
4357,78
4357,134
4357,190
4357,247
4372,95
4372,151
4372,208
4372,262
4384,112
4384,169
4384,225
4384,278
4399,129
4399,186
4399,243
4399,294
2401,147
2401,204
2401,258
2401,311
4424,164
4424,221
4424,274
4424,329
4439,182
4439,239
4439,290
4439,352
4452,200
4452,255
4452,307
4452,370
4465,217
4465,270
4465,324
4465,388
4482,234
4482,286
4482,348
4482,408
2344,251
2344,303
2344,366
2344,426
4512,266
4512,320
4512,384
4512,1
4525,282
4525,341
4525,403
4525,2
4538,298
4538,360
4538,421
4538,23
2827,315
2827,380
2827,439
2827,42
4567,335
4567,399
4567,17
4567,61
4581,356
4581,416
4581,37
4581,78
4595,375
4595,434
4595,55
4595,95
4611,393
4611,12
4611,74
4611,112
4627,412
4627,33
4627,91
4627,129
4639,430
4639,51
4639,108
4639,147
4653,8
4653,69
4653,124
4653,164
4667,29
4667,86
4667,143
4667,182
4682,46
4682,104
4682,160
4682,200
4695,65
4695,120
4695,178
4695,217
4707,82
4707,139
4707,195
4707,234
2897,100
2897,155
2897,213
2897,251
4527,116
4527,173
4527,230
4527,266
2658,134
2658,190
2658,247
2658,282
4757,151
4757,208
4757,262
4757,298
4771,169
4771,225
4771,278
4771,315
4786,186
4786,243
4786,294
4786,335
4802,204
4802,258
4802,311
4802,356
4814,221
4814,274
4814,329
4814,375
4830,239
4830,290
4830,352
4830,393
4843,255
4843,307
4843,370
4843,412
4856,270
4856,324
4856,388
4856,430
4871,286
4871,348
4871,408
4871,8
4885,303
4885,366
4885,426
4885,29
4898,320
4898,384
4898,1
4898,46
4913,341
4913,403
4913,2
4913,65
4687,360
4687,421
4687,23
4687,82
2430,380
2430,439
2430,42
2430,100
4956,399
4956,17
4956,61
4956,116
4969,416
4969,37
4969,78
4969,134
4983,434
4983,55
4983,95
4983,151
4998,12
4998,74
4998,112
4998,169
5012,33
5012,91
5012,129
5012,186
5026,51
5026,108
5026,147
5026,204
5040,69
5040,124
5040,164
5040,221
5054,86
5054,143
5054,182
5054,239
5070,104
5070,160
5070,200
5070,255
5084,120
5084,178
5084,217
5084,270
5096,139
5096,195
5096,234
5096,286
5110,155
5110,213
5110,251
5110,303
5124,173
5124,230
5124,266
5124,320
5137,190
5137,247
5137,282
5137,341
5151,208
5151,262
5151,298
5151,360
5164,225
5164,278
5164,315
5164,380
5181,243
5181,294
5181,335
5181,399
2646,258
2646,311
2646,356
2646,416
5204,274
5204,329
5204,375
5204,434
371,290
371,352
371,393
371,12
5232,307
5232,370
5232,412
5232,33
5244,324
5244,388
5244,430
5244,51
5255,348
5255,408
5255,8
5255,69
5270,366
5270,426
5270,29
5270,86
5285,384
5285,1
5285,46
5285,104
5297,403
5297,2
5297,65
5297,120
5312,421
5312,23
5312,82
5312,139
5324,439
5324,42
5324,100
5324,155
5338,17
5338,61
5338,116
5338,173
2812,37
2812,78
2812,134
2812,190
5365,55
5365,95
5365,151
5365,208
5377,74
5377,112
5377,169
5377,225
4156,91
4156,129
4156,186
4156,243
5404,108
5404,147
5404,204
5404,258
5419,124
5419,164
5419,221
5419,274
5432,143
5432,182
5432,239
5432,290
5444,160
5444,200
5444,255
5444,307
2800,178
2800,217
2800,270
2800,324
5470,195
5470,234
5470,286
5470,348
5481,213
5481,251
5481,303
5481,366
5495,230
5495,266
5495,320
5495,384
5510,247
5510,282
5510,341
5510,403
5525,262
5525,298
5525,360
5525,421
2179,278
2179,315
2179,380
2179,439
5552,294
5552,335
5552,399
5552,17
5565,311
5565,356
5565,416
5565,37
3479,329
3479,375
3479,434
3479,55
1293,352
1293,393
1293,12
1293,74
135,370
135,412
135,33
135,91
5619,388
5619,430
5619,51
5619,108
5633,408
5633,8
5633,69
5633,124
5648,426
5648,29
5648,86
5648,143
5663,1
5663,46
5663,104
5663,160
5676,2
5676,82
5676,155
5676,230
5689,23
5689,100
5689,173
5689,247
5700,42
5700,116
5700,190
5700,262
1926,61
1926,134
1926,208
1926,278
5727,78
5727,151
5727,225
5727,294
5739,95
5739,169
5739,243
5739,311
5754,112
5754,186
5754,258
5754,329
5764,129
5764,204
5764,274
5764,352
5777,147
5777,221
5777,290
5777,370
5792,164
5792,239
5792,307
5792,388
5807,182
5807,255
5807,324
5807,408
5821,200
5821,270
5821,348
5821,426
5835,217
5835,286
5835,366
5835,1
5847,234
5847,303
5847,384
5847,2
5859,251
5859,320
5859,403
5859,23
5871,266
5871,341
5871,421
5871,42
5885,282
5885,360
5885,439
5885,61
5899,298
5899,380
5899,17
5899,78
5912,315
5912,399
5912,37
5912,95
5928,335
5928,416
5928,55
5928,112
5946,356
5946,434
5946,74
5946,129
5960,375
5960,12
5960,91
5960,147
5975,393
5975,33
5975,108
5975,164
5989,412
5989,51
5989,124
5989,182
2977,430
2977,69
2977,143
2977,200
6017,8
6017,86
6017,160
6017,217
6031,29
6031,104
6031,178
6031,234
6044,46
6044,120
6044,195
6044,251
1500,65
1500,139
1500,213
1500,266
6072,82
6072,155
6072,230
6072,282
6087,100
6087,173
6087,247
6087,298
6099,116
6099,190
6099,262
6099,315
6115,134
6115,208
6115,278
6115,335
6129,151
6129,225
6129,294
6129,356
6141,169
6141,243
6141,311
6141,375
6156,186
6156,258
6156,329
6156,393
6171,204
6171,274
6171,352
6171,412
6184,221
6184,290
6184,370
6184,430
6197,239
6197,307
6197,388
6197,8
6210,255
6210,324
6210,408
6210,29
6224,270
6224,348
6224,426
6224,46
5165,286
5165,366
5165,1
5165,65
6250,303
6250,384
6250,2
6250,82
3359,320
3359,403
3359,23
3359,100
6278,341
6278,421
6278,42
6278,116
6293,360
6293,439
6293,61
6293,134
6308,380
6308,17
6308,78
6308,151
6321,399
6321,37
6321,95
6321,169
6335,416
6335,55
6335,112
6335,186
6348,434
6348,74
6348,129
6348,204
6362,12
6362,91
6362,147
6362,221
6378,33
6378,108
6378,164
6378,239
6391,51
6391,124
6391,182
6391,255
6405,69
6405,143
6405,200
6405,270
6419,86
6419,160
6419,217
6419,286
6432,104
6432,178
6432,234
6432,303
6446,120
6446,195
6446,251
6446,320
2763,139
2763,213
2763,266
2763,341
3918,155
3918,230
3918,282
3918,360
6483,173
6483,247
6483,298
6483,380
6496,190
6496,262
6496,315
6496,399
6509,208
6509,278
6509,335
6509,416
6523,225
6523,294
6523,356
6523,434
4654,243
4654,311
4654,375
4654,12
1167,258
1167,329
1167,393
1167,33
6560,274
6560,352
6560,412
6560,51
531,290
531,370
531,430
531,69
6586,307
6586,388
6586,8
6586,86
6598,324
6598,408
6598,29
6598,104
6611,348
6611,426
6611,46
6611,120
6624,366
6624,1
6624,65
6624,139
6639,384
6639,2
6639,82
6639,155
5256,403
5256,23
5256,100
5256,173
6662,421
6662,42
6662,116
6662,190
6675,439
6675,61
6675,134
6675,208
6689,17
6689,78
6689,151
6689,225
6703,37
6703,95
6703,169
6703,243
4952,55
4952,112
4952,186
4952,258
6733,74
6733,129
6733,204
6733,274
6746,91
6746,147
6746,221
6746,290
6762,108
6762,164
6762,239
6762,307
6779,124
6779,182
6779,255
6779,324
1338,143
1338,200
1338,270
1338,348
4052,160
4052,217
4052,286
4052,366
6817,178
6817,234
6817,303
6817,384
686,195
686,251
686,320
686,403
6842,213
6842,266
6842,341
6842,421
6860,230
6860,282
6860,360
6860,439
6873,247
6873,298
6873,380
6873,17
6890,262
6890,315
6890,399
6890,37
3155,278
3155,335
3155,416
3155,55
6917,294
6917,356
6917,434
6917,74
6929,311
6929,375
6929,12
6929,91
2084,329
2084,393
2084,33
2084,108
6953,352
6953,412
6953,51
6953,124
6967,370
6967,430
6967,69
6967,143
6981,388
6981,8
6981,86
6981,160
6994,408
6994,29
6994,104
6994,178
7007,426
7007,46
7007,120
7007,195
7020,1
7020,65
7020,139
7020,213
7033,2
7033,100
7033,190
7033,278
7049,23
7049,116
7049,208
7049,294
7061,42
7061,134
7061,225
7061,311
7074,61
7074,151
7074,243
7074,329
7089,78
7089,169
7089,258
7089,352
7100,95
7100,186
7100,274
7100,370
7116,112
7116,204
7116,290
7116,388
1059,129
1059,221
1059,307
1059,408
7145,147
7145,239
7145,324
7145,426
7158,164
7158,255
7158,348
7158,1
4645,182
4645,270
4645,366
4645,2
7181,200
7181,286
7181,384
7181,23
7194,217
7194,303
7194,403
7194,42
7208,234
7208,320
7208,421
7208,61
7221,251
7221,341
7221,439
7221,78
7234,266
7234,360
7234,17
7234,95
4035,282
4035,380
4035,37
4035,112
7258,298
7258,399
7258,55
7258,129
7274,315
7274,416
7274,74
7274,147
7288,335
7288,434
7288,91
7288,164
4719,356
4719,12
4719,108
4719,182
1641,375
1641,33
1641,124
1641,200
7326,393
7326,51
7326,143
7326,217
1577,412
1577,69
1577,160
1577,234
7356,430
7356,86
7356,178
7356,251
7371,8
7371,104
7371,195
7371,266
7384,29
7384,120
7384,213
7384,282
7400,46
7400,139
7400,230
7400,298
7415,65
7415,155
7415,247
7415,315
7429,82
7429,173
7429,262
7429,335
7444,100
7444,190
7444,278
7444,356
3844,116
3844,208
3844,294
3844,375
7475,134
7475,225
7475,311
7475,393
7489,151
7489,243
7489,329
7489,412
504,169
504,258
504,352
504,430
836,186
836,274
836,370
836,8
7525,204
7525,290
7525,388
7525,29
7539,221
7539,307
7539,408
7539,46
4863,239
4863,324
4863,426
4863,65
7563,255
7563,348
7563,1
7563,82
7576,270
7576,366
7576,2
7576,100
7592,286
7592,384
7592,23
7592,116
7606,303
7606,403
7606,42
7606,134
3629,320
3629,421
3629,61
3629,151
7632,341
7632,439
7632,78
7632,169
7646,360
7646,17
7646,95
7646,186
7656,380
7656,37
7656,112
7656,204
2983,399
2983,55
2983,129
2983,221
7680,416
7680,74
7680,147
7680,239
7692,434
7692,91
7692,164
7692,255
7707,12
7707,108
7707,182
7707,270
1138,33
1138,124
1138,200
1138,286
6608,51
6608,143
6608,217
6608,303
7744,69
7744,160
7744,234
7744,320
7756,86
7756,178
7756,251
7756,341
7770,104
7770,195
7770,266
7770,360
7783,120
7783,213
7783,282
7783,380
7795,139
7795,230
7795,298
7795,399
7809,155
7809,247
7809,315
7809,416
656,173
656,262
656,335
656,434
7837,190
7837,278
7837,356
7837,12
7851,208
7851,294
7851,375
7851,33
7865,225
7865,311
7865,393
7865,51
7878,243
7878,329
7878,412
7878,69
7892,258
7892,352
7892,430
7892,86
7908,274
7908,370
7908,8
7908,104
7921,290
7921,388
7921,29
7921,120
7935,307
7935,408
7935,46
7935,139
7948,324
7948,426
7948,65
7948,155
7962,348
7962,1
7962,82
7962,173
7975,366
7975,2
7975,100
7975,190
7987,384
7987,23
7987,116
7987,208
4490,403
4490,42
4490,134
4490,225
8009,421
8009,61
8009,151
8009,243
8022,439
8022,78
8022,169
8022,258
8035,17
8035,95
8035,186
8035,274
8045,37
8045,112
8045,204
8045,290
8059,55
8059,129
8059,221
8059,307
8073,74
8073,147
8073,239
8073,324
8088,91
8088,164
8088,255
8088,348
8101,108
8101,182
8101,270
8101,366
3213,124
3213,200
3213,286
3213,384
1728,143
1728,217
1728,303
1728,403
8141,160
8141,234
8141,320
8141,421
8153,178
8153,251
8153,341
8153,439
6532,195
6532,266
6532,360
6532,17
8180,213
8180,282
8180,380
8180,37
8190,230
8190,298
8190,399
8190,55
6776,247
6776,315
6776,416
6776,74
4275,262
4275,335
4275,434
4275,91
8223,278
8223,356
8223,12
8223,108
8239,294
8239,375
8239,33
8239,124
8251,311
8251,393
8251,51
8251,143
8266,329
8266,412
8266,69
8266,160
5462,352
5462,430
5462,86
5462,178
573,370
573,8
573,104
573,195
768,388
768,29
768,120
768,213
8313,408
8313,46
8313,139
8313,230
3999,426
3999,65
3999,155
3999,247
3374,1
3374,82
3374,173
3374,262
8348,2
8348,116
8348,225
8348,329
8360,23
8360,134
8360,243
8360,352
8374,42
8374,151
8374,258
8374,370
8388,61
8388,169
8388,274
8388,388
7436,78
7436,186
7436,290
7436,408
2779,95
2779,204
2779,307
2779,426
8423,112
8423,221
8423,324
8423,1
4461,129
4461,239
4461,348
4461,2
8450,147
8450,255
8450,366
8450,23
8463,164
8463,270
8463,384
8463,42
8473,182
8473,286
8473,403
8473,61
218,200
218,303
218,421
218,78
8498,217
8498,320
8498,439
8498,95
8514,234
8514,341
8514,17
8514,112
8528,251
8528,360
8528,37
8528,129
5866,266
5866,380
5866,55
5866,147
8552,282
8552,399
8552,74
8552,164
1481,298
1481,416
1481,91
1481,182
8578,315
8578,434
8578,108
8578,200
8592,335
8592,12
8592,124
8592,217
8606,356
8606,33
8606,143
8606,234
8618,375
8618,51
8618,160
8618,251
5559,393
5559,69
5559,178
5559,266
8641,412
8641,86
8641,195
8641,282
4540,430
4540,104
4540,213
4540,298
8667,8
8667,120
8667,230
8667,315
8680,29
8680,139
8680,247
8680,335
8693,46
8693,155
8693,262
8693,356
8708,65
8708,173
8708,278
8708,375
8720,82
8720,190
8720,294
8720,393
6022,100
6022,208
6022,311
6022,412
8745,116
8745,225
8745,329
8745,430
8761,134
8761,243
8761,352
8761,8
8775,151
8775,258
8775,370
8775,29
8788,169
8788,274
8788,388
8788,46
8801,186
8801,290
8801,408
8801,65
8814,204
8814,307
8814,426
8814,82
8826,221
8826,324
8826,1
8826,100
8839,239
8839,348
8839,2
8839,116
8852,255
8852,366
8852,23
8852,134
5319,270
5319,384
5319,42
5319,151
8879,286
8879,403
8879,61
8879,169
8895,303
8895,421
8895,78
8895,186
4345,320
4345,439
4345,95
4345,204
8925,341
8925,17
8925,112
8925,221
8937,360
8937,37
8937,129
8937,239
8950,380
8950,55
8950,147
8950,255
8964,399
8964,74
8964,164
8964,270
3708,416
3708,91
3708,182
3708,286
8411,434
8411,108
8411,200
8411,303
9004,12
9004,124
9004,217
9004,320
9018,33
9018,143
9018,234
9018,341
9030,51
9030,160
9030,251
9030,360
9046,69
9046,178
9046,266
9046,380
8381,86
8381,195
8381,282
8381,399
9075,104
9075,213
9075,298
9075,416
6734,120
6734,230
6734,315
6734,434
6048,139
6048,247
6048,335
6048,12
9114,155
9114,262
9114,356
9114,33
9128,173
9128,278
9128,375
9128,51
9141,190
9141,294
9141,393
9141,69
9156,208
9156,311
9156,412
9156,86
9174,225
9174,329
9174,430
9174,104
9185,243
9185,352
9185,8
9185,120
9199,258
9199,370
9199,29
9199,139
8318,274
8318,388
8318,46
8318,155
9228,290
9228,408
9228,65
9228,173
9241,307
9241,426
9241,82
9241,190
5489,324
5489,1
5489,100
5489,208
8864,348
8864,2
8864,116
8864,225
9279,366
9279,23
9279,134
9279,243
8426,384
8426,42
8426,151
8426,258
9304,403
9304,61
9304,169
9304,274
9319,421
9319,78
9319,186
9319,290
9334,439
9334,95
9334,204
9334,307
9347,17
9347,112
9347,221
9347,324
9360,37
9360,129
9360,239
9360,348
9373,55
9373,147
9373,255
9373,366
2339,74
2339,164
2339,270
2339,384
5345,91
5345,182
5345,286
5345,403
3726,108
3726,200
3726,303
3726,421
9428,124
9428,217
9428,320
9428,439
9440,143
9440,234
9440,341
9440,17
9451,160
9451,251
9451,360
9451,37
9361,178
9361,266
9361,380
9361,55
9478,195
9478,282
9478,399
9478,74
9492,213
9492,298
9492,416
9492,91
9504,230
9504,315
9504,434
9504,108
9519,247
9519,335
9519,12
9519,124
2023,262
2023,356
2023,33
2023,143
9549,278
9549,375
9549,51
9549,160
9562,294
9562,393
9562,69
9562,178
9575,311
9575,412
9575,86
9575,195
1701,329
1701,430
1701,104
1701,213
9599,352
9599,8
9599,120
9599,230
9613,370
9613,29
9613,139
9613,247
9628,388
9628,46
9628,155
9628,262
9641,408
9641,65
9641,173
9641,278
9655,426
9655,82
9655,190
9655,294
9666,1
9666,100
9666,208
9666,311
9680,2
9680,134
9680,258
9680,388
7875,23
7875,151
7875,274
7875,408
9706,42
9706,169
9706,290
9706,426
9719,61
9719,186
9719,307
9719,1
9731,78
9731,204
9731,324
9731,2
9749,95
9749,221
9749,348
9749,23
9763,112
9763,239
9763,366
9763,42
9774,129
9774,255
9774,384
9774,61
9787,147
9787,270
9787,403
9787,78
9804,164
9804,286
9804,421
9804,95
9817,182
9817,303
9817,439
9817,112
9830,200
9830,320
9830,17
9830,129
9843,217
9843,341
9843,37
9843,147
9856,234
9856,360
9856,55
9856,164
9868,251
9868,380
9868,74
9868,182
9881,266
9881,399
9881,91
9881,200
3646,282
3646,416
3646,108
3646,217
6937,298
6937,434
6937,124
6937,234
9920,315
9920,12
9920,143
9920,251
9931,335
9931,33
9931,160
9931,266
5536,356
5536,51
5536,178
5536,282
9956,375
9956,69
9956,195
9956,298
4085,393
4085,86
4085,213
4085,315
2611,412
2611,104
2611,230
2611,335
9991,430
9991,120
9991,247
9991,356
10002,8
10002,139
10002,262
10002,375
10014,29
10014,155
10014,278
10014,393
7925,46
7925,173
7925,294
7925,412
10041,65
10041,190
10041,311
10041,430
2726,82
2726,208
2726,329
2726,8
8470,100
8470,225
8470,352
8470,29
10082,116
10082,243
10082,370
10082,46
10094,134
10094,258
10094,388
10094,65
10109,151
10109,274
10109,408
10109,82
10119,169
10119,290
10119,426
10119,100
10130,186
10130,307
10130,1
10130,116
10138,204
10138,324
10138,2
10138,134
10149,221
10149,348
10149,23
10149,151
10161,239
10161,366
10161,42
10161,169
10173,255
10173,384
10173,61
10173,186
10184,270
10184,403
10184,78
10184,204
10197,286
10197,421
10197,95
10197,221
8209,303
8209,439
8209,112
8209,239
7984,320
7984,17
7984,129
7984,255
10233,341
10233,37
10233,147
10233,270
10250,360
10250,55
10250,164
10250,286
10264,380
10264,74
10264,182
10264,303
10277,399
10277,91
10277,200
10277,320
10294,416
10294,108
10294,217
10294,341
10311,434
10311,124
10311,234
10311,360
10322,12
10322,143
10322,251
10322,380
10336,33
10336,160
10336,266
10336,399
10351,51
10351,178
10351,282
10351,416
10366,69
10366,195
10366,298
10366,434
10380,86
10380,213
10380,315
10380,12
10395,104
10395,230
10395,335
10395,33
10408,120
10408,247
10408,356
10408,51
7571,139
7571,262
7571,375
7571,69
10431,155
10431,278
10431,393
10431,86
10443,173
10443,294
10443,412
10443,104
10455,190
10455,311
10455,430
10455,120
5358,208
5358,329
5358,8
5358,139
2273,225
2273,352
2273,29
2273,155
10491,243
10491,370
10491,46
10491,173
10504,258
10504,388
10504,65
10504,190
10516,274
10516,408
10516,82
10516,208
7225,290
7225,426
7225,100
7225,225
10539,307
10539,1
10539,116
10539,243
10553,324
10553,2
10553,134
10553,258
10565,348
10565,23
10565,151
10565,274
10579,366
10579,42
10579,169
10579,290
10593,384
10593,61
10593,186
10593,307
10594,403
10594,78
10594,204
10594,324
10622,421
10622,95
10622,221
10622,348
10637,439
10637,112
10637,239
10637,366
10651,17
10651,129
10651,255
10651,384
7279,37
7279,147
7279,270
7279,403
10675,55
10675,164
10675,286
10675,421
10688,74
10688,182
10688,303
10688,439
10699,91
10699,200
10699,320
10699,17
10711,108
10711,217
10711,341
10711,37
10723,124
10723,234
10723,360
10723,55
10739,143
10739,251
10739,380
10739,74
10751,160
10751,266
10751,399
10751,91
10764,178
10764,282
10764,416
10764,108
4435,195
4435,298
4435,434
4435,124
10793,213
10793,315
10793,12
10793,143
8013,230
8013,335
8013,33
8013,160
10820,247
10820,356
10820,51
10820,178
10834,262
10834,375
10834,69
10834,195
10847,278
10847,393
10847,86
10847,213
10860,294
10860,412
10860,104
10860,230
10874,311
10874,430
10874,120
10874,247
10884,329
10884,8
10884,139
10884,262
10898,352
10898,29
10898,155
10898,278
10916,370
10916,46
10916,173
10916,294
9034,388
9034,65
9034,190
9034,311
10942,408
10942,82
10942,208
10942,329
4440,426
4440,100
4440,225
4440,352
10968,1
10968,116
10968,243
10968,370
10981,2
10981,151
10981,290
10981,1
10995,23
10995,169
10995,307
10995,2
3337,42
3337,186
3337,324
3337,23
11021,61
11021,204
11021,348
11021,42
7490,78
7490,221
7490,366
7490,61
1262,95
1262,239
1262,384
1262,78
9684,112
9684,255
9684,403
9684,95
4600,129
4600,270
4600,421
4600,112
5142,147
5142,286
5142,439
5142,129
11096,164
11096,303
11096,17
11096,147
11108,182
11108,320
11108,37
11108,164
11121,200
11121,341
11121,55
11121,182
11134,217
11134,360
11134,74
11134,200
11148,234
11148,380
11148,91
11148,217
11162,251
11162,399
11162,108
11162,234
11174,266
11174,416
11174,124
11174,251
11189,282
11189,434
11189,143
11189,266
8174,298
8174,12
8174,160
8174,282
11214,315
11214,33
11214,178
11214,298
11228,335
11228,51
11228,195
11228,315
11241,356
11241,69
11241,213
11241,335
11252,375
11252,86
11252,230
11252,356
11262,393
11262,104
11262,247
11262,375
209,412
209,120
209,262
209,393
11284,430
11284,139
11284,278
11284,412
11297,8
11297,155
11297,294
11297,430
11311,29
11311,173
11311,311
11311,8
4012,46
4012,190
4012,329
4012,29
11336,65
11336,208
11336,352
11336,46
11348,82
11348,225
11348,370
11348,65
2672,100
2672,243
2672,388
2672,82
11372,116
11372,258
11372,408
11372,100
11386,134
11386,274
11386,426
11386,116
3403,151
3403,290
3403,1
3403,134
11413,169
11413,307
11413,2
11413,151
11425,186
11425,324
11425,23
11425,169
785,204
785,348
785,42
785,186
2461,221
2461,366
2461,61
2461,204
11463,239
11463,384
11463,78
11463,221
11474,255
11474,403
11474,95
11474,239
179,270
179,421
179,112
179,255
11497,286
11497,439
11497,129
11497,270
11510,303
11510,17
11510,147
11510,286
11525,320
11525,37
11525,164
11525,303
11537,341
11537,55
11537,182
11537,320
5804,360
5804,74
5804,200
5804,341
11560,380
11560,91
11560,217
11560,360
2912,399
2912,108
2912,234
2912,380
11584,416
11584,124
11584,251
11584,399
11596,434
11596,143
11596,266
11596,416
4351,12
4351,160
4351,282
4351,434
1945,33
1945,178
1945,298
1945,12
11633,51
11633,195
11633,315
11633,33
275,69
275,213
275,335
275,51
11657,86
11657,230
11657,356
11657,69
11668,104
11668,247
11668,375
11668,86
11263,120
11263,262
11263,393
11263,104
11691,139
11691,278
11691,412
11691,120
9950,155
9950,294
9950,430
9950,139
11718,173
11718,311
11718,8
11718,155
11732,190
11732,329
11732,29
11732,173
11746,208
11746,352
11746,46
11746,190
11759,225
11759,370
11759,65
11759,208
226,243
226,388
226,82
226,225
11783,258
11783,408
11783,100
11783,243
11795,274
11795,426
11795,116
11795,258
11805,290
11805,1
11805,134
11805,274
11819,307
11819,2
11819,151
11819,290
7430,324
7430,23
7430,169
7430,307
11846,348
11846,42
11846,186
11846,324
10036,366
10036,61
10036,204
10036,348
11871,384
11871,78
11871,221
11871,366
11883,403
11883,95
11883,239
11883,384
11893,421
11893,112
11893,255
11893,403
3131,439
3131,129
3131,270
3131,421
5798,17
5798,147
5798,286
5798,439
11931,37
11931,164
11931,303
11931,17
11946,55
11946,182
11946,320
11946,37
11961,74
11961,200
11961,341
11961,55
11974,91
11974,217
11974,360
11974,74
11984,108
11984,234
11984,380
11984,91
11999,124
11999,251
11999,399
11999,108
12010,143
12010,266
12010,416
12010,124
12024,160
12024,282
12024,434
12024,143
8489,178
8489,298
8489,12
8489,160
12051,195
12051,315
12051,33
12051,178
12062,213
12062,335
12062,51
12062,195
12076,230
12076,356
12076,69
12076,213
12092,247
12092,375
12092,86
12092,230
12104,262
12104,393
12104,104
12104,247
5717,278
5717,412
5717,120
5717,262
12131,294
12131,430
12131,139
12131,278
12144,311
12144,8
12144,155
12144,294
12158,329
12158,29
12158,173
12158,311
12172,352
12172,46
12172,190
12172,329
12185,370
12185,65
12185,208
12185,352
12197,388
12197,82
12197,225
12197,370
12210,408
12210,100
12210,243
12210,388
7741,426
7741,116
7741,258
7741,408
12233,1
12233,134
12233,274
12233,426
12246,2
12246,169
12246,324
12246,42
12260,23
12260,186
12260,348
12260,61
1246,42
1246,204
1246,366
1246,78
12283,61
12283,221
12283,384
12283,95
12298,78
12298,239
12298,403
12298,112
12313,95
12313,255
12313,421
12313,129
12325,112
12325,270
12325,439
12325,147
12337,129
12337,286
12337,17
12337,164
12349,147
12349,303
12349,37
12349,182
4486,164
4486,320
4486,55
4486,200
10270,182
10270,341
10270,74
10270,217
12385,200
12385,360
12385,91
12385,234
10691,217
10691,380
10691,108
10691,251
12410,234
12410,399
12410,124
12410,266
12421,251
12421,416
12421,143
12421,282
12436,266
12436,434
12436,160
12436,298
8067,282
8067,12
8067,178
8067,315
12461,298
12461,33
12461,195
12461,335
12474,315
12474,51
12474,213
12474,356
12486,335
12486,69
12486,230
12486,375
12499,356
12499,86
12499,247
12499,393
12514,375
12514,104
12514,262
12514,412
12527,393
12527,120
12527,278
12527,430
1315,412
1315,139
1315,294
1315,8
12553,430
12553,155
12553,311
12553,29
12567,8
12567,173
12567,329
12567,46
12582,29
12582,190
12582,352
12582,65
12595,46
12595,208
12595,370
12595,82
12607,65
12607,225
12607,388
12607,100
6001,82
6001,243
6001,408
6001,116
12635,100
12635,258
12635,426
12635,134
12647,116
12647,274
12647,1
12647,151
12660,134
12660,290
12660,2
12660,169
12673,151
12673,307
12673,23
12673,186
4021,169
4021,324
4021,42
4021,204
12697,186
12697,348
12697,61
12697,221
12712,204
12712,366
12712,78
12712,239
12722,221
12722,384
12722,95
12722,255
8480,239
8480,403
8480,112
8480,270
12748,255
12748,421
12748,129
12748,286
12763,270
12763,439
12763,147
12763,303
12774,286
12774,17
12774,164
12774,320
12788,303
12788,37
12788,182
12788,341
12801,320
12801,55
12801,200
12801,360
12813,341
12813,74
12813,217
12813,380
7845,360
7845,91
7845,234
7845,399
12835,380
12835,108
12835,251
12835,416
4905,399
4905,124
4905,266
4905,434
12858,416
12858,143
12858,282
12858,12
12870,434
12870,160
12870,298
12870,33
12883,12
12883,178
12883,315
12883,51
12896,33
12896,195
12896,335
12896,69
12908,51
12908,213
12908,356
12908,86
12920,69
12920,230
12920,375
12920,104
12933,86
12933,247
12933,393
12933,120
12945,104
12945,262
12945,412
12945,139
12957,120
12957,278
12957,430
12957,155
12973,139
12973,294
12973,8
12973,173
2147,155
2147,311
2147,29
2147,190
2638,173
2638,329
2638,46
2638,208
13008,190
13008,352
13008,65
13008,225
11179,208
11179,370
11179,82
11179,243
13032,225
13032,388
13032,100
13032,258
13042,243
13042,408
13042,116
13042,274
13054,258
13054,426
13054,134
13054,290
3258,274
3258,1
3258,151
3258,307
2009,290
2009,2
2009,169
2009,324
5170,307
5170,23
5170,186
5170,348
13104,324
13104,42
13104,204
13104,366
13118,348
13118,61
13118,221
13118,384
13128,366
13128,78
13128,239
13128,403
13139,384
13139,95
13139,255
13139,421
13151,403
13151,112
13151,270
13151,439
13164,421
13164,129
13164,286
13164,17
13177,439
13177,147
13177,303
13177,37
13189,17
13189,164
13189,320
13189,55
2250,37
2250,182
2250,341
2250,74
13214,55
13214,200
13214,360
13214,91
13229,74
13229,217
13229,380
13229,108
13241,91
13241,234
13241,399
13241,124
13253,108
13253,251
13253,416
13253,143
13266,124
13266,266
13266,434
13266,160
1664,143
1664,282
1664,12
1664,178
13292,160
13292,298
13292,33
13292,195
13302,178
13302,315
13302,51
13302,213
13314,195
13314,335
13314,69
13314,230
13327,213
13327,356
13327,86
13327,247
13337,230
13337,375
13337,104
13337,262
13350,247
13350,393
13350,120
13350,278
13361,262
13361,412
13361,139
13361,294
13375,278
13375,430
13375,155
13375,311
13384,294
13384,8
13384,173
13384,329
13215,311
13215,29
13215,190
13215,352
6236,329
6236,46
6236,208
6236,370
11809,352
11809,65
11809,225
11809,388
4077,370
4077,82
4077,243
4077,408
13443,388
13443,100
13443,258
13443,426
13455,408
13455,116
13455,274
13455,1
13469,426
13469,134
13469,290
13469,2
9221,1
9221,151
9221,307
9221,23
7479,2
7479,186
7479,366
7479,95
13509,23
13509,204
13509,384
13509,112
13522,42
13522,221
13522,403
13522,129
13536,61
13536,239
13536,421
13536,147
13548,78
13548,255
13548,439
13548,164
13562,95
13562,270
13562,17
13562,182
13576,112
13576,286
13576,37
13576,200
13591,129
13591,303
13591,55
13591,217
9959,147
9959,320
9959,74
9959,234
13613,164
13613,341
13613,91
13613,251
10600,182
10600,360
10600,108
10600,266
13638,200
13638,380
13638,124
13638,282
13649,217
13649,399
13649,143
13649,298
13664,234
13664,416
13664,160
13664,315
13675,251
13675,434
13675,178
13675,335
13686,266
13686,12
13686,195
13686,356
13698,282
13698,33
13698,213
13698,375
10497,298
10497,51
10497,230
10497,393
1759,315
1759,69
1759,247
1759,412
13732,335
13732,86
13732,262
13732,430
13747,356
13747,104
13747,278
13747,8
13759,375
13759,120
13759,294
13759,29
13773,393
13773,139
13773,311
13773,46
10500,412
10500,155
10500,329
10500,65
13024,430
13024,173
13024,352
13024,82
13808,8
13808,190
13808,370
13808,100
13822,29
13822,208
13822,388
13822,116
13836,46
13836,225
13836,408
13836,134
13848,65
13848,243
13848,426
13848,151
13863,82
13863,258
13863,1
13863,169
13879,100
13879,274
13879,2
13879,186
10917,116
10917,290
10917,23
10917,204
13905,134
13905,307
13905,42
13905,221
13918,151
13918,324
13918,61
13918,239
13931,169
13931,348
13931,78
13931,255
13943,186
13943,366
13943,95
13943,270
13955,204
13955,384
13955,112
13955,286
13968,221
13968,403
13968,129
13968,303
13982,239
13982,421
13982,147
13982,320
3054,255
3054,439
3054,164
3054,341
9984,270
9984,17
9984,182
9984,360
2018,286
2018,37
2018,200
2018,380
14026,303
14026,55
14026,217
14026,399
1355,320
1355,74
1355,234
1355,416
14050,341
14050,91
14050,251
14050,434
14065,360
14065,108
14065,266
14065,12
14077,380
14077,124
14077,282
14077,33
4004,399
4004,143
4004,298
4004,51
14105,416
14105,160
14105,315
14105,69
14118,434
14118,178
14118,335
14118,86
9161,12
9161,195
9161,356
9161,104
14140,33
14140,213
14140,375
14140,120
14151,51
14151,230
14151,393
14151,139
5964,69
5964,247
5964,412
5964,155
14177,86
14177,262
14177,430
14177,173
14190,104
14190,278
14190,8
14190,190
4630,120
4630,294
4630,29
4630,208
14214,139
14214,311
14214,46
14214,225
10633,155
10633,329
10633,65
10633,243
14240,173
14240,352
14240,82
14240,258
14253,190
14253,370
14253,100
14253,274
9844,208
9844,388
9844,116
9844,290
14277,225
14277,408
14277,134
14277,307
14289,243
14289,426
14289,151
14289,324
13780,258
13780,1
13780,169
13780,348
13376,274
13376,2
13376,186
13376,366
14326,290
14326,23
14326,204
14326,384
2842,307
2842,42
2842,221
2842,403
11501,324
11501,61
11501,239
11501,421
10485,348
10485,78
10485,255
10485,439
14380,366
14380,95
14380,270
14380,17
14390,384
14390,112
14390,286
14390,37
11571,403
11571,129
11571,303
11571,55
5941,421
5941,147
5941,320
5941,74
14429,439
14429,164
14429,341
14429,91
990,17
990,182
990,360
990,108
14451,37
14451,200
14451,380
14451,124
14465,55
14465,217
14465,399
14465,143
14479,74
14479,234
14479,416
14479,160
14493,91
14493,251
14493,434
14493,178
14504,108
14504,266
14504,12
14504,195
14520,124
14520,282
14520,33
14520,213
5744,143
5744,298
5744,51
5744,230
14196,160
14196,315
14196,69
14196,247
14557,178
14557,335
14557,86
14557,262
14571,195
14571,356
14571,104
14571,278
9740,213
9740,375
9740,120
9740,294
9988,230
9988,393
9988,139
9988,311
14607,247
14607,412
14607,155
14607,329
14618,262
14618,430
14618,173
14618,352
14631,278
14631,8
14631,190
14631,370
14642,294
14642,29
14642,208
14642,388
14654,311
14654,46
14654,225
14654,408
12897,329
12897,65
12897,243
12897,426
2692,352
2692,82
2692,258
2692,1
14691,370
14691,100
14691,274
14691,2
8056,388
8056,116
8056,290
8056,23
10494,408
10494,134
10494,307
10494,42
14730,426
14730,151
14730,324
14730,61
14743,1
14743,169
14743,348
14743,78
14755,2
14755,204
14755,403
14755,147
9540,23
9540,221
9540,421
9540,164
14780,42
14780,239
14780,439
14780,182
11215,61
11215,255
11215,17
11215,200
14805,78
14805,270
14805,37
14805,217
9944,95
9944,286
9944,55
9944,234
8474,112
8474,303
8474,74
8474,251
2606,129
2606,320
2606,91
2606,266
14853,147
14853,341
14853,108
14853,282
14868,164
14868,360
14868,124
14868,298
14880,182
14880,380
14880,143
14880,315
5616,200
5616,399
5616,160
5616,335
14902,217
14902,416
14902,178
14902,356
14914,234
14914,434
14914,195
14914,375
14926,251
14926,12
14926,213
14926,393
6283,266
6283,33
6283,230
6283,412
14948,282
14948,51
14948,247
14948,430
14960,298
14960,69
14960,262
14960,8
14971,315
14971,86
14971,278
14971,29
14984,335
14984,104
14984,294
14984,46
14997,356
14997,120
14997,311
14997,65
2631,375
2631,139
2631,329
2631,82
13959,393
13959,155
13959,352
13959,100
9818,412
9818,173
9818,370
9818,116
299,430
299,190
299,388
299,134
15055,8
15055,208
15055,408
15055,151
15072,29
15072,225
15072,426
15072,169
15084,46
15084,243
15084,1
15084,186
4578,65
4578,258
4578,2
4578,204
15107,82
15107,274
15107,23
15107,221
6685,100
6685,290
6685,42
6685,239
15129,116
15129,307
15129,61
15129,255
12234,134
12234,324
12234,78
12234,270
15152,151
15152,348
15152,95
15152,286
612,169
612,366
612,112
612,303
5378,186
5378,384
5378,129
5378,320
15188,204
15188,403
15188,147
15188,341
12738,221
12738,421
12738,164
12738,360
5645,239
5645,439
5645,182
5645,380
15225,255
15225,17
15225,200
15225,399
15238,270
15238,37
15238,217
15238,416
15250,286
15250,55
15250,234
15250,434
15260,303
15260,74
15260,251
15260,12
15274,320
15274,91
15274,266
15274,33
14294,341
14294,108
14294,282
14294,51
15300,360
15300,124
15300,298
15300,69
13277,380
13277,143
13277,315
13277,86
15323,399
15323,160
15323,335
15323,104
15336,416
15336,178
15336,356
15336,120
15350,434
15350,195
15350,375
15350,139
15362,12
15362,213
15362,393
15362,155
14667,33
14667,230
14667,412
14667,173
15389,51
15389,247
15389,430
15389,190
15402,69
15402,262
15402,8
15402,208
15414,86
15414,278
15414,29
15414,225
9085,104
9085,294
9085,46
9085,243
15434,120
15434,311
15434,65
15434,258
9405,139
9405,329
9405,82
9405,274
15460,155
15460,352
15460,100
15460,290
1599,173
1599,370
1599,116
1599,307
15482,190
15482,388
15482,134
15482,324
15494,208
15494,408
15494,151
15494,348
6755,225
6755,426
6755,169
6755,366
15519,243
15519,1
15519,186
15519,384
15534,258
15534,2
15534,204
15534,403
15547,274
15547,23
15547,221
15547,421
15559,290
15559,42
15559,239
15559,439
15569,307
15569,61
15569,255
15569,17
15581,324
15581,78
15581,270
15581,37
15591,348
15591,95
15591,286
15591,55
15602,366
15602,112
15602,303
15602,74
15614,384
15614,129
15614,320
15614,91
15624,403
15624,147
15624,341
15624,108
15637,421
15637,164
15637,360
15637,124
15649,439
15649,182
15649,380
15649,143
15665,17
15665,200
15665,399
15665,160
15681,37
15681,217
15681,416
15681,178
15692,55
15692,234
15692,434
15692,195
15705,74
15705,251
15705,12
15705,213
15718,91
15718,266
15718,33
15718,230
12070,108
12070,282
12070,51
12070,247
15746,124
15746,298
15746,69
15746,262
15757,143
15757,315
15757,86
15757,278
14283,160
14283,335
14283,104
14283,294
15781,178
15781,356
15781,120
15781,311
3853,195
3853,375
3853,139
3853,329
15802,213
15802,393
15802,155
15802,352
15813,230
15813,412
15813,173
15813,370
15826,247
15826,430
15826,190
15826,388
5952,262
5952,8
5952,208
5952,408
6349,278
6349,29
6349,225
6349,426
15862,294
15862,46
15862,243
15862,1
15875,311
15875,65
15875,258
15875,2
15888,329
15888,82
15888,274
15888,23
8168,352
8168,100
8168,290
8168,42
15912,370
15912,116
15912,307
15912,61
15922,388
15922,134
15922,324
15922,78
15937,408
15937,151
15937,348
15937,95
15950,426
15950,169
15950,366
15950,112
15960,1
15960,186
15960,384
15960,129
15968,2
15968,221
15968,439
15968,200
6100,23
6100,239
6100,17
6100,217
15992,42
15992,255
15992,37
15992,234
16008,61
16008,270
16008,55
16008,251
7246,78
7246,286
7246,74
7246,266
16032,95
16032,303
16032,91
16032,282
16045,112
16045,320
16045,108
16045,298
16058,129
16058,341
16058,124
16058,315
14001,147
14001,360
14001,143
14001,335
16083,164
16083,380
16083,160
16083,356
1630,182
1630,399
1630,178
1630,375
16103,200
16103,416
16103,195
16103,393
10144,217
10144,434
10144,213
10144,412
16126,234
16126,12
16126,230
16126,430
16138,251
16138,33
16138,247
16138,8
16148,266
16148,51
16148,262
16148,29
16162,282
16162,69
16162,278
16162,46
8652,298
8652,86
8652,294
8652,65
4988,315
4988,104
4988,311
4988,82
3620,335
3620,120
3620,329
3620,100
4872,356
4872,139
4872,352
4872,116
13986,375
13986,155
13986,370
13986,134
16235,393
16235,173
16235,388
16235,151
10356,412
10356,190
10356,408
10356,169
16262,430
16262,208
16262,426
16262,186
605,8
605,225
605,1
605,204
3233,29
3233,243
3233,2
3233,221
16297,46
16297,258
16297,23
16297,239
9902,65
9902,274
9902,42
9902,255
16324,82
16324,290
16324,61
16324,270
16336,100
16336,307
16336,78
16336,286
16346,116
16346,324
16346,95
16346,303
16359,134
16359,348
16359,112
16359,320
9209,151
9209,366
9209,129
9209,341
15995,169
15995,384
15995,147
15995,360
16390,186
16390,403
16390,164
16390,380
16403,204
16403,421
16403,182
16403,399
2956,221
2956,439
2956,200
2956,416
2555,239
2555,17
2555,217
2555,434
3673,255
3673,37
3673,234
3673,12
16443,270
16443,55
16443,251
16443,33
16457,286
16457,74
16457,266
16457,51
4089,303
4089,91
4089,282
4089,69
16481,320
16481,108
16481,298
16481,86
15879,341
15879,124
15879,315
15879,104
5862,360
5862,143
5862,335
5862,120
16516,380
16516,160
16516,356
16516,139
11784,399
11784,178
11784,375
11784,155
16541,416
16541,195
16541,393
16541,173
16550,434
16550,213
16550,412
16550,190
11515,12
11515,230
11515,430
11515,208
16574,33
16574,247
16574,8
16574,225
16586,51
16586,262
16586,29
16586,243
5528,69
5528,278
5528,46
5528,258
16608,86
16608,294
16608,65
16608,274
16621,104
16621,311
16621,82
16621,290
16636,120
16636,329
16636,100
16636,307
14350,139
14350,352
14350,116
14350,324
8111,155
8111,370
8111,134
8111,348
14347,173
14347,388
14347,151
14347,366
14307,190
14307,408
14307,169
14307,384
16692,208
16692,426
16692,186
16692,403
16704,225
16704,1
16704,204
16704,421
16715,243
16715,2
16715,221
16715,439
1342,258
1342,23
1342,239
1342,17
16742,274
16742,42
16742,255
16742,37
4500,290
4500,61
4500,270
4500,55
16763,307
16763,78
16763,286
16763,74
15385,324
15385,95
15385,303
15385,91
16789,348
16789,112
16789,320
16789,108
16799,366
16799,129
16799,341
16799,124
1277,384
1277,147
1277,360
1277,143
16821,403
16821,164
16821,380
16821,160
16833,421
16833,182
16833,399
16833,178
16847,439
16847,200
16847,416
16847,195
5856,17
5856,217
5856,434
5856,213
16870,37
16870,234
16870,12
16870,230
8219,55
8219,251
8219,33
8219,247
4841,74
4841,266
4841,51
4841,262
16907,91
16907,282
16907,69
16907,278
2433,108
2433,298
2433,86
2433,294
16930,124
16930,315
16930,104
16930,311
2204,143
2204,335
2204,120
2204,329
16954,160
16954,356
16954,139
16954,352
12704,178
12704,375
12704,155
12704,370
16978,195
16978,393
16978,173
16978,388
546,213
546,412
546,190
546,408
16998,230
16998,430
16998,208
16998,426
849,247
849,8
849,225
849,1
8271,262
8271,29
8271,243
8271,2
17035,278
17035,46
17035,258
17035,23
17048,294
17048,65
17048,274
17048,42
17061,311
17061,82
17061,290
17061,61
17073,329
17073,100
17073,307
17073,78
2374,352
2374,116
2374,324
2374,95
6479,370
6479,134
6479,348
6479,112
13283,388
13283,151
13283,366
13283,129
17116,408
17116,169
17116,384
17116,147
17126,426
17126,186
17126,403
17126,164
17137,1
17137,204
17137,421
17137,182
17153,2
17153,239
17153,37
17153,251
12122,23
12122,255
12122,55
12122,266
10597,42
10597,270
10597,74
10597,282
17187,61
17187,286
17187,91
17187,298
2734,78
2734,303
2734,108
2734,315
17206,95
17206,320
17206,124
17206,335
9391,112
9391,341
9391,143
9391,356
17228,129
17228,360
17228,160
17228,375
17243,147
17243,380
17243,178
17243,393
17255,164
17255,399
17255,195
17255,412
16736,182
16736,416
16736,213
16736,430
17279,200
17279,434
17279,230
17279,8
17291,217
17291,12
17291,247
17291,29
17302,234
17302,33
17302,262
17302,46
15340,251
15340,51
15340,278
15340,65
17330,266
17330,69
17330,294
17330,82
6881,282
6881,86
6881,311
6881,100
17351,298
17351,104
17351,329
17351,116
6642,315
6642,120
6642,352
6642,134
17380,335
17380,139
17380,370
17380,151
11184,356
11184,155
11184,388
11184,169
4568,375
4568,173
4568,408
4568,186
17412,393
17412,190
17412,426
17412,204
17424,412
17424,208
17424,1
17424,221
17433,430
17433,225
17433,2
17433,239
8794,8
8794,243
8794,23
8794,255
14485,29
14485,258
14485,42
14485,270
7939,46
7939,274
7939,61
7939,286
87,65
87,290
87,78
87,303
859,82
859,307
859,95
859,320
17498,100
17498,324
17498,112
17498,341
17511,116
17511,348
17511,129
17511,360
17524,134
17524,366
17524,147
17524,380
17536,151
17536,384
17536,164
17536,399
17552,169
17552,403
17552,182
17552,416
10626,186
10626,421
10626,200
10626,434
17575,204
17575,439
17575,217
17575,12
8077,221
8077,17
8077,234
8077,33
62,239
62,37
62,251
62,51
330,255
330,55
330,266
330,69
17622,270
17622,74
17622,282
17622,86
8749,286
8749,91
8749,298
8749,104
9607,303
9607,108
9607,315
9607,120
2101,320
2101,124
2101,335
2101,139
17665,341
17665,143
17665,356
17665,155
17680,360
17680,160
17680,375
17680,173
17689,380
17689,178
17689,393
17689,190
17702,399
17702,195
17702,412
17702,208
4758,416
4758,213
4758,430
4758,225
7959,434
7959,230
7959,8
7959,243
17733,12
17733,247
17733,29
17733,258
3509,33
3509,262
3509,46
3509,274
4117,51
4117,278
4117,65
4117,290
9150,69
9150,294
9150,82
9150,307
17780,86
17780,311
17780,100
17780,324
5241,104
5241,329
5241,116
5241,348
5077,120
5077,352
5077,134
5077,366
17817,139
17817,370
17817,151
17817,384
12507,155
12507,388
12507,169
12507,403
17838,173
17838,408
17838,186
17838,421
17849,190
17849,426
17849,204
17849,439
17860,208
17860,1
17860,221
17860,17
7508,225
7508,2
7508,239
7508,37
13388,243
13388,23
13388,255
13388,55
5733,258
5733,42
5733,270
5733,74
13716,274
13716,61
13716,286
13716,91
17920,290
17920,78
17920,303
17920,108
17932,307
17932,95
17932,320
17932,124
17944,324
17944,112
17944,341
17944,143
17954,348
17954,129
17954,360
17954,160
12338,366
12338,147
12338,380
12338,178
17979,384
17979,164
17979,399
17979,195
13969,403
13969,182
13969,416
13969,213
15987,421
15987,200
15987,434
15987,230
18017,439
18017,217
18017,12
18017,247
18030,17
18030,234
18030,33
18030,262
18042,37
18042,251
18042,51
18042,278
18053,55
18053,266
18053,69
18053,294
13513,74
13513,282
13513,86
13513,311
12407,91
12407,298
12407,104
12407,329
725,108
725,315
725,120
725,352
18103,124
18103,335
18103,139
18103,370
18116,143
18116,356
18116,155
18116,388
1471,160
1471,375
1471,173
1471,408
5507,178
5507,393
5507,190
5507,426
18152,195
18152,412
18152,208
18152,1
18164,213
18164,430
18164,225
18164,2
18178,230
18178,8
18178,243
18178,23
18187,247
18187,29
18187,258
18187,42
18199,262
18199,46
18199,274
18199,61
11868,278
11868,65
11868,290
11868,78
8985,294
8985,82
8985,307
8985,95
17518,311
17518,100
17518,324
17518,112
18243,329
18243,116
18243,348
18243,129
18254,352
18254,134
18254,366
18254,147
2194,370
2194,151
2194,384
2194,164
17889,388
17889,169
17889,403
17889,182
18291,408
18291,186
18291,421
18291,200
18302,426
18302,204
18302,439
18302,217
11171,1
11171,221
11171,17
11171,234
18325,2
18325,255
18325,74
18325,298
520,23
520,270
520,91
520,315
18353,42
18353,286
18353,108
18353,335
18368,61
18368,303
18368,124
18368,356
18382,78
18382,320
18382,143
18382,375
18394,95
18394,341
18394,160
18394,393
18407,112
18407,360
18407,178
18407,412
3273,129
3273,380
3273,195
3273,430
18428,147
18428,399
18428,213
18428,8
18440,164
18440,416
18440,230
18440,29
1540,182
1540,434
1540,247
1540,46
18461,200
18461,12
18461,262
18461,65
4831,217
4831,33
4831,278
4831,82
14094,234
14094,51
14094,294
14094,100
18497,251
18497,69
18497,311
18497,116
316,266
316,86
316,329
316,134
17544,282
17544,104
17544,352
17544,151
1271,298
1271,120
1271,370
1271,169
18544,315
18544,139
18544,388
18544,186
18555,335
18555,155
18555,408
18555,204
4400,356
4400,173
4400,426
4400,221
18575,375
18575,190
18575,1
18575,239
18586,393
18586,208
18586,2
18586,255
4149,412
4149,225
4149,23
4149,270
18606,430
18606,243
18606,42
18606,286
18617,8
18617,258
18617,61
18617,303
13183,29
13183,274
13183,78
13183,320
10569,46
10569,290
10569,95
10569,341
13421,65
13421,307
13421,112
13421,360
18665,82
18665,324
18665,129
18665,380
3144,100
3144,348
3144,147
3144,399
8873,116
8873,366
8873,164
8873,416
12159,134
12159,384
12159,182
12159,434
389,151
389,403
389,200
389,12
18722,169
18722,421
18722,217
18722,33
12859,186
12859,439
12859,234
12859,51
18745,204
18745,17
18745,251
18745,69
18755,221
18755,37
18755,266
18755,86
7176,239
7176,55
7176,282
7176,104
18774,255
18774,74
18774,298
18774,120
10982,270
10982,91
10982,315
10982,139
18798,286
18798,108
18798,335
18798,155
14521,303
14521,124
14521,356
14521,173
18821,320
18821,143
18821,375
18821,190
18834,341
18834,160
18834,393
18834,208
18846,360
18846,178
18846,412
18846,225
18858,380
18858,195
18858,430
18858,243
18869,399
18869,213
18869,8
18869,258
602,416
602,230
602,29
602,274
18893,434
18893,247
18893,46
18893,290
11093,12
11093,262
11093,65
11093,307
1722,33
1722,278
1722,82
1722,324
18931,51
18931,294
18931,100
18931,348
10535,69
10535,311
10535,116
10535,366
14086,86
14086,329
14086,134
14086,384
18966,104
18966,352
18966,151
18966,403
18979,120
18979,370
18979,169
18979,421
18991,139
18991,388
18991,186
18991,439
19002,155
19002,408
19002,204
19002,17
19013,173
19013,426
19013,221
19013,37
15754,190
15754,1
15754,239
15754,55
19034,208
19034,2
19034,255
19034,74
6714,225
6714,23
6714,270
6714,91
19060,243
19060,42
19060,286
19060,108
10899,258
10899,61
10899,303
10899,124
19085,274
19085,78
19085,320
19085,143
1838,290
1838,95
1838,341
1838,160
19107,307
19107,112
19107,360
19107,178
3180,324
3180,129
3180,380
3180,195
19131,348
19131,147
19131,399
19131,213
6784,366
6784,164
6784,416
6784,230
9886,384
9886,182
9886,434
9886,247
9591,403
9591,200
9591,12
9591,262
19170,421
19170,217
19170,33
19170,278
2676,439
2676,234
2676,51
2676,294
19194,17
19194,251
19194,69
19194,311
19206,37
19206,266
19206,86
19206,329
6968,55
6968,282
6968,104
6968,352
19227,74
19227,298
19227,120
19227,370
19239,91
19239,315
19239,139
19239,388
6933,108
6933,335
6933,155
6933,408
18641,124
18641,356
18641,173
18641,426
12278,143
12278,375
12278,190
12278,1
2186,160
2186,393
2186,208
2186,2
9534,178
9534,412
9534,225
9534,23
19306,195
19306,430
19306,243
19306,42
7419,213
7419,8
7419,258
7419,61
3216,230
3216,29
3216,274
3216,78
19340,247
19340,46
19340,290
19340,95
19355,262
19355,65
19355,307
19355,112
279,278
279,82
279,324
279,129
6058,294
6058,100
6058,348
6058,147
7822,311
7822,116
7822,366
7822,164
19405,329
19405,134
19405,384
19405,182
19417,352
19417,151
19417,403
19417,200
19429,370
19429,169
19429,421
19429,217
19444,388
19444,186
19444,439
19444,234
19456,408
19456,204
19456,17
19456,251
19467,426
19467,221
19467,37
19467,266
19479,1
19479,239
19479,55
19479,282
16040,2
16040,270
16040,108
16040,356
19503,23
19503,286
19503,124
19503,375
19516,42
19516,303
19516,143
19516,393
19529,61
19529,320
19529,160
19529,412
19539,78
19539,341
19539,178
19539,430
19551,95
19551,360
19551,195
19551,8
19561,112
19561,380
19561,213
19561,29
19574,129
19574,399
19574,230
19574,46
10055,147
10055,416
10055,247
10055,65
19597,164
19597,434
19597,262
19597,82
19609,182
19609,12
19609,278
19609,100
14023,200
14023,33
14023,294
14023,116
3022,217
3022,51
3022,311
3022,134
10438,234
10438,69
10438,329
10438,151
19650,251
19650,86
19650,352
19650,169
19662,266
19662,104
19662,370
19662,186
10459,282
10459,120
10459,388
10459,204
19688,298
19688,139
19688,408
19688,221
19701,315
19701,155
19701,426
19701,239
19711,335
19711,173
19711,1
19711,255
11024,356
11024,190
11024,2
11024,270
15819,375
15819,208
15819,23
15819,286
12641,393
12641,225
12641,42
12641,303
17553,412
17553,243
17553,61
17553,320
19764,430
19764,258
19764,78
19764,341
19776,8
19776,274
19776,95
19776,360
19787,29
19787,290
19787,112
19787,380
19797,46
19797,307
19797,129
19797,399
19809,65
19809,324
19809,147
19809,416
19819,82
19819,348
19819,164
19819,434
19828,100
19828,366
19828,182
19828,12
1826,116
1826,384
1826,200
1826,33
3822,134
3822,403
3822,217
3822,51
19044,151
19044,421
19044,234
19044,69
19865,169
19865,439
19865,251
19865,86
19879,186
19879,17
19879,266
19879,104
19890,204
19890,37
19890,282
19890,120
16871,221
16871,55
16871,298
16871,139
19913,239
19913,74
19913,315
19913,155
919,255
919,91
919,335
919,173
19940,270
19940,108
19940,356
19940,190
19954,286
19954,124
19954,375
19954,208
6172,303
6172,143
6172,393
6172,225
8994,320
8994,160
8994,412
8994,243
19988,341
19988,178
19988,430
19988,258
14062,360
14062,195
14062,8
14062,274
13491,380
13491,213
13491,29
13491,290
20019,399
20019,230
20019,46
20019,307
3319,416
3319,247
3319,65
3319,324
653,434
653,262
653,82
653,348
7132,12
7132,278
7132,100
7132,366
19490,33
19490,294
19490,116
19490,384
20068,51
20068,311
20068,134
20068,403
20080,69
20080,329
20080,151
20080,421
20094,86
20094,352
20094,169
20094,439
8010,104
8010,370
8010,186
8010,17
20118,120
20118,388
20118,204
20118,37
8687,139
8687,408
8687,221
8687,55
20142,155
20142,426
20142,239
20142,74
20154,173
20154,1
20154,255
20154,91
14874,190
14874,2
14874,270
14874,108
6818,208
6818,23
6818,286
6818,124
10679,225
10679,42
10679,303
10679,143
20198,243
20198,61
20198,320
20198,160
20211,258
20211,78
20211,341
20211,178
13977,274
13977,95
13977,360
13977,195
13614,290
13614,112
13614,380
13614,213
18713,307
18713,129
18713,399
18713,230
6464,324
6464,147
6464,416
6464,247
20268,348
20268,164
20268,434
20268,262
20279,366
20279,182
20279,12
20279,278
20289,384
20289,200
20289,33
20289,294
8557,403
8557,217
8557,51
8557,311
20313,421
20313,234
20313,69
20313,329
20323,439
20323,251
20323,86
20323,352
20338,17
20338,266
20338,104
20338,370
8259,37
8259,282
8259,120
8259,388
20359,55
20359,298
20359,139
20359,408
20373,74
20373,315
20373,155
20373,426
20385,91
20385,335
20385,173
20385,1
20400,108
20400,356
20400,190
20400,2
20412,124
20412,375
20412,208
20412,23
20424,143
20424,393
20424,225
20424,42
20437,160
20437,412
20437,243
20437,61
20451,178
20451,430
20451,258
20451,78
12239,195
12239,8
12239,274
12239,95
20475,213
20475,29
20475,290
20475,112
8267,230
8267,46
8267,307
8267,129
5562,247
5562,65
5562,324
5562,147
20508,262
20508,82
20508,348
20508,164
13891,278
13891,100
13891,366
13891,182
20532,294
20532,116
20532,384
20532,200
20542,311
20542,134
20542,403
20542,217
20554,329
20554,151
20554,421
20554,234
20566,352
20566,169
20566,439
20566,251
2127,370
2127,186
2127,17
2127,266
8130,388
8130,204
8130,37
8130,282
20594,408
20594,221
20594,55
20594,298
20605,426
20605,239
20605,74
20605,315
20619,1
20619,255
20619,91
20619,335
11664,2
11664,286
11664,143
11664,412
20642,23
20642,303
20642,160
20642,430
20656,42
20656,320
20656,178
20656,8
20669,61
20669,341
20669,195
20669,29
1192,78
1192,360
1192,213
1192,46
20692,95
20692,380
20692,230
20692,65
20705,112
20705,399
20705,247
20705,82
20718,129
20718,416
20718,262
20718,100
20731,147
20731,434
20731,278
20731,116
20743,164
20743,12
20743,294
20743,134
20754,182
20754,33
20754,311
20754,151
20765,200
20765,51
20765,329
20765,169
20778,217
20778,69
20778,352
20778,186
20789,234
20789,86
20789,370
20789,204
3424,251
3424,104
3424,388
3424,221
7094,266
7094,120
7094,408
7094,239
10756,282
10756,139
10756,426
10756,255
20833,298
20833,155
20833,1
20833,270
20848,315
20848,173
20848,2
20848,286
20860,335
20860,190
20860,23
20860,303
13317,356
13317,208
13317,42
13317,320
20885,375
20885,225
20885,61
20885,341
20894,393
20894,243
20894,78
20894,360
20903,412
20903,258
20903,95
20903,380
20913,430
20913,274
20913,112
20913,399
9235,8
9235,290
9235,129
9235,416
101,29
101,307
101,147
101,434
10127,46
10127,324
10127,164
10127,12
6309,65
6309,348
6309,182
6309,33
20974,82
20974,366
20974,200
20974,51
20988,100
20988,384
20988,217
20988,69
20998,116
20998,403
20998,234
20998,86
17493,134
17493,421
17493,251
17493,104
21018,151
21018,439
21018,266
21018,120
7407,169
7407,17
7407,282
7407,139
8158,186
8158,37
8158,298
8158,155
21050,204
21050,55
21050,315
21050,173
21061,221
21061,74
21061,335
21061,190
21073,239
21073,91
21073,356
21073,208
2175,255
2175,108
2175,375
2175,225
21093,270
21093,124
21093,393
21093,243
15749,286
15749,143
15749,412
15749,258
19124,303
19124,160
19124,430
19124,274
21126,320
21126,178
21126,8
21126,290
8361,341
8361,195
8361,29
8361,307
21147,360
21147,213
21147,46
21147,324
8529,380
8529,230
8529,65
8529,348
6416,399
6416,247
6416,82
6416,366
6055,416
6055,262
6055,100
6055,384
15725,434
15725,278
15725,116
15725,403
21203,12
21203,294
21203,134
21203,421
21214,33
21214,311
21214,151
21214,439
21224,51
21224,329
21224,169
21224,17
7581,69
7581,352
7581,186
7581,37
21247,86
21247,370
21247,204
21247,55
21260,104
21260,388
21260,221
21260,74
16220,120
16220,408
16220,239
16220,91
21286,139
21286,426
21286,255
21286,108
14441,155
14441,1
14441,270
14441,124
2044,173
2044,2
2044,286
2044,143
2494,190
2494,23
2494,303
2494,160
10529,208
10529,42
10529,320
10529,178
17001,225
17001,61
17001,341
17001,195
4261,243
4261,78
4261,360
4261,213
12108,258
12108,95
12108,380
12108,230
21369,274
21369,112
21369,399
21369,247
12733,290
12733,129
12733,416
12733,262
21393,307
21393,147
21393,434
21393,278
11971,324
11971,164
11971,12
11971,294
12211,348
12211,182
12211,33
12211,311
21426,366
21426,200
21426,51
21426,329
8074,384
8074,217
8074,69
8074,352
21449,403
21449,234
21449,86
21449,370
9736,421
9736,251
9736,104
9736,388
21474,439
21474,266
21474,120
21474,408
5993,17
5993,282
5993,139
5993,426
2931,37
2931,298
2931,155
2931,1
21512,55
21512,315
21512,173
21512,2
21524,74
21524,335
21524,190
21524,23
21535,91
21535,356
21535,208
21535,42
19955,108
19955,375
19955,225
19955,61
2235,124
2235,393
2235,243
2235,78
6322,143
6322,412
6322,258
6322,95
21584,160
21584,430
21584,274
21584,112
701,178
701,8
701,290
701,129
21606,195
21606,29
21606,307
21606,147
21619,213
21619,46
21619,324
21619,164
21629,230
21629,65
21629,348
21629,182
21643,247
21643,82
21643,366
21643,200
21654,262
21654,100
21654,384
21654,217
15169,278
15169,116
15169,403
15169,234
21680,294
21680,134
21680,421
21680,251
2770,311
2770,151
2770,439
2770,266
10426,329
10426,169
10426,17
10426,282
21709,352
21709,186
21709,37
21709,298
4348,370
4348,204
4348,55
4348,315
21736,388
21736,221
21736,74
21736,335
21746,408
21746,239
21746,91
21746,356
21757,426
21757,255
21757,108
21757,375
21769,1
21769,270
21769,124
21769,393
21780,2
21780,303
21780,178
21780,29
21793,23
21793,320
21793,195
21793,46
9354,42
9354,341
9354,213
9354,65
361,61
361,360
361,230
361,82
3633,78
3633,380
3633,247
3633,100
21840,95
21840,399
21840,262
21840,116
7603,112
7603,416
7603,278
7603,134
21863,129
21863,434
21863,294
21863,151
21874,147
21874,12
21874,311
21874,169
3097,164
3097,33
3097,329
3097,186
21892,182
21892,51
21892,352
21892,204
21906,200
21906,69
21906,370
21906,221
1147,217
1147,86
1147,388
1147,239
21931,234
21931,104
21931,408
21931,255
4765,251
4765,120
4765,426
4765,270
21951,266
21951,139
21951,1
21951,286
21963,282
21963,155
21963,2
21963,303
21973,298
21973,173
21973,23
21973,320
753,315
753,190
753,42
753,341
20360,335
20360,208
20360,61
20360,360
22008,356
22008,225
22008,78
22008,380
22020,375
22020,243
22020,95
22020,399
6382,393
6382,258
6382,112
6382,416
22040,412
22040,274
22040,129
22040,434
22053,430
22053,290
22053,147
22053,12
14885,8
14885,307
14885,164
14885,33
22070,29
22070,324
22070,182
22070,51
22081,46
22081,348
22081,200
22081,69
3988,65
3988,366
3988,217
3988,86
22100,82
22100,384
22100,234
22100,104
7952,100
7952,403
7952,251
7952,120
7423,116
7423,421
7423,266
7423,139
10230,134
10230,439
10230,282
10230,155
20095,151
20095,17
20095,298
20095,173
7050,169
7050,37
7050,315
7050,190
15195,186
15195,55
15195,335
15195,208
10776,204
10776,74
10776,356
10776,225
22189,221
22189,91
22189,375
22189,243
22199,239
22199,108
22199,393
22199,258
22208,255
22208,124
22208,412
22208,274
5967,270
5967,143
5967,430
5967,290
22232,286
22232,160
22232,8
22232,307
22247,303
22247,178
22247,29
22247,324
14541,320
14541,195
14541,46
14541,348
19437,341
19437,213
19437,65
19437,366
5519,360
5519,230
5519,82
5519,384
4268,380
4268,247
4268,100
4268,403
22302,399
22302,262
22302,116
22302,421
22312,416
22312,278
22312,134
22312,439
22322,434
22322,294
22322,151
22322,17
5013,12
5013,311
5013,169
5013,37
11103,33
11103,329
11103,186
11103,55
22360,51
22360,352
22360,204
22360,74
5002,69
5002,370
5002,221
5002,91
17369,86
17369,388
17369,239
17369,108
22394,104
22394,408
22394,255
22394,124
9530,120
9530,426
9530,270
9530,143
22419,139
22419,1
22419,286
22419,160
22285,155
22285,2
22285,303
22285,178
22442,173
22442,23
22442,320
22442,195
20954,190
20954,42
20954,341
20954,213
3652,208
3652,61
3652,360
3652,230
8649,225
8649,78
8649,380
8649,247
6767,243
6767,95
6767,399
6767,262
13194,258
13194,112
13194,416
13194,278
9238,274
9238,129
9238,434
9238,294
22524,290
22524,147
22524,12
22524,311
22533,307
22533,164
22533,33
22533,329
22543,324
22543,182
22543,51
22543,352
9038,348
9038,200
9038,69
9038,370
7364,366
7364,217
7364,86
7364,388
11339,384
11339,234
11339,104
11339,408
11088,403
11088,251
11088,120
11088,426
20057,421
20057,266
20057,139
20057,1
22610,439
22610,282
22610,155
22610,2
22624,17
22624,298
22624,173
22624,23
6325,37
6325,315
6325,190
6325,42
22645,55
22645,335
22645,208
22645,61
976,74
976,356
976,225
976,78
931,91
931,375
931,243
931,95
22682,108
22682,393
22682,258
22682,112
22694,124
22694,412
22694,274
22694,129
2550,143
2550,430
2550,290
2550,147
22715,160
22715,8
22715,307
22715,164
22729,178
22729,29
22729,324
22729,182
22741,195
22741,46
22741,348
22741,200
22753,213
22753,65
22753,366
22753,217
12913,230
12913,82
12913,384
12913,234
12468,247
12468,100
12468,403
12468,251
6452,262
6452,116
6452,421
6452,266
22800,278
22800,134
22800,439
22800,282
22811,294
22811,151
22811,17
22811,298
22824,311
22824,169
22824,37
22824,315
22834,329
22834,186
22834,55
22834,335
22847,352
22847,204
22847,74
22847,356
22861,370
22861,221
22861,91
22861,375
22872,388
22872,239
22872,108
22872,393
6123,408
6123,255
6123,124
6123,412
2087,426
2087,270
2087,143
2087,430
22905,1
22905,286
22905,160
22905,8
1156,2
1156,320
1156,213
1156,82
22925,23
22925,341
22925,230
22925,100
22938,42
22938,360
22938,247
22938,116
944,61
944,380
944,262
944,134
12723,78
12723,399
12723,278
12723,151
22975,95
22975,416
22975,294
22975,169
22987,112
22987,434
22987,311
22987,186
23000,129
23000,12
23000,329
23000,204
4385,147
4385,33
4385,352
4385,221
23025,164
23025,51
23025,370
23025,239
2788,182
2788,69
2788,388
2788,255
23046,200
23046,86
23046,408
23046,270
23061,217
23061,104
23061,426
23061,286
23072,234
23072,120
23072,1
23072,303
23084,251
23084,139
23084,2
23084,320
23097,266
23097,155
23097,23
23097,341
1661,282
1661,173
1661,42
1661,360
23122,298
23122,190
23122,61
23122,380
23134,315
23134,208
23134,78
23134,399
6898,335
6898,225
6898,95
6898,416
23155,356
23155,243
23155,112
23155,434
23165,375
23165,258
23165,129
23165,12
6344,393
6344,274
6344,147
6344,33
6260,412
6260,290
6260,164
6260,51
8188,430
8188,307
8188,182
8188,69
5316,8
5316,324
5316,200
5316,86
23226,29
23226,348
23226,217
23226,104
3349,46
3349,366
3349,234
3349,120
11522,65
11522,384
11522,251
11522,139
23258,82
23258,403
23258,266
23258,155
3458,100
3458,421
3458,282
3458,173
771,116
771,439
771,298
771,190
23291,134
23291,17
23291,315
23291,208
23301,151
23301,37
23301,335
23301,225
23313,169
23313,55
23313,356
23313,243
23324,186
23324,74
23324,375
23324,258
11149,204
11149,91
11149,393
11149,274
23348,221
23348,108
23348,412
23348,290
21026,239
21026,124
21026,430
21026,307
23372,255
23372,143
23372,8
23372,324
8029,270
8029,160
8029,29
8029,348
23394,286
23394,178
23394,46
23394,366
19941,303
19941,195
19941,65
19941,384
23416,320
23416,213
23416,82
23416,403
13434,341
13434,230
13434,100
13434,421
4362,360
4362,247
4362,116
4362,439
23447,380
23447,262
23447,134
23447,17
23459,399
23459,278
23459,151
23459,37
13805,416
13805,294
13805,169
13805,55
23483,434
23483,311
23483,186
23483,74
23497,12
23497,329
23497,204
23497,91
15761,33
15761,352
15761,221
15761,108
10817,51
10817,370
10817,239
10817,124
23534,69
23534,388
23534,255
23534,143
23547,86
23547,408
23547,270
23547,160
23563,104
23563,426
23563,286
23563,178
23574,120
23574,1
23574,303
23574,195
23058,139
23058,2
23058,320
23058,213
10672,155
10672,23
10672,341
10672,230
23604,173
23604,42
23604,360
23604,247
3579,190
3579,61
3579,380
3579,262
13642,208
13642,78
13642,399
13642,278
23638,225
23638,95
23638,416
23638,294
10156,243
10156,112
10156,434
10156,311
17381,258
17381,129
17381,12
17381,329
23673,274
23673,147
23673,33
23673,352
23685,290
23685,164
23685,51
23685,370
6157,307
6157,182
6157,69
6157,388
22336,324
22336,200
22336,86
22336,408
4415,348
4415,217
4415,104
4415,426
23728,366
23728,234
23728,120
23728,1
710,384
710,251
710,139
710,2
23747,403
23747,266
23747,155
23747,23
23757,421
23757,282
23757,173
23757,42
10835,439
10835,298
10835,190
10835,61
5313,17
5313,315
5313,208
5313,78
5623,37
5623,335
5623,225
5623,95
18340,55
18340,356
18340,243
18340,112
23813,74
23813,375
23813,258
23813,129
23824,91
23824,393
23824,274
23824,147
23838,108
23838,412
23838,290
23838,164
23850,124
23850,430
23850,307
23850,182
10735,143
10735,8
10735,324
10735,200
10369,160
10369,29
10369,348
10369,217
23886,178
23886,46
23886,366
23886,234
21848,195
21848,65
21848,384
21848,251
14781,213
14781,82
14781,403
14781,266
7289,230
7289,100
7289,421
7289,282
23927,247
23927,116
23927,439
23927,298
1607,262
1607,134
1607,17
1607,315
6088,278
6088,151
6088,37
6088,335
1286,294
1286,169
1286,55
1286,356
23967,311
23967,186
23967,74
23967,375
23983,329
23983,204
23983,91
23983,393
20255,352
20255,221
20255,108
20255,412
15510,370
15510,239
15510,124
15510,430
24016,388
24016,255
24016,143
24016,8
11211,408
11211,270
11211,160
11211,29
24039,426
24039,286
24039,178
24039,46
24050,1
24050,303
24050,195
24050,65
12917,2
12917,341
12917,247
12917,134
24075,23
24075,360
24075,262
24075,151
16755,42
16755,380
16755,278
16755,169
1911,61
1911,399
1911,294
1911,186
24103,78
24103,416
24103,311
24103,204
24117,95
24117,434
24117,329
24117,221
3461,112
3461,12
3461,352
3461,239
11405,129
11405,33
11405,370
11405,255
24151,147
24151,51
24151,388
24151,270
24164,164
24164,69
24164,408
24164,286
24173,182
24173,86
24173,426
24173,303
24185,200
24185,104
24185,1
24185,320
22818,217
22818,120
22818,2
22818,341
24205,234
24205,139
24205,23
24205,360
18057,251
18057,155
18057,42
18057,380
24229,266
24229,173
24229,61
24229,399
24239,282
24239,190
24239,78
24239,416
24248,298
24248,208
24248,95
24248,434
2577,315
2577,225
2577,112
2577,12
7482,335
7482,243
7482,129
7482,33
24283,356
24283,258
24283,147
24283,51
16351,375
16351,274
16351,164
16351,69
6814,393
6814,290
6814,182
6814,86
24312,412
24312,307
24312,200
24312,104
24325,430
24325,324
24325,217
24325,120
24337,8
24337,348
24337,234
24337,139
24350,29
24350,366
24350,251
24350,155
11526,46
11526,384
11526,266
11526,173
12864,65
12864,403
12864,282
12864,190
24387,82
24387,421
24387,298
24387,208
5198,100
5198,439
5198,315
5198,225
24409,116
24409,17
24409,335
24409,243
24259,134
24259,37
24259,356
24259,258
24430,151
24430,55
24430,375
24430,274
13051,169
13051,74
13051,393
13051,290
11968,186
11968,91
11968,412
11968,307
803,204
803,108
803,430
803,324
19860,221
19860,124
19860,8
19860,348
12043,239
12043,143
12043,29
12043,366
23857,255
23857,160
23857,46
23857,384
7008,270
7008,178
7008,65
7008,403
24521,286
24521,195
24521,82
24521,421
13438,303
13438,213
13438,100
13438,439
12340,320
12340,230
12340,116
12340,17
2695,341
2695,247
2695,134
2695,37
22416,360
22416,262
22416,151
22416,55
17805,380
17805,278
17805,169
17805,74
24580,399
24580,294
24580,186
24580,91
24591,416
24591,311
24591,204
24591,108
15141,434
15141,329
15141,221
15141,124
517,12
517,352
517,239
517,143
2076,33
2076,370
2076,255
2076,160
24639,51
24639,388
24639,270
24639,178
2590,69
2590,408
2590,286
2590,195
23407,86
23407,426
23407,303
23407,213
24677,104
24677,1
24677,320
24677,230
20438,120
20438,2
20438,341
20438,247
24700,139
24700,23
24700,360
24700,262
20421,155
20421,42
20421,380
20421,278
8025,173
8025,61
8025,399
8025,294
2974,190
2974,78
2974,416
2974,311
11112,208
11112,95
11112,434
11112,329
8310,225
8310,112
8310,12
8310,352
24739,243
24739,129
24739,33
24739,370
10073,258
10073,147
10073,51
10073,388
3954,274
3954,164
3954,69
3954,408
18065,290
18065,182
18065,86
18065,426
1875,307
1875,200
1875,104
1875,1
24810,324
24810,217
24810,120
24810,2
24820,348
24820,234
24820,139
24820,23
14646,366
14646,251
14646,155
14646,42
3455,384
3455,266
3455,173
3455,61
11168,403
11168,282
11168,190
11168,78
2967,421
2967,298
2967,208
2967,95
24873,439
24873,315
24873,225
24873,112
24886,17
24886,335
24886,243
24886,129
24896,37
24896,356
24896,258
24896,147
11763,55
11763,375
11763,274
11763,164
24918,74
24918,393
24918,290
24918,182
24930,91
24930,412
24930,307
24930,200
7389,108
7389,430
7389,324
7389,217
24955,124
24955,8
24955,348
24955,234
24967,143
24967,29
24967,366
24967,251
24977,160
24977,46
24977,384
24977,266
16575,178
16575,65
16575,403
16575,282
1693,195
1693,82
1693,421
1693,298
25010,213
25010,100
25010,439
25010,315
18357,230
18357,116
18357,17
18357,335
10295,247
10295,134
10295,37
10295,356
25044,262
25044,151
25044,55
25044,375
25056,278
25056,169
25056,74
25056,393
25069,294
25069,186
25069,91
25069,412
21304,311
21304,204
21304,108
21304,430
25091,329
25091,221
25091,124
25091,8
25101,352
25101,239
25101,143
25101,29
7259,370
7259,255
7259,160
7259,46
15112,388
15112,270
15112,178
15112,65
947,408
947,286
947,195
947,82
23177,426
23177,303
23177,213
23177,100
21854,1
21854,320
21854,230
21854,116