S_SUPPKEY,S_NAME,S_ADDRESS,S_NATIONKEY,S_PHONE,S_ACCTBAL,S_COMMENT
1,2,3,4,5,6,7,8
9,10,11,12,13,14,15,16
17,18,19,20,1,21,22,23
24,25,26,27,28,29,30
13,31,32,33,34,35,36
37,38,39,40,41,42,43
44,45,46,47,48,49,50,51
52,53,54,5,55,56,57
58,59,60,61,62,63,64,65
61,66,67,68,69,70,71
33,72,73,74,75,76,77,78,79,80
81,82,83,52,84,85,86,87
88,89,90,91,17,92,93,94
40,95,96,27,97,98,99
27,100,101,102,52,103,104,105
106,107,108,109,110,111,112
5,113,114,115,116,117,118,119
77,120,121,106,122,123,124
116,125,126,127,68,128,129,130
131,132,133,134,135,17,136,137,138,139,140
141,142,143,9,144,145,146
109,147,148,149,24,150,151,152
48,153,154,58,155,156,157,158
68,159,160,161,162,163,164
165,166,167,109,168,169,170
171,172,173,174,141,175,176,177
178,179,180,77,181,182,183
184,185,186,187,161,188,189,190
191,192,193,1,194,195,196
197,198,199,106,200,201,202,203
204,205,206,106,207,208,209
210,211,212,48,213,214,215
216,217,218,44,219,220,221
222,223,224,225,61,226,227,228
229,230,231,232,141,233,234,235,236
237,238,239,88,240,241,242,243
244,245,246,161,247,248,249
250,251,252,24,253,254,255
256,257,258,259,52,260,261,262
263,264,265,109,266,267,268
269,270,271,77,272,273,274
275,276,277,109,278,279,280
281,282,283,81,284,285,286,287
288,289,290,44,291,292,293
294,295,296,58,297,298,299,300
301,302,303,304,68,305,306,307,308
309,310,311,312,313,40,314,315,316
317,318,319,40,320,321,322
323,324,325,68,326,327,328
329,330,331,58,332,333,334,335
336,337,338,58,339,340,341,342
343,344,345,12,116,346,347,348,349
350,351,352,44,353,354,355,356
357,358,359,360,81,361,362,363
364,365,366,68,367,368,369,370
371,372,373,106,374,375,376
377,378,379,5,380,381,382
383,384,385,106,386,387,388,389
390,391,392,5,393,394,395
396,397,398,52,399,400,401
402,403,404,52,405,406,407
408,409,410,116,411,412,413,414
415,416,417,418,13,419,420,421
422,423,424,68,425,426,427
428,429,430,109,431,432,433
434,435,436,437,438,48,439,440,441
442,443,444,24,445,446,447
448,449,450,451,141,452,453,454
455,456,457,458,24,459,460,461
462,463,464,465,37,466,467,468
469,470,471,1,472,473,474,475
476,477,478,77,479,480,481
482,483,484,106,485,486,487
488,489,490,131,491,492,493
494,495,496,77,497,498,499,500
501,502,503,40,504,505,12,506
507,508,509,510,44,511,512,513
514,515,516,13,517,518,12,519
520,521,522,40,523,524,525
526,527,528,529,141,530,531,532
533,534,535,536,81,537,538,539
540,541,542,77,543,544,545
546,547,548,40,549,550,551
552,553,554,68,555,556,557
558,559,560,44,561,562,563
564,565,566,116,567,568,569,570
571,572,573,68,574,575,576
577,578,579,33,580,581,582
583,584,585,58,586,587,588
589,590,591,592,593,37,594,595,596
597,598,599,17,600,601,602
603,604,605,9,606,607,608
609,610,611,612,106,613,614,615
616,617,618,619,24,620,621,622
623,624,625,116,626,627,628
629,630,631,632,81,633,634,635
636,637,638,24,639,640,46,641
642,643,644,141,645,646,647
648,649,650,651,77,652,653,654
655,656,657,141,658,659,660
