P_PARTKEY,P_NAME,P_MFGR,P_BRAND,P_TYPE,P_SIZE,P_CONTAINER,P_RETAILPRICE,P_COMMENT
1,2,3,4,5,6,7,8,9
10,11,3,4,12,1,13,14,15
16,17,18,19,20,21,22,23,24
25,26,27,28,29,30,31,32,33
34,35,27,36,37,38,39,40,41
42,43,44,45,46,25,47,48,49
6,50,3,51,52,53,54,55,56
57,58,18,59,60,61,62,63,64
65,66,18,67,68,69,22,70,71
72,73,74,75,76,77,78,79,80
81,82,44,83,84,85,86,87,88
69,89,27,90,91,92,93,94,95
96,97,74,98,99,1,100,101,102
30,103,3,4,104,105,106,107,108
38,109,3,110,111,53,13,112,113
114,115,27,36,116,10,117,118,119
120,121,18,67,122,114,123,124,125
126,127,3,51,68,128,100,129,130
131,132,44,133,134,135,86,136,137
138,139,3,140,141,142,47,143,144
21,145,27,90,146,147,47,148,149
150,151,18,67,152,131,62,153,154
155,156,27,157,158,128,159,160,161,162
163,164,74,165,166,138,167,168,169
92,170,74,98,171,16,172,173,174
175,176,27,36,177,178,179,180,181
182,183,3,184,185,138,186,187,188
105,189,18,59,52,131,7,190,191,192
193,194,27,90,195,6,62,196,197
198,199,18,19,200,120,123,201,202
147,203,74,204,205,72,206,207,208
178,209,18,19,210,147,13,211,212
135,213,44,214,215,114,216,217,218
219,220,3,4,221,57,106,222,223
224,225,18,67,226,30,100,227,228
229,230,44,83,231,16,232,233,234
235,236,18,237,238,142,106,239,240
241,242,18,67,243,81,244,245,246
247,248,74,204,249,85,159,250,251
252,253,44,83,254,182,179,255,256
61,257,44,133,258,6,259,260,261
128,262,74,165,158,53,123,263,264
85,265,18,59,266,34,22,267,268
77,269,18,237,270,142,271,272,273
53,274,18,67,275,65,276,277,278
279,280,3,51,37,53,22,281,282
283,284,18,237,285,30,100,286,287
142,288,74,204,289,182,93,290,291
292,293,44,45,146,147,31,294,295
296,297,27,90,185,92,298,299,300
301,302,18,237,303,219,100,304,305
306,307,27,157,308,92,22,309,310
311,312,44,133,303,178,47,313,314
315,316,44,317,318,131,22,319,320
321,322,44,133,323,65,47,324,325
326,327,3,140,166,138,328,329,330
331,332,27,36,333,292,186,334,335
336,337,74,204,37,77,338,339,340
341,342,74,204,343,10,206,344,345
346,347,3,51,348,182,93,349,350
351,352,74,75,353,126,328,354,355
356,357,27,157,358,247,106,359,360
361,362,27,36,84,72,232,363,364
365,366,44,317,226,1,232,367,368
369,370,74,204,371,16,372,373,374
375,376,27,157,377,279,179,378,379
380,381,44,317,382,147,328,383,384,385
386,387,3,51,388,72,86,389,390
391,392,74,165,393,10,394,395,396
397,398,3,51,289,128,338,399,400
401,402,27,90,403,175,328,404,405
406,407,44,133,408,92,100,409,410
411,412,44,317,413,224,328,414,415
416,417,74,98,243,92,93,418,419
420,421,27,157,353,247,244,422,423
424,425,27,28,371,65,39,426,427
428,429,74,165,171,96,186,430,431
432,433,3,184,434,163,435,436,437
438,439,18,237,440,150,172,441,442
443,444,18,59,445,105,372,446,447
448,449,74,204,450,21,47,451,452
453,454,3,110,455,69,86,456,457
458,459,3,140,460,283,461,462,463
464,465,18,237,134,175,100,466,467
468,469,74,98,377,114,206,470,471
472,473,18,59,474,235,13,475,476
477,478,18,479,480,61,481,482,483
484,485,18,59,195,114,179,486,487
488,489,74,204,490,6,491,492,493
494,495,74,496,434,292,232,497,498
499,500,44,317,205,178,7,501,502
503,504,44,214,408,224,7,505,506
507,508,44,45,185,10,328,509,510
511,512,27,157,20,178,394,513,514
515,516,27,90,517,229,328,518,519
520,521,74,204,289,178,179,522,523
524,525,27,90,393,292,526,527,528
529,530,74,75,531,150,491,532,533
534,535,44,317,68,81,7,536,537
538,539,27,90,258,25,206,540,541
542,543,27,36,544,175,159,545,546,547
548,549,27,550,333,120,551,552,553
554,555,44,83,556,53,328,557,558
559,560,3,4,91,229,172,561,562
563,564,3,110,565,182,62,566,567
568,569,27,550,556,105,328,570,571
572,573,74,204,146,69,574,575,576
577,578,3,140,579,61,186,580,581
582,583,27,90,455,81,338,584,585
586,587,27,90,588,279,62,589,590
591,592,74,75,593,105,159,594,595
596,597,18,67,598,128,232,599,600,601
602,603,27,550,604,155,78,605,606
607,608,74,496,609,61,117,610,611
612,613,18,237,614,163,372,615,616
617,618,74,204,619,135,271,620,621
622,623,3,184,382,92,206,624,625
626,627,44,83,200,147,117,628,629
630,631,18,67,632,198,22,633,634
635,636,3,184,134,53,259,637,638
639,640,3,184,323,96,39,641,642
643,644,44,317,645,57,62,646,647
648,649,3,140,146,147,7,650,651
652,653,27,36,388,1,123,654,655
656,657,3,140,358,120,276,658,659
660,661,18,237,662,25,206,663,664
665,666,74,165,353,30,435,667,668
669,670,44,214,116,34,54,671,672
673,674,3,110,238,138,244,675,676
677,678,44,133,679,175,123,680,681
682,683,74,165,531,85,31,684,685
686,687,18,237,688,10,328,689,690
691,692,3,4,275,131,216,693,694
695,696,18,19,104,224,39,697,698
699,700,44,317,701,163,93,702,703
704,705,44,214,706,10,276,707,708
709,710,27,550,711,92,117,712,713
714,715,3,4,254,128,716,717,718
719,720,27,36,721,6,394,722,723
724,725,74,204,726,53,394,727,728
729,730,27,157,731,155,39,732,733
734,735,74,98,531,229,491,736,737
738,739,27,28,740,77,47,741,742
743,744,3,184,745,175,394,746,747
748,749,74,204,750,163,54,751,752
753,754,27,28,171,81,481,755,756
757,758,3,51,759,193,7,760,761
762,763,27,550,726,138,394,764,765
766,767,44,45,99,42,186,768,769
770,771,27,157,517,21,54,772,773
774,775,27,28,776,53,372,777,778
779,780,74,204,781,142,167,782,783
784,785,3,51,474,138,47,786,787
788,789,3,51,258,1,172,790,791
792,793,44,317,275,105,22,794,795,796
797,798,18,67,799,10,216,800,801
802,803,3,51,804,175,100,805,806
807,808,18,237,809,283,435,810,811
812,813,18,67,814,279,54,815,816
817,818,74,98,819,283,232,820,821
822,823,44,214,474,120,271,824,825
826,827,27,90,828,224,100,829,830
831,832,44,317,740,219,328,833,834
835,836,44,133,776,224,172,837,838
839,840,3,110,726,163,461,841,842
843,844,74,165,348,25,47,845,846
847,848,27,36,544,279,86,849,850
851,852,3,4,413,138,716,853,854
855,856,74,98,20,72,93,857,858
859,860,27,90,348,105,62,861,862
863,864,3,51,588,252,435,865,866
867,868,74,204,579,105,167,869,870
871,872,3,140,873,120,13,874,875
876,877,3,110,323,92,13,878,879
880,881,3,51,200,53,159,882,883
884,885,44,45,886,252,372,887,888
889,890,44,317,721,128,206,891,892
893,894,3,4,37,72,435,895,896
897,898,18,67,122,138,435,899,900
901,902,27,90,84,6,276,903,904
905,906,44,45,166,131,526,907,908
909,910,27,550,828,81,232,911,912
913,914,74,165,266,224,216,915,916
917,918,74,204,249,128,123,919,920
921,922,18,59,455,25,276,923,924
925,926,44,133,450,38,7,927,928
929,930,18,237,440,53,372,931,932
933,934,74,75,243,65,372,935,936
937,938,44,214,939,96,328,940,941
942,943,74,204,944,155,276,945,946
947,948,27,550,393,229,86,949,950
951,952,27,28,171,120,47,953,954,955
956,957,18,237,958,147,39,959,960
961,962,74,496,434,6,461,963,964
965,966,18,479,967,252,167,968,969
970,971,27,90,353,16,159,972,973
974,975,74,165,976,126,244,977,978
979,980,18,479,981,85,271,982,983
984,985,27,550,711,155,716,986,987
988,989,74,75,393,150,216,990,991
992,993,18,19,104,126,172,994,995
996,997,18,237,371,292,31,998,999
1000,1001,74,98,731,128,47,1002,1003
1004,1005,74,75,318,150,244,1006,1007
1008,1009,74,75,215,10,716,1010,1011
1012,1013,44,83,1014,155,232,1015,1016
1017,1018,27,157,1019,142,372,1020,1021,601
1022,1023,27,157,1024,34,117,1025,1026
1027,1028,3,51,711,42,372,1029,1030
1031,1032,27,36,873,34,435,1033,1034
1035,1036,27,36,1037,85,216,1038,1039
1040,1041,74,204,1042,128,106,1043,1044
1045,1046,27,157,565,30,526,1047,1048
1049,1050,18,479,445,198,206,1051,1052,1053
1054,1055,74,165,303,131,271,1056,1057
1058,1059,18,237,1060,224,491,1061,1062
1063,1064,74,165,195,77,31,1065,1066
1067,1068,18,479,60,163,481,1069,1070
1071,1072,18,237,440,147,491,1073,1074
1075,1076,3,184,1042,92,167,1077,1078
1079,1080,74,496,750,6,62,1081,1082
1083,1084,27,90,111,224,13,1085,1086,1087
1088,1089,27,90,544,193,47,1090,1091
1092,1093,3,4,1094,279,86,1095,1096
1097,1098,18,237,450,155,167,1099,1100
1101,1102,27,90,388,6,39,1103,1104
1105,1106,18,59,382,21,338,1107,1108
1109,1110,18,59,711,69,551,1111,1112
1113,1114,3,110,104,131,372,1115,1116
1117,1118,74,496,726,138,39,1119,1120
1121,1122,74,496,809,120,117,1123,1124
1125,1126,74,204,944,296,39,1127,1128,1129
1130,1131,27,28,226,92,271,1132,1133
1134,1135,3,4,1037,175,86,1136,1137
1138,1139,27,36,323,25,491,1140,1141
1142,1143,74,98,804,147,435,1144,1145
1146,1147,44,83,1148,292,551,1149,1150
1151,1152,27,28,249,224,78,1153,1154,1155
1156,1157,44,45,1158,229,328,1159,1160
1161,1162,27,36,99,1,78,1163,1164
1165,1166,74,496,171,16,22,1167,1168
1169,1170,27,157,104,128,206,1171,1172
1173,1174,27,36,91,292,394,1175,1176
1177,1178,74,496,958,142,123,1179,1180
1181,1182,44,133,1183,247,7,1184,1185
1186,1187,44,317,1042,126,461,1188,1189
1190,1191,74,204,285,25,100,1192,1193
1194,1195,3,110,29,57,117,1196,1197
1198,1199,18,59,958,38,435,1200,1201
1202,1203,18,59,619,224,22,1204,1205
1206,1207,3,110,967,61,526,1208,1209
1210,1211,3,51,579,150,328,1212,1213
1214,1215,18,237,200,114,216,1216,1217,1218
1219,1220,18,59,270,72,491,1221,1222
1223,1224,44,317,1014,163,232,1225,1226
1227,1228,27,36,1148,10,551,1229,1230
1231,1232,18,479,1233,81,244,1234,1235
1236,1237,18,67,1238,126,328,1239,1240
1241,1242,44,133,1243,61,481,1244,1245
1246,1247,74,98,731,72,206,1248,1249
1250,1251,18,479,37,77,100,1252,1253
1254,1255,74,165,1060,114,172,1256,1257
1258,1259,3,184,254,279,167,1260,1261
1262,1263,3,184,146,155,461,1264,1265
1266,1267,18,67,104,131,22,1268,1269
1270,1271,18,67,122,92,62,1272,1273
1274,1275,44,45,1276,61,100,1277,1278
1279,1280,44,214,1060,57,491,1281,1282
1283,1284,3,4,776,34,86,1285,1286
1287,1288,44,83,5,53,47,1289,1290
1291,1292,74,165,195,178,186,1293,1294
1295,1296,74,165,1276,247,216,1297,1298
1299,1300,44,83,358,296,123,1301,1302
1303,1304,44,133,781,279,435,1305,1306
1307,1308,18,237,285,235,394,1309,1310
1311,1312,44,83,413,34,435,1313,1314
1315,1316,18,67,1317,292,159,1318,1319
1320,1321,18,19,84,292,244,1322,1323
1324,1325,27,157,814,182,167,1326,1327
1328,1329,44,317,490,135,78,1330,1331,1332
1333,1334,3,140,706,6,372,1335,1336
1337,1338,3,51,413,77,526,1339,1340
1341,1342,3,140,1343,57,551,1344,1345
1346,1347,74,496,1233,65,31,1348,1349
1350,1351,44,83,185,128,271,1352,1353
1354,1355,74,204,343,1,22,1356,1357,1053
1358,1359,3,110,679,182,551,1360,1361,547
1362,1363,44,133,688,147,179,1364,1365
1366,1367,18,67,604,252,13,1368,1369
1370,1371,3,140,285,131,159,1372,1373
1374,1375,74,75,210,175,244,1376,1377
1378,1379,3,140,679,10,372,1380,1381
1382,1383,74,165,614,163,271,1384,1385
1386,1387,44,45,455,224,244,1388,1389
1390,1391,44,83,99,292,159,1392,1393
1394,1395,3,4,285,105,39,1396,547,1397
1398,1399,44,214,76,155,338,1400,1401
1402,1403,18,237,750,96,232,1404,1405
1406,1407,18,479,1238,175,298,1408,1409
1410,1411,18,59,440,1,481,1412,1413
1414,1415,18,19,122,42,526,1416,1417
1418,1419,18,479,152,219,54,1420,1421
1422,1423,18,237,210,6,93,1424,1425
1426,1427,18,67,799,69,62,1428,1429
1430,1431,3,110,745,42,54,1432,1433
1434,1435,27,90,353,92,216,1436,1437
1438,1439,44,317,285,198,328,1440,1441
1442,1443,44,317,688,252,259,1444,1445
1446,1447,18,19,1014,292,7,1448,1449
1450,1451,3,184,1452,178,491,1453,1454
1455,1456,18,59,270,126,62,1457,1458,547
1459,1460,27,36,1461,193,167,1462,1463
1464,1465,27,28,1466,96,481,1467,1468
1469,1470,27,157,726,30,62,1471,1472
1473,1474,44,133,111,138,435,1475,1476
1477,1478,18,479,1479,65,167,1480,1481
1482,1483,3,110,632,219,106,1484,1485
1486,1487,3,140,460,138,93,1488,1489
1490,1491,27,550,158,77,123,1492,1493
1494,1495,74,204,544,175,328,1496,1497
1498,1499,74,496,804,65,244,1500,1501
1502,1503,27,157,726,178,93,1504,1505
1506,1507,18,479,939,38,167,1508,1509
1510,1511,44,83,1343,229,54,1512,1513
1514,1515,3,110,1024,150,117,1516,1517
1518,1519,27,28,544,142,232,1520,1521
1522,1523,44,133,152,30,271,1524,1525
1526,1527,27,28,1528,163,93,1529,1530
1531,1532,27,550,1037,21,216,1533,1534
1535,1536,27,157,1024,126,435,1537,1538
1539,1540,44,83,231,38,259,1541,1542
1543,1544,44,45,358,30,461,1545,1546
1547,1548,44,317,1233,1,62,1549,1550
1551,1552,27,550,210,178,435,1553,1554
1555,1556,27,36,413,16,244,1557,1558
1559,1560,44,83,200,16,259,1561,1562
1563,1564,44,133,371,193,31,1565,1566
1567,1568,3,184,1014,175,159,1569,1570
1571,1572,44,133,5,30,338,1573,1574
1575,1576,44,133,205,16,106,1577,1578
1579,1580,18,237,1528,219,186,1581,1582
1583,1584,18,67,944,235,232,1585,1586
1587,1588,27,157,377,6,244,1589,1590
1591,1592,18,237,185,247,394,1593,1594
1595,1596,18,237,303,150,78,1597,1598
1599,1600,74,496,323,57,216,1601,1602
1603,1604,27,28,745,105,276,1605,1128,1606
1607,1608,74,204,781,114,86,1609,1610
1611,1612,44,45,303,69,491,1613,1614
1615,1616,27,36,1617,92,526,1618,1619
1620,1621,27,36,474,142,526,1622,1623
1624,1625,18,19,333,77,232,1626,1627
1628,1629,27,28,60,85,259,1630,1631
1632,1633,18,19,1461,241,78,1634,1635
1636,1637,74,165,1638,114,159,1639,1640
1641,1642,3,184,967,279,276,1643,1644
1645,1646,18,19,1019,131,551,1647,1648
1649,1650,44,45,20,247,100,1651,1652
1653,1654,27,157,445,131,62,1655,1656
1657,1658,27,157,565,30,86,1659,1660
1661,1662,74,165,976,128,328,1663,1664
1665,1666,3,4,1233,65,172,1667,1668
1669,1670,44,214,226,114,259,1671,1672
1673,1674,18,67,1675,21,186,1676,1677
1678,1679,27,550,104,57,78,1680,1681
1682,1683,74,204,1684,279,328,1685,756
1686,1687,44,133,403,10,100,1688,1689
1690,1691,74,165,450,57,271,1692,1693,601
1694,1695,44,317,1696,81,394,1697,1698
1699,1700,74,165,593,279,106,1701,1702
1703,1704,18,237,1705,182,47,1706,1707
1708,1709,27,36,544,224,78,1710,1711
1712,1713,74,204,474,235,100,1714,1715
1716,1717,3,51,480,126,574,1718,1719
1720,1721,3,110,1696,114,159,1722,1723
1724,1725,18,59,721,77,39,1726,1727
1728,1729,18,59,588,114,86,1730,1731
1732,1733,27,36,52,53,100,1734,1735,1736
1737,1738,27,90,434,34,179,1739,1740
1741,1742,18,479,517,42,716,1743,1744
1745,1746,74,204,1705,235,13,1747,1748
1749,1750,18,479,1276,25,461,1751,1752
1753,1754,44,133,413,53,271,1755,1756
1757,1758,18,67,308,10,526,1759,1760
1761,1762,3,140,474,61,259,1763,1764
1765,1766,3,4,726,25,394,1767,1768
1769,1770,27,28,593,155,22,1771,1772
1773,1774,3,51,614,138,216,1775,1776
1777,1778,3,51,1466,114,186,1779,1780
1781,1782,74,75,976,163,31,1783,1784
1785,1786,18,479,706,126,338,1787,1788
1789,1790,18,19,371,21,394,1791,1792
1793,1794,27,28,1795,229,232,1796,1797
1798,1799,3,51,781,135,491,1800,1801
1802,1803,27,36,333,65,123,1804,1805
1806,1807,27,157,231,235,179,1808,1809
1810,1811,3,110,1812,16,159,1813,1814
1815,1816,27,36,662,178,551,1817,1818
1819,1820,44,317,12,235,276,1821,1822
1823,1824,44,317,1825,178,394,1826,1827
1828,1829,44,317,434,72,39,1830,1831
1832,1833,18,237,111,114,271,1834,1835
1836,1837,18,237,701,131,716,1838,1839
1840,1841,18,479,1617,65,179,1842,1843
1844,1845,27,28,358,120,259,1846,1847
1848,1849,44,317,726,85,159,1850,1851
1852,1853,74,204,1675,247,244,1854,1855
1856,1857,44,45,266,25,186,1858,1859
1860,1861,18,59,679,252,167,1862,1863
1864,1865,44,83,1795,229,106,1866,1867
1868,1869,3,140,1684,120,716,1870,1871
1872,1873,3,184,886,135,298,1874,1875
1876,1877,27,90,46,292,186,1878,1879
1880,1881,18,479,68,296,22,1882,1883
1884,1885,44,214,828,128,551,1886,1887
1888,1889,3,4,781,81,259,1890,1891
1892,1893,3,184,270,147,206,1894,1895
1896,1897,3,51,1037,178,159,1898,1899
1900,1901,18,67,450,128,276,1902,1903
1904,1905,44,133,1466,38,435,1906,1907
1908,1909,3,140,480,229,481,1910,1525
1911,1912,27,90,37,114,78,1913,1914
1915,1916,27,550,1042,10,244,1917,1918
1919,1920,27,28,382,65,13,1921,1922
1923,1924,27,36,598,155,106,1925,1926
1927,1928,3,184,1617,128,481,1929,1930
1931,1932,44,214,460,283,232,1933,1934,1935
1936,1937,74,75,1148,30,93,1938,1939
1940,1941,18,237,323,21,31,1942,1943
1944,1945,27,28,460,219,372,1946,1947
1948,1949,18,237,343,198,271,1950,1951
1952,1953,44,317,556,42,491,1954,1955
1956,1957,3,140,308,10,271,1958,1959
1960,1961,74,496,254,138,172,1962,1963
1964,1965,27,157,243,120,276,1966,1967
1968,1969,3,184,1276,296,22,1970,1971
1972,1973,74,75,740,120,481,1974,1975
1976,1977,3,110,1148,147,62,1978,1979
1980,1981,44,317,158,178,39,1982,1983
1984,1985,27,28,958,150,167,1986,1987
1988,1989,27,157,1461,163,574,1990,1991
1992,1993,18,479,1148,150,117,1994,1995
1996,1997,18,59,688,72,394,1998,1999
2000,2001,27,36,828,128,435,2002,2003
2004,2005,3,140,944,283,551,2006,2007
2008,2009,3,140,84,81,22,2010,2011
2012,2013,74,204,588,150,435,2014,2015
2016,2017,3,4,152,147,78,2018,2019
2020,2021,44,83,939,283,172,2022,2023,2024
2025,2026,18,67,158,155,179,2027,2028
2029,2030,18,19,116,105,328,2031,2032
2033,2034,3,51,731,142,106,2035,2036
2037,2038,27,28,258,138,13,2039,2040
2041,2042,74,204,701,178,123,2043,2044
2045,2046,44,214,12,126,491,2047,2048
2049,2050,74,204,152,252,39,2051,2052,547
2053,2054,74,165,249,279,461,2055,2056
2057,2058,44,214,750,241,47,2059,2060
2061,2062,44,133,1037,182,271,2063,2064
2065,2066,27,157,531,283,716,2067,2068
2069,2070,74,75,382,77,93,2071,2072
2073,2074,74,75,333,81,526,2075,2076
2077,2078,44,317,828,142,117,2079,2080
2081,2082,18,19,944,219,123,2083,2084
2085,2086,18,19,1696,69,491,2087,2088
2089,2090,27,90,152,69,216,2091,2092
2093,2094,44,45,490,142,100,2095,2096
2097,2098,18,479,701,163,271,2099,2100
2101,2102,3,4,781,85,298,2103,2104
2105,2106,44,45,205,241,93,2107,2108
2109,2110,3,51,221,21,172,2111,2112
2113,2114,27,550,750,163,244,2115,2116
2117,2118,3,140,711,10,31,2119,2120
2121,2122,3,184,711,53,338,2123,2124
2125,2126,27,28,1617,198,117,2127,2128
2129,2130,27,90,819,135,481,2131,2132
2133,2134,3,51,1705,224,172,2135,2136
2137,2138,18,237,819,81,167,2139,2140
2141,2142,44,83,166,224,54,2143,2144
2145,2146,74,75,91,147,86,2147,2148
2149,2150,3,184,333,120,100,2151,2152
2153,2154,74,204,781,81,551,2155,2156
2157,2158,3,110,828,65,39,2159,2160
2161,2162,3,110,393,219,179,2163,2164
2165,2166,27,550,46,77,435,2167,2168
2169,2170,18,237,52,38,186,2171,2172
2173,2174,74,165,413,85,481,2175,2176
2177,2178,44,317,445,283,159,2179,2180
2181,2182,44,214,1148,229,78,2183,2184
2185,2186,18,479,679,81,574,2187,2188
2189,2190,27,550,1696,128,491,2191,2192
2193,2194,18,19,371,96,716,2195,2196
2197,2198,18,237,333,57,186,2199,2200
2201,2202,18,19,967,252,186,2203,2204
2205,2206,18,19,2207,105,186,2208,547,2209
2210,2211,3,140,358,81,54,2212,2213
2214,2215,44,83,116,1,461,2216,2217
2218,2219,44,83,781,21,22,2220,2221
2222,2223,27,157,52,241,7,2224,2225
2226,2227,18,479,781,96,244,2228,2229
2230,2231,18,237,231,235,54,2232,2233
2234,2235,44,317,1343,42,716,2236,2237
2238,2239,44,45,981,198,39,2240,2241
2242,2243,44,45,598,72,244,2244,2245
2246,2247,18,19,403,178,259,2248,2249
2250,2251,3,184,981,198,481,2252,2253,1053
2254,2255,18,67,814,138,179,2256,2257
2258,2259,3,184,185,252,298,2260,2261
2262,2263,3,4,662,198,372,2264,2265
2266,2267,18,67,679,92,100,2268,2269
2270,2271,3,110,171,10,435,2272,854
2273,2274,74,496,2275,126,338,2276,2277
2278,2279,27,36,721,72,526,2280,2281
2282,2283,18,19,1276,72,106,2284,2285
2286,2287,74,204,270,235,86,2288,2289
2290,2291,3,140,275,105,78,2292,2293
2294,2295,27,28,231,198,526,2296,2297
2298,2299,18,67,1042,135,716,2300,2301
2302,2303,27,36,12,163,481,2304,2305
2306,2307,3,140,1183,292,167,2308,2309
2310,2311,27,157,598,21,716,2312,2313
2314,2315,27,36,967,38,167,2316,2317
2318,2319,18,19,1452,6,159,2320,2321
2322,2323,3,184,886,120,100,2324,928
2325,2326,27,90,490,283,232,2327,2328
2329,2330,74,204,440,283,7,2331,2332,2333
2334,2335,27,36,609,247,435,2336,2337
2338,2339,44,45,726,252,78,2340,2341
2342,2343,27,550,1060,135,39,2344,2345
2346,2347,18,19,46,53,93,2348,2349
2350,2351,44,214,1638,114,328,2352,2353
2354,2355,3,184,1675,53,276,2356,2357
2358,2359,44,45,46,241,100,2360,2361
2362,2363,74,204,1795,182,13,2364,2365
2366,2367,74,204,474,120,179,2368,2369
2370,2371,44,133,726,229,172,2372,2373
2374,2375,3,110,450,175,86,2376,2377
2378,2379,3,110,434,163,271,2380,2381
2382,2383,27,28,158,25,551,2384,2385
2386,2387,3,184,1060,6,338,2388,2389,2390
2391,2392,27,157,1617,219,435,2393,2394
2395,2396,3,51,177,252,22,2397,2398
2399,2400,74,75,1825,25,106,2401,2402
2403,2404,44,214,84,128,179,2405,2406
2407,2408,27,550,1158,30,491,2409,2410
2411,2412,44,83,804,57,13,2413,2414
2415,2416,18,67,809,142,328,2417,2418
2419,2420,27,90,258,105,461,2421,2422
2423,2424,74,204,2207,229,461,2425,2426
2427,2428,18,59,289,182,244,2429,2430
2431,2432,74,75,1148,72,491,2433,2434
2435,2436,18,59,1276,1,232,2437,2438
2439,2440,44,133,799,1,328,2441,2442
2443,2444,74,204,289,147,435,2445,2446
2447,2448,18,19,60,292,244,2449,2450
2451,2452,44,133,2207,292,259,2453,2454
2455,2456,27,157,1148,57,7,2457,2458
2459,2460,27,550,403,92,574,2461,2265
2462,2463,27,550,480,182,39,2464,2465
2466,2467,44,83,171,235,298,2468,2469
2470,2471,3,184,104,77,93,2472,2473,192
2474,2475,27,36,68,114,117,2476,2477
2478,2479,27,550,781,247,31,2480,2481,547
2482,2483,44,214,111,61,39,2484,2485
2486,2487,3,184,598,65,159,2488,2489
2490,2491,44,83,873,131,216,2492,2493
2494,2495,74,98,289,131,172,2496,2497
2498,2499,27,550,266,42,394,2500,2501
2502,2503,18,479,382,279,574,2504,2505
2506,2507,74,496,323,77,39,2508,2509
2510,2511,44,214,2512,1,526,2513,2514
2515,2516,18,67,318,16,394,2517,2518
2519,2520,44,133,1343,128,481,2521,2522
2523,2524,44,133,29,229,271,2525,2526
2527,2528,3,184,275,72,372,2529,2530
2531,2532,27,36,60,182,461,2533,2534
2535,2536,44,214,221,219,172,2537,2538,2539
2540,2541,18,479,1037,65,328,2542,2543
2544,2545,27,550,614,57,259,2546,2547
2548,2549,3,140,318,198,100,2550,2551
2552,2553,44,83,243,77,54,2554,2555
2556,2557,18,237,517,155,491,2558,2559
2560,2561,27,90,944,224,232,2562,2563
2564,2565,3,140,565,128,491,2566,1021,2567
2568,2569,74,204,52,6,7,2570,2571
2572,2573,3,51,440,81,62,2574,2575
2576,2577,18,59,104,224,186,2578,2579
2580,2581,74,98,52,53,276,2582,2583,2584
2585,2586,3,4,1276,16,39,2587,2588
2589,2590,18,19,348,241,298,2591,2592
2593,2594,3,184,215,252,39,2595,2596
2597,2598,44,133,632,6,31,2599,2600
2601,2602,44,83,266,138,93,2603,2604
2605,2606,27,550,1042,105,244,2607,2608
2609,2610,74,496,1042,155,159,2611,2612
2613,2614,74,165,37,224,159,2615,2616
2617,2618,18,59,1617,229,551,2619,2620
2621,2622,44,45,393,65,491,2623,2624
2625,2626,74,496,662,198,100,2627,2628
2629,2630,18,19,1094,25,244,2631,2632
2633,2634,3,4,20,96,39,2635,2636
2637,2638,3,140,750,57,54,2639,2640
2641,2642,3,140,2275,61,298,2643,2644
2645,2646,18,479,166,131,117,2647,2648
2649,2650,3,51,632,198,435,2651,2652,2653
2654,2655,27,36,726,229,62,2656,2657
2658,2659,74,75,343,96,491,2660,2661
2662,2663,44,83,445,224,7,2664,2665
2666,2667,44,317,450,292,716,2668,2669
2670,2671,3,51,873,241,106,2672,2673
2674,2675,18,19,270,53,551,2676,2677
2678,2679,18,19,46,131,123,2680,2681
2682,2683,27,28,318,150,62,2684,2685
2686,2687,44,133,84,42,298,2688,2689
2690,2691,18,479,2275,25,298,2692,2693
2694,2695,44,83,289,1,259,2696,2697
2698,2699,44,214,1037,235,328,2700,2701
2702,2703,44,214,1042,65,123,2704,2705
2706,2707,27,28,544,279,491,2708,2709
2710,2711,27,157,371,25,216,2712,2713
2714,2715,74,204,116,283,716,2716,2717
2718,2719,74,496,632,131,276,2720,2721
2722,2723,27,36,1638,57,574,2724,2725
2726,2727,3,140,944,193,54,2728,2729
2730,2731,27,157,52,241,435,2732,2733
2734,2735,3,140,976,155,244,2736,2737
2738,2739,18,59,377,96,54,2740,2741
2742,2743,27,90,2744,252,123,2745,2746
2747,2748,74,496,2749,92,86,2750,2751
2752,2753,44,83,1060,138,62,2754,2755
2756,2757,44,214,1617,219,276,2758,2759
2760,2761,27,28,579,10,117,2762,2763
2764,2765,27,90,1638,163,186,2766,2767
2768,2769,27,157,134,219,31,2770,2771
2772,2773,74,496,266,292,259,2774,2775
2776,2777,74,98,598,229,271,2778,2779
2780,2781,74,496,944,142,93,2782,2783
2784,2785,74,75,1343,235,100,2786,2787
2788,2789,44,83,20,135,54,2790,2791
2792,2793,3,140,1479,138,22,2794,2795
2796,2797,74,98,759,126,244,2798,2799
2800,2801,18,67,2744,69,117,2802,2803
2804,2805,27,36,781,57,31,2806,2807
2808,2809,74,165,480,219,271,2810,2811
2812,2813,18,237,99,53,13,2814,2815
2816,2817,74,165,565,21,338,2818,2819
2820,2821,27,157,76,241,186,2822,2823
2824,2825,27,28,177,10,259,2826,2827
2828,2829,3,140,308,135,716,2830,2831
2832,2833,74,204,377,252,491,2834,2835
2836,2837,74,165,393,25,276,2838,2839
2840,2841,3,140,517,247,298,2842,2843
2844,2845,3,110,958,105,716,2846,2847
2848,2849,44,133,195,10,276,2850,2851
2852,2853,3,140,308,155,232,2854,2855
2856,2857,3,110,588,120,167,2858,2859
2860,2861,27,550,254,229,338,2862,2863
2864,2865,3,110,759,182,244,2866,2867
2868,2869,27,28,939,138,435,2870,2871
2872,2873,74,496,37,57,461,2874,2875
2876,2877,27,36,46,224,39,2878,2879
2880,2881,18,237,726,224,338,2882,2883
2884,2885,18,479,1528,42,481,2886,2887
2888,2889,18,67,158,175,206,2890,2891
2892,2893,3,4,781,30,31,2894,2895
2896,2897,3,4,303,138,117,2898,2899
2900,2901,18,67,166,128,491,2902,2903
2904,2905,44,214,134,72,338,2906,2907
2908,2909,3,51,205,235,47,2910,2911
2912,2913,3,140,2914,163,62,2915,2916
2917,2918,74,204,706,147,106,2919,2920
2921,2922,44,133,1461,96,338,2923,547,2924
2925,2926,44,133,828,175,551,2927,2928
2929,2930,27,157,382,34,216,2931,2932
2933,2934,3,51,593,10,461,2935,2936
2937,2938,3,51,226,53,461,2939,2940
2941,2942,18,59,440,42,276,2943,2944
2945,2946,18,59,1466,38,54,2947,2948
2949,2950,18,479,146,296,574,2951,2952
2953,2954,3,184,52,77,338,2955,2956
2957,2958,27,36,2914,65,526,2959,2960
2961,2962,74,204,141,142,394,2963,2964
2965,2966,74,204,944,1,117,2967,2968
2969,2970,27,90,60,42,86,2971,2972
2973,2974,27,550,52,229,435,2975,2976
2977,2978,74,75,171,38,276,2979,2980
2981,2982,74,496,141,283,106,2983,2984,547
2985,2986,18,237,750,241,232,2987,2988
2989,2990,18,67,1024,150,271,2991,2992
2993,2994,27,36,29,147,481,2995,2996,2997
2998,2999,27,157,1183,16,244,3000,3001
3002,3003,3,184,939,138,551,3004,3005
3006,3007,74,75,1343,30,22,3008,3009
3010,3011,27,157,711,224,93,3012,3013
3014,3015,44,133,2275,131,31,3016,3017
3018,3019,27,90,226,16,78,3020,3021
3022,3023,18,479,2512,57,372,3024,3025
3026,3027,18,19,1705,77,338,3028,2332,3029
3030,3031,3,51,166,34,526,3032,3033
3034,3035,27,28,598,147,244,3036,3037
3038,3039,18,67,828,229,328,3040,3041
3042,3043,18,479,688,175,461,3044,3045
3046,3047,27,36,455,138,22,3048,3049
3050,3051,27,28,111,155,372,3052,3053,1736
3054,3055,27,90,740,283,216,3056,3057
3058,3059,27,90,776,42,39,3060,3061
3062,3063,3,51,1696,120,54,3064,3065
3066,3067,27,36,275,193,551,3068,3069
3070,3071,18,67,382,114,54,3072,3073
3074,3075,3,110,249,182,100,3076,3077
3078,3079,3,51,981,163,62,3080,3081
3082,3083,27,90,323,92,179,3084,3085,3086
3087,3088,44,83,976,138,461,3089,3090
3091,3092,3,51,609,224,244,3093,3094
3095,3096,44,45,517,105,276,3097,3098
3099,3100,3,140,249,235,232,3101,3102
3103,3104,44,214,474,105,159,3105,3106
3107,3108,27,157,5,163,461,3109,3110,3111
3112,3113,27,157,967,292,172,3114,3115
3116,3117,18,237,353,57,172,3118,3119
3120,3121,74,165,731,135,186,3122,3123
3124,3125,18,67,303,85,172,3126,3127
3128,3129,27,550,12,219,22,3130,3131
3132,3133,27,157,1528,105,106,3134,3135
3136,3137,18,67,1158,81,106,3138,3139
3140,3141,18,67,619,61,172,3142,3143
3144,3145,27,157,445,224,39,3146,3147
3148,3149,27,90,740,182,435,3150,3151
3152,3153,27,157,450,42,435,3154,3155
3156,3157,18,237,270,57,39,3158,3159
3160,3161,27,90,460,219,167,3162,3163
3164,3165,44,317,939,1,54,3166,3167
3168,3169,18,67,388,1,167,3170,3171
3172,3173,44,317,721,219,328,3174,3175
3176,3177,18,19,177,77,461,3178,3179
3180,3181,27,36,440,77,716,3182,3183
3184,3185,74,204,619,92,54,3186,3187,1397
3188,3189,44,317,254,193,232,3190,3191
3192,3193,27,550,323,163,106,3194,3195
3196,3197,27,157,819,6,481,3198,3199
3200,3201,18,59,474,135,481,3202,3203
3204,3205,74,496,967,198,271,3206,3207
3208,3209,18,19,1812,25,491,3210,3211
3212,3213,74,204,809,283,186,3214,3215
3216,3217,27,550,1528,92,106,3218,471
3219,3220,44,133,804,147,372,3221,3222
3223,3224,3,51,944,138,298,3225,3226
3227,3228,74,75,688,178,461,3229,3230
3231,3232,44,45,52,114,491,3233,3234
3235,3236,18,67,141,283,117,3237,3238
3239,3240,3,51,249,120,551,3241,3242
3243,3244,74,204,828,1,117,3245,3246
3247,3248,44,83,408,96,62,3249,3250
3251,3252,74,496,886,128,259,3253,3254
3255,3256,44,214,474,69,481,3257,3258
3259,3260,74,165,403,77,47,3261,3262
3263,3264,27,157,1638,69,93,3265,3266
3267,3268,3,51,258,92,574,3269,3270
3271,3272,27,28,1148,138,232,3273,3274
3275,3276,18,59,2749,42,435,3277,3278
3279,3280,27,28,258,6,244,3281,3282
3283,3284,3,110,238,224,186,3285,3286
3287,3288,18,59,517,296,39,3289,3290
3291,3292,3,4,134,81,435,3293,3294,3295
3296,3297,27,157,358,16,276,3298,3299
3300,3301,44,45,99,138,117,3302,3303
3304,3305,44,45,238,296,31,3306,3307
3308,3309,18,67,593,61,551,3310,3311
3312,3313,44,45,1479,57,13,3314,3315
3316,3317,44,83,517,6,271,3318,3319
3320,3321,3,110,146,120,62,3322,3323
3324,3325,27,157,29,135,186,3326,3327
3328,3329,27,36,1461,114,13,3330,3331,3332
3333,3334,44,45,1617,175,22,3335,3336
3337,3338,3,184,2512,10,117,3339,3340
3341,3342,74,496,531,21,328,3343,3344
3345,3346,74,204,886,296,159,3347,3348
3349,3350,27,36,1461,138,86,3351,3352
3353,3354,44,214,122,175,328,3355,3356
3357,3358,74,98,91,147,167,3359,3360
3361,3362,3,4,711,150,62,3363,3364,3365
3366,3367,3,4,1276,193,54,3368,3369
3370,3371,3,4,679,25,31,3372,3373
3374,3375,3,140,371,283,62,3376,3377
3378,3379,27,90,200,61,271,3380,3381
3382,3383,44,133,1795,138,271,3384,3385
3386,3387,74,98,134,224,298,3388,3389
3390,3391,27,28,480,72,435,3392,3393
3394,3395,27,157,1461,30,338,3396,3397
3398,3399,18,19,1528,224,106,3400,3401
3402,3403,44,45,1238,163,117,3404,3405
3406,3407,3,4,1243,57,186,3408,3409
3410,3411,74,496,141,105,232,3412,3413
3414,3415,74,496,195,283,186,3416,3417
3418,3419,74,75,343,279,491,3420,3421
3422,3423,74,496,122,296,526,3424,3425
3426,3427,18,479,490,72,276,3428,3429
3430,3431,3,140,215,126,435,3432,3433
3434,3435,27,157,604,6,491,3436,3437
3438,3439,3,51,1042,193,276,3440,3441
3442,3443,74,75,1675,126,716,3444,3445
3446,3447,27,28,210,61,259,3448,3449
3450,3451,74,165,745,296,186,3452,3453
3454,3455,44,133,1696,65,54,3456,3457
3458,3459,74,165,403,57,7,3460,3461
3462,3463,27,36,60,53,206,3464,3465
3466,3467,44,45,1014,92,259,3468,3469
3470,3471,74,496,382,229,186,3472,3473
3474,3475,27,36,171,120,54,3476,3477
3478,3479,74,75,185,96,86,3480,3481
3482,3483,27,90,981,178,394,3484,3485,2209
3486,3487,27,90,2512,81,276,3488,3489
3490,3491,18,67,781,10,328,3492,3493
3494,3495,74,75,215,85,186,3496,3497
3498,3499,44,214,1452,34,338,3500,3501
3502,3503,3,4,1094,224,78,3504,3505
3506,3507,18,479,408,229,7,3508,3509
3510,3511,18,67,1042,229,491,3512,3513
3514,3515,74,75,122,182,461,3516,3517
3518,3519,3,51,490,138,259,3520,3521
3522,3523,18,19,604,38,574,3524,3525
3526,3527,74,165,440,21,13,3528,3529
3530,3531,44,83,231,21,22,3532,3533
3534,3535,3,110,1148,219,47,3536,3537
3538,3539,3,4,116,283,78,3540,3541
3542,3543,27,28,740,21,179,3544,3545
3546,3547,3,4,1528,38,100,3548,3549
3550,3551,18,59,1675,81,216,3552,3553
3554,3555,27,157,333,135,244,3556,3557
3558,3559,74,75,249,235,232,3560,3561
3562,3563,74,496,819,57,78,3564,3565,547
3566,3567,18,59,1238,16,276,3568,3569
3570,3571,18,479,177,219,232,3572,3573
3574,3575,74,165,343,85,232,3576,3577
3578,3579,74,204,166,21,394,3580,3581
3582,3583,27,550,1148,178,244,3584,3585
3586,3587,3,4,333,182,298,3588,3589
3590,3591,44,214,645,65,276,3592,3593
3594,3595,44,83,1675,131,232,3596,3597
3598,3599,18,59,243,128,298,3600,3601
3602,3603,3,110,333,142,86,3604,3605
3606,3607,3,51,814,25,117,3608,3609
3610,3611,3,110,781,296,338,3612,3613
3614,3615,27,157,776,150,179,3616,3617
3618,3619,18,479,480,92,435,3620,3421
3621,3622,44,45,1638,42,54,3623,3624
3625,3626,44,83,706,21,271,3627,3628
3629,3630,74,204,1148,175,435,3631,3632
3633,3634,18,59,37,61,31,3635,3636
3637,3638,18,479,967,147,716,3639,3640
3641,3642,74,75,254,198,78,3643,3644
3645,3646,44,45,579,283,106,3647,3648
3649,3650,74,496,134,128,93,3651,3652
3653,3654,18,479,565,193,93,3655,3656
3657,3658,27,550,308,279,574,3659,3660
3661,3662,3,4,721,69,47,3663,3664
3665,3666,27,157,116,57,117,3667,3668
3669,3670,27,90,254,30,461,3671,3672
3673,3674,27,157,1705,72,276,3675,3676
3677,3678,27,36,104,229,216,3679,3680
3681,3682,18,67,323,142,106,3683,1298
3684,3685,74,75,141,69,216,3686,3687
3688,3689,44,83,1238,61,78,3690,3691
3692,3693,3,51,37,247,100,3694,3695
3696,3697,3,51,814,69,100,3698,3699
3700,3701,3,51,1019,96,86,3702,3703
3704,3705,74,75,619,25,123,3706,3707
3708,3709,27,90,1042,142,7,3710,3711
3712,3713,44,45,1238,105,206,3714,3715
3716,3717,74,75,679,81,232,3718,3719
3720,3721,74,98,814,182,39,3722,3723
3724,3725,3,110,166,61,13,3726,3727
3728,3729,3,51,939,53,372,3730,3731
3732,3733,3,110,270,65,574,3734,3735
3736,3737,44,45,323,1,31,3738,3739
3740,3741,27,550,1060,92,461,3742,3743
3744,3745,27,550,1617,138,117,3746,3747
3748,3749,27,36,1094,252,93,3750,3751
3752,3753,27,28,308,155,186,3754,3755,3756
3757,3758,44,83,1238,72,13,3759,3760
3761,3762,44,317,12,69,117,3763,3764
3765,3766,18,59,122,69,47,3767,3768,3769
3770,3771,27,550,1795,126,338,3772,3773
3774,3775,3,51,799,241,276,3776,3777
3778,3779,18,19,122,147,328,3780,1021,3781
3782,3783,74,98,593,279,47,3784,3785
3786,3787,18,479,177,142,232,3788,3789
3790,3791,27,550,967,77,551,3792,3793
3794,3795,74,496,285,131,716,3796,3797
3798,3799,74,165,177,155,186,3800,3801
3802,3803,18,19,434,34,167,3804,3805,955
3806,3807,44,214,275,16,62,3808,3809
3810,3811,3,184,598,65,435,3812,3813
3814,3815,27,157,146,85,47,3816,3817
3818,3819,18,479,721,120,394,3820,3821
3822,3823,18,67,200,6,13,3824,3825
3826,3827,18,479,413,175,244,3828,3829
3830,3831,18,237,619,57,276,3832,3833
3834,3835,44,83,134,296,22,3836,3837
3838,3839,44,317,1795,252,78,3840,3841
8,3842,44,133,740,241,78,3843,3844
14,3845,44,133,1812,30,372,3846,3847
23,3848,18,59,958,25,54,3849,3850
32,3851,3,140,408,138,328,3852,3853
40,3854,44,83,1042,182,167,3855,3856
48,3857,18,59,809,53,31,3858,3859
55,3860,74,165,804,57,13,3861,3862
63,3863,44,83,158,96,159,3864,3865
70,3866,3,140,474,252,298,3867,3868
3869,3870,18,19,408,38,159,3871,3872
3873,3874,3,184,873,155,372,3875,3876
3877,3878,74,98,1094,120,54,3879,3880
3881,3882,44,133,776,292,551,3883,3884
3885,3886,27,157,434,57,216,3887,3888
3889,3890,44,317,111,92,276,3891,3892
3893,3894,44,317,333,105,372,3895,3896
3897,3898,44,45,976,16,179,3899,3900
3901,3902,74,98,740,38,216,3903,3904
3905,3906,3,4,750,292,574,3907,3908
3909,3910,18,59,721,131,526,3911,3912
3913,3914,3,51,76,224,716,3915,3916
3917,3918,27,28,285,198,179,3919,3920
3921,3922,44,45,474,175,22,3923,3924
3925,3926,3,51,434,61,7,3927,3928
3929,3930,18,59,1094,77,117,3931,3932
3933,3934,18,237,205,247,491,3935,3936
3937,3938,3,184,185,96,276,3939,3940
3941,3942,18,67,745,85,394,3943,3944
3945,3946,27,90,1024,252,31,3947,3948
3949,3950,44,133,2207,175,62,3951,3952
3953,3954,27,550,1617,235,78,3955,3956
3957,3958,44,45,976,69,123,3959,3960
3961,3962,27,90,289,92,13,3963,3964
3965,3966,18,237,531,252,491,3967,3968
3969,3970,74,204,289,57,716,3971,3972
3973,3974,44,45,556,42,328,3975,3976
3977,3978,27,90,200,10,232,3979,2779
3980,3981,44,214,1675,1,93,3982,3983
3984,3985,3,184,1183,61,481,3986,3987
3988,3989,3,110,604,292,159,3990,3991,3992
3993,3994,44,83,1060,57,216,3995,3996
3997,3998,27,157,604,77,47,3999,4000
4001,4002,74,98,2744,279,39,4003,4004
4005,4006,27,90,706,1,78,4007,4008
4009,4010,74,165,1060,150,491,4011,4012
4013,4014,44,83,270,198,123,4015,4016
4017,4018,3,4,701,114,159,4019,4020
4021,4022,44,214,226,147,298,4023,2701
4024,4025,74,496,1148,283,216,4026,4027
4028,4029,27,550,886,175,22,4030,4031
4032,4033,44,317,490,252,159,4034,4035
4036,4037,27,550,1479,25,117,4038,4039
4040,4041,18,479,200,10,259,4042,4043
4044,4045,74,98,804,224,93,4046,2701
4047,4048,27,36,1461,85,179,4049,4050
4051,4052,3,4,289,6,13,4053,4054
4055,4056,27,90,976,155,461,4057,4058
4059,4060,27,157,1158,96,123,4061,4062
4063,4064,18,479,68,34,259,4065,4066
4067,4068,74,98,1024,175,13,4069,4070
4071,4072,3,110,1042,1,271,4073,4074
4075,4076,3,4,556,241,106,4077,4078
4079,4080,18,59,556,77,13,4081,4082
4083,4084,74,75,1696,142,574,4085,4086
4087,4088,27,28,166,247,216,4089,4090
4091,4092,18,19,60,163,372,4093,4094
4095,4096,74,98,231,114,232,4097,4098
4099,4100,3,51,2512,155,216,4101,4102
4103,4104,74,98,266,219,93,4105,4106
4107,4108,3,51,490,77,461,4109,3159
4110,4111,74,75,1276,131,551,4112,4113
4114,4115,27,36,556,21,159,4116,4117
4118,4119,44,214,731,128,338,4120,3908
4121,4122,18,59,226,224,276,4123,4124
4125,4126,27,28,828,150,435,4127,4128
4129,4130,74,496,967,131,100,4131,4132
4133,4134,74,204,289,10,13,4135,4136
4137,4138,18,237,343,279,62,4139,4140
4141,4142,18,237,408,25,372,4143,4144
4145,4146,18,479,886,53,13,4147,4148
4149,4150,44,83,2749,147,526,4151,4152
4153,4154,27,550,1696,105,54,4155,4156
4157,4158,18,67,455,247,574,4159,4160
4161,4162,44,214,2512,252,54,4163,4164
4165,4166,74,204,701,72,7,4167,4168
4169,4170,27,90,1042,296,716,4171,4172
4173,4174,74,204,152,247,123,4175,4176
4177,4178,44,45,588,182,298,4179,4180
4181,4182,74,98,2512,65,159,4183,4184
4185,4186,3,184,231,30,54,4187,4188
4189,4190,27,36,393,65,179,4191,4192
4193,4194,74,496,5,247,106,4195,4196
4197,4198,74,75,662,10,491,4199,4200
4201,4202,44,83,388,241,106,4203,4204
4205,4206,27,28,450,283,31,4207,4208
4209,4210,27,550,819,96,78,4211,4212
4213,4214,74,496,531,150,172,4215,4216
4217,4218,74,204,967,10,574,4219,4220
4221,4222,18,59,726,114,526,4223,4224
4225,4226,44,45,1452,72,551,8,4227
4228,4229,74,204,1675,193,481,14,4230
4231,4232,27,550,134,34,186,23,4233
4234,4235,3,184,804,131,106,32,4236
4237,4238,44,317,12,114,22,40,4239
4240,4241,74,165,598,247,526,48,4242
4243,4244,3,51,2749,16,22,55,4245,4246
4247,4248,3,184,740,65,7,63,4249
4250,4251,74,98,116,57,62,70,4252
4253,4254,18,19,99,283,244,3869,4255
4256,4257,18,67,353,241,716,87,4258
4259,4260,74,75,711,235,123,94,4261
4262,4263,18,59,976,155,159,101,4264
4265,4266,44,45,289,30,106,107,4267
4268,4269,74,75,1024,96,526,112,4270
4271,4272,18,479,939,38,372,118,4273
4274,4275,3,184,20,252,39,124,4276
4277,4278,3,110,531,96,13,129,4279
4280,4281,18,479,759,224,271,136,4282
4283,4284,18,479,828,126,394,4285,4286
4287,4288,27,550,238,57,22,148,4289
4290,4291,27,90,200,279,172,153,4292
4293,4294,3,4,231,135,526,160,4295
4296,4297,44,45,1528,296,179,168,4298
4299,4300,74,98,565,10,117,173,4301
4302,4303,44,83,1238,92,62,180,4304
4305,4306,18,479,258,283,461,187,4307
4308,4309,27,550,377,65,172,190,4310
4311,4312,3,140,750,30,232,196,4313
4314,4315,18,59,1158,279,7,4316,4317
4318,4319,44,317,289,138,491,207,4320
4321,4322,27,36,99,96,54,211,4323
4324,4325,3,110,243,178,206,217,4326
4327,4328,3,140,556,155,491,222,4329
4330,4331,74,165,1825,279,62,227,4332
4333,4334,74,165,171,96,167,233,4335
4336,4337,27,157,371,279,276,239,2944
4338,4339,3,110,804,229,159,245,4340,4341
4342,4343,18,59,289,252,526,250,4344
4345,4346,27,28,270,178,47,4347,384,547
4348,4349,27,550,721,252,298,260,4350
4351,4352,74,75,1014,69,526,263,4353
4354,4355,27,36,303,128,172,267,4356
4357,4358,18,479,254,178,461,272,4359
4360,4361,44,83,474,92,372,277,4362
4363,4364,27,157,804,163,93,281,4365
4366,4367,44,133,104,135,491,286,4368
4369,4370,74,75,531,126,62,290,4371
4372,4373,44,45,721,296,338,294,4374
4375,4376,74,165,275,10,13,4377,4378
4379,4380,27,28,358,25,167,304,4381
4382,4383,3,110,1825,69,186,309,4384
4385,4386,74,98,116,81,22,313,4387
4388,4389,74,75,450,131,435,319,4390
4391,4392,44,45,221,224,78,324,4393
4394,4395,3,184,348,126,47,329,4396
4397,4398,18,67,828,96,7,334,4399
4400,4401,3,140,210,92,123,339,4402
4403,4404,74,204,1705,163,31,344,4405
4406,4407,18,67,645,252,106,4408,4409
4410,4411,27,90,20,279,179,354,4412
4413,4414,3,110,158,296,206,359,4415
4416,4417,3,140,238,69,716,363,4418
4419,4420,74,98,1243,128,47,367,4421
4422,4423,27,550,679,25,39,373,4424
4425,4426,18,67,474,30,93,378,4427
4428,4429,27,550,353,198,179,383,4430
4431,4432,27,90,2207,247,574,389,4433
4434,4435,3,51,1317,135,574,395,4436
4437,4438,74,98,1343,1,62,4439,4440
4441,4442,18,237,1696,147,328,404,4443
4444,4445,44,214,68,155,328,409,4446
4447,4448,44,214,111,147,271,414,4449,547
4450,4451,44,214,939,30,338,418,4452
4453,4454,74,204,1617,279,338,422,4455
4456,4457,44,317,1014,135,338,426,4458
4459,4460,3,4,1042,126,93,430,4461
4462,4463,18,479,408,292,47,436,4464
4465,4466,18,479,275,150,526,441,4467
4468,4469,44,83,1238,150,179,4470,3364,3365
4471,4472,74,165,1019,21,7,451,4473
4474,4475,3,110,619,77,39,456,4476
4477,4478,3,51,745,53,7,462,4479
4480,4481,3,51,2914,138,93,466,4482
4483,4484,44,214,205,72,172,470,4485
4486,4487,18,237,195,175,78,475,4488
4489,4490,18,237,593,292,551,482,4491
4492,4493,18,19,1812,178,167,486,4494
4495,4496,27,157,886,6,372,492,4497
4498,4499,44,45,1148,175,22,4500,4501
4502,4503,3,4,1343,42,186,501,4504
4505,4506,44,214,76,53,39,505,4507
4508,4509,3,140,531,16,39,509,4510
4511,4512,44,83,408,65,106,513,4513
4514,4515,18,19,976,10,39,518,4516
4517,4518,27,157,158,163,716,522,4519
4520,4521,74,496,679,135,62,527,4522
4523,4524,27,550,122,1,93,532,4525
4526,4527,44,317,434,77,172,536,4528
4529,4530,27,36,195,85,62,4531,4532
4533,4534,18,479,122,57,186,545,4535
4536,4537,74,204,20,21,106,552,4538
4539,4540,18,237,195,21,461,557,547,4541
4542,4543,74,204,243,224,62,561,4544
4545,4546,44,133,1479,150,47,566,4547
4548,4549,44,83,759,6,716,570,3521
4550,4551,3,184,645,92,276,575,4552
4553,4554,27,28,323,283,62,580,4555
4556,4557,3,4,393,163,22,584,4558
4559,4560,74,75,303,96,100,4561,4562
4563,4564,18,59,308,61,526,594,4565
4566,4567,3,51,593,61,526,599,4568
4569,4570,3,51,371,21,93,605,4571
4572,4573,27,90,1684,247,271,610,4574
4575,4576,18,67,348,85,31,615,4577
4578,4579,44,45,579,283,78,620,4580
4581,4582,27,28,258,292,93,624,4583
4584,4585,3,4,5,105,481,628,4586
4587,4588,74,98,799,235,394,633,4589
4590,4591,3,184,1452,163,259,4592,4593
4594,4595,44,214,1343,1,167,641,4596
4597,4598,27,157,221,92,435,646,4599
4600,4601,18,59,967,6,54,650,4602
4603,4604,44,133,303,193,276,654,4605
4606,4607,44,214,158,155,259,658,4608
4609,4610,44,133,679,69,328,663,4611
4612,4613,44,133,158,182,338,667,4614,192
4615,4616,44,214,706,235,39,671,4617
4618,4619,74,165,614,131,461,675,4620
4621,4622,18,59,745,53,244,4623,4624
4625,4626,18,237,726,182,551,684,4627
4628,4629,27,90,166,292,86,689,4630
4631,4632,44,214,474,131,39,693,4633
4634,4635,74,496,745,85,7,697,4636
4637,4638,3,184,445,72,271,702,4639
4640,4641,3,4,166,182,259,707,4642
4643,4644,18,479,619,241,244,712,4645
4646,4647,18,59,776,21,259,717,4648
4649,4650,3,184,679,198,216,722,4651,547
4652,4653,18,479,450,96,22,4654,4655
4656,4657,3,110,285,150,551,732,4658
4659,4660,74,165,1148,53,93,736,4661
4662,4663,18,59,1317,229,78,741,4664
4665,4666,44,214,2749,138,78,746,4667
4668,4669,44,83,215,155,259,751,4670,2924
4671,4672,44,45,377,198,271,755,4673,4674
4675,4676,44,133,84,175,39,760,4677
4678,4679,3,110,958,30,167,764,4680
4681,4682,74,165,645,57,39,768,4683,4684
4685,4686,18,19,20,224,574,4687,4688
4689,4690,44,317,238,138,526,777,4691
4692,4693,18,59,1638,155,117,782,4694
4695,4696,74,165,1466,178,206,786,4697
4698,4699,74,75,1479,224,78,790,4700
4701,4702,3,110,84,57,716,794,4703
4704,4705,44,214,166,252,123,800,4706
4707,4708,74,98,776,57,93,805,4709
4710,4711,44,317,886,1,7,810,4712
4713,4714,44,317,1024,114,123,815,4715
4716,4717,3,4,1825,65,54,4718,4719
4720,4721,27,90,177,16,716,824,4722
4723,4724,18,479,480,10,298,829,4725
4726,4727,74,75,285,292,78,833,4728
4729,4730,27,90,12,96,338,837,4731
4732,4733,74,165,731,42,338,841,4734
4735,4736,18,479,967,25,216,845,4737
4738,4739,27,157,1617,30,435,849,4740
4741,4742,44,317,403,292,31,853,4743
4744,4745,44,214,1675,128,167,857,4746
4747,4748,44,83,270,57,435,4749,4750
4751,4752,74,204,886,72,328,865,4753
4754,4755,18,237,939,182,328,869,4756
4757,4758,18,237,2749,38,298,874,4759
4760,4761,3,184,215,235,159,878,4762
4763,4764,18,19,1094,114,179,882,4765
4766,4767,44,45,343,193,159,887,4768
4769,4770,18,19,579,150,526,891,4771
4772,4773,74,75,1452,128,13,895,4774
4775,4776,44,45,343,279,526,899,4777
4778,4779,18,67,1705,131,62,4780,4781
4782,4783,3,110,348,57,167,907,4784
4785,4786,44,133,1042,120,206,911,4787
4788,4789,3,110,348,163,244,915,4790
4791,4792,44,83,632,92,86,919,4793
4794,4795,3,184,99,178,298,923,4796
4797,4798,44,317,116,69,271,927,4799
4800,4801,18,67,5,96,13,931,4802
4803,4804,3,110,2749,77,259,935,4805
4806,4807,27,157,221,128,78,940,4808
4809,4810,74,496,819,138,159,4811,4812
4813,4814,44,317,2207,163,117,949,4815
4816,4817,3,4,1148,292,179,953,4818
4819,4820,18,19,249,38,78,959,4821
4822,4823,3,51,1094,53,461,963,4824
4825,4826,74,204,721,224,716,968,4827
4828,4829,3,4,759,131,328,972,4830
4831,4832,3,4,711,155,491,977,4833
4834,4835,74,204,781,175,716,982,4836
4837,4838,74,165,701,175,47,986,4839
4840,4841,3,140,111,1,216,4842,4843
4844,4845,3,51,60,128,39,994,4846
4847,4848,74,75,348,21,716,998,4849
4850,4851,3,184,60,120,206,1002,4852
4853,4854,74,496,46,224,259,1006,4855
4856,4857,44,83,609,38,435,1010,4858
4859,4860,44,214,171,150,123,1015,4861
4862,4863,27,28,609,85,167,1020,4864
4865,4866,18,237,781,61,491,1025,4867
4868,4869,3,51,565,182,100,1029,2389,4870
4871,4872,74,165,588,178,172,4873,4874
4875,4876,74,75,29,155,551,1038,4877
4878,4879,27,157,745,247,461,1043,4880
4881,4882,3,140,185,53,338,1047,4883
4884,4885,3,4,474,296,159,1051,4886
4887,4888,74,496,2512,135,93,1056,4889
4890,4891,74,165,243,30,551,1061,4892
4893,4894,18,479,393,30,7,1065,4895
4896,4897,74,165,828,193,551,1069,4898
4899,4900,44,214,205,219,179,1073,4901
4902,4903,18,67,1812,21,22,4904,4905
4906,4907,27,550,146,126,7,1081,4908
4909,4910,44,133,285,34,22,1085,4911
4912,4913,44,317,343,57,491,1090,4914
4915,4916,3,140,91,114,551,1095,4917
4918,4919,27,157,353,193,271,1099,2192
4920,4921,27,36,303,241,298,1103,4922
4923,4924,74,165,141,229,298,1107,4925
4926,4927,3,184,579,10,461,1111,4928
4929,4930,27,28,873,10,100,1115,4931
4932,4933,44,45,76,283,716,4934,4935
4936,4937,74,165,205,69,491,1123,4938
4939,4940,18,19,1014,25,232,1127,4941
4942,4943,18,67,1060,10,54,1132,4944
4945,4946,44,317,1243,178,574,1136,4947
4948,4949,18,19,177,105,435,1140,4950
4951,4952,18,59,679,69,54,1144,4953
4954,4955,18,19,1037,175,78,1149,4956
4957,4958,44,83,531,72,31,1153,4959
4960,4961,3,51,210,96,167,1159,4962
4963,4964,74,496,1461,163,13,4965,4966
4967,4968,44,214,303,131,491,1167,4969
4970,4971,18,479,358,72,62,1171,4972
4973,4974,27,550,1705,92,31,1175,4975
4976,4977,44,133,1675,283,106,1179,4978
4979,4980,3,140,1060,163,117,1184,4981
4982,4983,27,90,799,25,481,1188,4984
4985,4986,3,51,819,182,716,1192,4987
4988,4989,27,157,1696,126,259,1196,4990
4991,4992,27,36,68,135,78,1200,4993,4994
4995,4996,27,157,1238,1,22,4997,4998
4999,5000,74,496,799,72,206,1208,5001
5002,5003,3,140,731,114,172,1212,5004
5005,5006,44,317,598,155,106,1216,5007
5008,5009,3,184,1014,65,271,1221,5010
5011,5012,44,45,598,6,481,1225,5013
5014,5015,74,165,141,1,86,1229,5016
5017,5018,74,204,152,114,328,1234,5019
5020,5021,74,165,333,1,54,1239,5022
5023,5024,74,165,721,198,62,1244,547,5025
5026,5027,74,75,141,85,167,5028,5029
5030,5031,18,67,598,38,216,1252,5032
5033,5034,74,98,1060,21,123,1256,5035
5036,5037,27,157,2207,235,22,1260,5038
5039,5040,18,59,1238,219,117,1264,5041
5042,5043,18,19,1617,6,491,1268,5044
5045,5046,74,204,318,57,232,1272,5047
5048,5049,27,90,745,72,338,1277,5050
5051,5052,3,51,1183,229,167,1281,5053
5054,5055,27,550,434,283,216,1285,5056
5057,5058,74,496,706,105,526,5059,5060
5061,5062,27,157,185,198,54,1293,1429
5063,5064,44,133,662,16,435,1297,5065
5066,5067,27,90,460,72,276,1301,5068
5069,5070,44,83,371,81,435,1305,5071
5072,5073,74,98,1696,247,186,1309,5074
5075,5076,74,496,1060,193,461,1313,5077
5078,5079,3,110,1795,131,22,1318,5080
5081,5082,27,550,1461,142,716,1322,5083
5084,5085,18,67,726,96,159,1326,5086
5087,5088,44,45,289,252,481,5089,5090
5091,5092,27,157,579,235,551,1335,5093
5094,5095,18,59,490,61,216,1339,5096
5097,5098,3,184,37,135,481,1344,5099
5100,5101,44,214,1183,6,716,1348,5102
5103,5104,3,4,323,252,461,1352,5105
5106,5107,74,98,632,229,206,1356,5108
5109,5110,44,133,185,224,276,1360,5111
5112,5113,18,479,1466,135,394,1364,5114
5115,5116,27,28,84,142,271,1368,5117
5118,5119,18,67,37,193,100,5120,5121
5122,5123,18,237,1238,72,78,1376,5124
5125,5126,27,157,52,175,22,1380,5127
5128,5129,18,67,828,292,47,1384,5130
5131,5132,18,237,371,193,298,1388,5133
5134,5135,3,51,308,198,62,1392,5136
5137,5138,18,237,1037,114,491,1396,5139
5140,5141,44,133,944,182,271,1400,5142
5143,5144,27,36,122,34,186,1404,5145,192
5146,5147,27,157,604,114,54,1408,2755
5148,5149,27,90,166,72,7,5150,5151
5152,5153,44,83,353,247,13,1416,5154
5155,5156,74,165,776,198,22,1420,5157
5158,5159,3,51,308,182,551,1424,5160
5161,5162,44,133,210,6,78,1428,5163
5164,5165,44,214,371,16,106,1432,5166
5167,5168,74,165,238,178,22,1436,5169
5170,5171,3,110,474,16,93,1440,5172,5173
5174,5175,27,550,275,155,394,1444,5176,5177
5178,5179,18,59,91,219,338,1448,5180
5181,5182,44,317,333,21,106,5183,5184
5185,5186,74,204,195,126,526,1457,5187
5188,5189,74,204,544,105,159,1462,5190
5191,5192,74,204,1019,81,338,1467,5193
5194,5195,18,67,455,53,206,1471,5196
5197,5198,44,83,1024,296,551,1475,5199
5200,5201,18,59,517,16,232,1480,5202
5203,5204,3,184,445,178,232,1484,5205
5206,5207,18,237,2275,229,232,1488,5208
5209,5210,27,28,1276,57,13,1492,5211
5212,5213,44,214,158,131,338,5214,5215
5216,5217,44,317,1466,128,123,1500,5218
5219,5220,27,36,1705,229,216,1504,5221
5222,5223,27,157,408,21,551,1508,5224
5225,5226,18,237,249,283,435,1512,5227
5228,5229,18,59,609,252,93,1516,5230
5231,5232,74,98,111,120,86,1520,5233
5234,5235,18,59,958,224,22,1524,5236
5237,5238,27,90,688,85,244,1529,5239
5240,5241,3,140,2914,105,167,1533,5242
5243,5244,3,140,152,21,100,5245,5246
5247,5248,27,550,231,1,7,1541,3529
5249,5250,44,214,1479,126,159,1545,5251
5252,5253,27,550,745,21,259,1549,5254,5255
5256,5257,44,133,781,296,259,1553,5258
5259,5260,18,19,116,193,167,1557,5261
5262,5263,3,110,1452,38,244,1561,5264
5265,5266,74,98,731,128,232,1565,5267
5268,5269,74,204,721,53,526,1569,5270
5271,5272,44,45,2744,229,167,1573,5273
5274,5275,3,184,614,6,216,5276,5277
5278,5279,18,19,450,128,106,1581,5280
5281,5282,18,237,37,241,216,1585,5283
5284,5285,27,36,388,81,216,1589,5286
5287,5288,27,550,60,81,298,1593,5289
5290,5291,27,90,185,6,93,1597,5292
5293,5294,27,90,258,193,31,1601,5172,5295
5296,5297,18,237,270,219,574,1605,3348
5298,5299,74,75,1317,69,232,1609,5300
5301,5302,18,67,243,283,172,1613,5303,5304
5305,5306,44,45,726,96,186,5307,5308
5309,5310,3,4,371,175,159,1622,5311
5312,5313,18,19,382,92,100,1626,5314
5315,5316,44,133,565,34,179,1630,5317
5318,5319,3,51,377,92,574,1634,5320
5321,5322,3,4,819,150,117,1639,5323
5324,5325,18,19,2512,6,461,1643,5326
5327,5328,27,28,231,81,22,1647,5329
5330,5331,27,28,2207,182,298,1651,5332
5333,5334,18,237,116,126,22,1655,5335
5336,5337,44,317,2512,193,328,5338,5339
5340,5341,44,317,490,147,93,1663,5342
5343,5344,44,45,2914,229,31,1667,5345
5346,5347,3,184,445,57,394,1671,5348
5349,5350,27,36,1528,198,31,1676,5351
5352,5353,27,28,258,34,232,1680,5354
5355,5356,3,140,1148,198,167,1685,5357
5358,5359,44,214,371,53,435,1688,5360
5361,5362,18,237,2914,283,244,1692,5363
5364,5365,27,157,828,178,54,1697,5366
5367,5368,74,75,254,6,39,5369,5370
5371,5372,27,90,1795,229,481,1706,5373
5374,5375,74,75,804,128,394,1710,5376
5377,5378,3,184,2275,61,259,1714,1298
5379,5380,27,90,258,96,271,1718,5381
5382,5383,3,140,1705,85,172,1722,5384
5385,5386,74,496,249,224,172,1726,5387
5388,5389,27,28,809,34,276,1730,5390
5391,5392,18,19,1466,279,159,1734,5393
5394,5395,3,110,1042,57,22,1739,5396
5397,5398,27,90,2207,135,117,5399,5400
5401,5402,3,184,721,198,47,1747,5403
5404,5405,27,28,588,198,716,1751,5406
5407,5408,74,496,588,120,435,1755,5409
5410,5411,27,28,221,34,461,1759,5412
5413,5414,74,165,60,182,481,1763,5415
5416,5417,74,204,254,34,172,1767,5418
5419,5420,27,28,1617,229,7,1771,5421
5422,5423,3,4,1148,120,298,1775,5424
5425,5426,74,496,1243,81,491,1779,5427
5428,5429,3,140,226,21,372,5430,5431
5432,5433,18,19,588,57,276,1787,5434
5435,5436,18,67,565,120,7,1791,5437
5438,5439,74,75,939,126,117,1796,5440
5441,5442,27,28,5,219,372,1800,5443
5444,5445,3,184,662,193,276,1804,5446
5447,5448,3,140,289,252,551,1808,5449
5450,5451,44,317,450,142,461,1813,5452
5453,5454,74,496,958,72,78,1817,2422
5455,5456,27,36,343,182,328,1821,5457
5458,5459,74,75,1233,142,159,5460,5461
5462,5463,3,184,1060,77,106,1830,5464
5465,5466,74,165,226,120,7,1834,5467
5468,5469,74,496,474,96,244,1838,5470
5471,5472,27,157,1675,128,123,1842,5473
5474,5475,44,133,776,219,551,1846,5476
5477,5478,27,90,1825,30,78,1850,5479
5480,5481,27,28,289,175,232,1854,5482
5483,5484,74,98,377,92,78,1858,5485
5486,5487,3,140,688,120,232,1862,5488
5489,5490,44,214,231,81,54,5491,5492
5493,5494,18,67,976,77,338,1870,5495
5496,5497,74,98,981,10,716,1874,5498
5499,5500,18,19,1060,224,172,1878,5501
5502,5503,18,237,1233,105,86,1882,5504
5505,5506,18,479,1014,77,271,1886,5507
5508,5509,44,214,598,229,372,1890,5510
5511,5512,3,140,249,21,259,1894,5513
5514,5515,18,59,270,224,216,1898,5516,547
5517,5518,74,165,976,147,62,1902,5519
5520,5521,3,110,238,42,78,5522,5523,1332
5524,5525,3,4,99,1,338,1910,5526
5527,5528,3,4,434,247,100,1913,5529
5530,5531,3,184,20,85,117,1917,5532
5533,5534,3,110,2744,229,481,1921,5535
5536,5537,18,237,303,92,338,1925,5538
5539,5540,18,19,776,81,372,1929,5541
5542,5543,27,36,711,21,86,1933,5544
5545,5546,44,133,1037,120,186,1938,5547
5548,5549,27,28,434,128,186,1942,5550
5551,5552,44,133,29,182,526,5553,5554
5555,5556,3,140,60,135,39,1950,5557
5558,5559,74,165,1684,120,271,1954,5560
5561,5562,27,550,1148,21,186,1958,5563
5564,5565,3,110,243,175,7,1962,5566
5567,5568,18,19,249,198,106,1966,2332,5569
5570,5571,74,165,408,72,271,1970,4359
5572,5573,74,75,1705,72,206,1974,5574
5575,5576,18,59,5,85,159,1978,5577
5578,5579,44,83,323,296,491,1982,5199
5580,5581,3,110,177,21,232,5582,5583
5584,5585,3,184,358,114,22,1990,5586
5587,5588,3,184,408,128,100,1994,5589
5590,5591,3,184,249,6,100,1998,5592
5593,5594,44,214,619,252,259,2002,5595
5596,5597,27,550,981,219,461,2006,5598
5599,5600,74,75,828,128,526,2010,5601
5602,5603,44,317,1452,247,93,2014,5604
5605,5606,3,51,1238,114,338,2018,5607
5608,5609,3,110,343,6,232,2022,5610
5611,5612,74,98,1795,81,244,5613,5614
5615,5616,74,496,413,1,298,2031,5617
5618,5619,74,75,68,131,328,2035,5620
5621,5622,27,550,270,229,232,2039,5623
5624,5625,3,4,556,114,179,2043,5626
5627,5628,27,36,1060,57,338,2047,5629
5630,5631,74,204,221,128,271,2051,5632
5633,5634,74,98,1617,163,716,2055,5635
5636,5637,27,36,29,42,216,2059,5638
5639,5640,27,157,981,283,574,2063,5641
5642,5643,27,157,1452,42,232,5644,5645
5646,5647,18,67,1343,85,372,2071,5648
5649,5650,44,83,434,61,86,2075,5651
5652,5653,3,110,371,10,179,2079,5654
5655,5656,27,28,1343,114,13,2083,5657
5658,5659,44,214,141,131,271,2087,5660
5661,5662,74,98,886,219,86,2091,5663,5664
5665,5666,74,75,1825,42,179,2095,5667
5668,5669,3,110,1158,198,47,2099,5670,2924
5671,5672,44,214,1452,182,244,2103,5673
5674,5675,27,157,134,69,551,5676,5677
5678,5679,74,165,1675,131,93,2111,5680
5681,5682,74,98,1617,241,435,2115,5683
5684,5685,44,214,544,16,259,2119,5686
5687,5688,18,479,141,175,47,2123,5689
5690,5691,74,165,434,105,244,2127,5692
5693,5694,27,36,517,21,216,2131,5695
5696,5697,18,237,706,241,216,2135,5698
5699,5700,27,90,243,81,78,2139,1458,601
5701,5702,27,28,29,296,491,2143,5703
5704,5705,27,157,285,10,54,5706,1021,5707
5708,5709,3,140,819,224,7,2151,5710
5711,5712,27,550,614,193,328,2155,5713
5714,5715,18,19,939,138,7,2159,5716
5717,5718,44,317,434,77,276,2163,5719
5720,5721,44,317,134,241,7,2167,5722
5723,5724,3,140,1024,279,54,2171,5725
5726,5727,18,479,37,150,159,2175,5728
5729,5730,18,237,819,77,106,2179,5731
5732,5733,18,19,598,131,186,2183,5734
5735,5736,44,317,195,138,186,5737,5738
5739,5740,3,184,544,224,123,2191,5741
5742,5743,3,110,1705,105,338,2195,5744
5745,5746,27,36,1094,72,179,2199,5747
5748,5749,27,28,122,114,39,2203,5750
5751,5752,3,110,455,283,259,2208,5753
5754,5755,74,98,565,85,461,2212,5756
5757,5758,27,28,645,138,159,2216,5759
5760,5761,3,4,726,241,491,2220,5762
5763,5764,3,110,645,283,22,2224,5765
5766,5767,27,36,544,30,216,5768,5769
5770,5771,74,496,886,25,244,2232,5772
5773,5774,3,51,440,292,526,2236,5775
5776,5777,44,83,388,150,93,2240,5778
5779,5780,44,317,37,229,461,2244,5781
5782,5783,44,83,480,126,461,2248,5784
5785,5786,3,4,403,34,179,2252,5787
5788,5789,44,83,759,61,394,2256,5790
5791,5792,44,45,740,96,491,2260,5793
5794,5795,18,479,967,81,206,2264,5796
5797,5798,18,19,1466,252,172,5799,5800
5801,5802,3,51,37,1,62,2272,5803
5804,5805,44,83,721,57,100,2276,5806
5807,5808,3,110,68,150,172,2280,5809
5810,5811,27,28,1795,105,232,2284,5812
5813,5814,27,36,445,126,244,2288,5815
5816,5817,44,317,1705,92,179,2292,5818
5819,5820,44,317,5,6,172,2296,5821
5822,5823,27,36,632,85,47,2300,5824
5825,5826,18,67,731,175,276,2304,5827
5828,5829,44,214,721,25,271,5830,5831
5832,5833,3,140,289,252,172,2312,5834
5835,5836,74,496,258,128,716,2316,5837
5838,5839,3,184,1233,61,78,2320,5840
5841,5842,44,133,348,128,716,2324,5843,5844
5845,5846,74,165,480,65,394,2327,5847
5848,5849,44,45,243,10,78,2331,5850
5851,5852,3,140,544,178,259,2336,5853
5854,5855,74,496,434,38,47,2340,5856,5857
5858,5859,3,4,37,1,93,2344,5860
5861,5862,3,110,531,92,244,5863,5864
5865,5866,74,496,745,126,551,2352,5867
5868,5869,18,237,348,135,31,2356,5870
5871,5872,44,45,1343,72,271,2360,5873
5874,5875,3,140,270,142,186,2364,5876
5877,5878,44,45,158,142,186,2368,5879
5880,5881,27,550,944,34,22,2372,5882
5883,5884,44,45,440,296,574,2376,5885
5886,5887,44,317,434,135,435,2380,1731
5888,5889,27,157,886,85,328,2384,5890
5891,5892,74,75,249,279,22,5893,5894
5895,5896,74,165,614,10,39,2393,5897
5898,5899,18,59,318,81,328,2397,5900
5901,5902,27,550,254,21,491,2401,5903
5904,5905,18,237,84,1,328,2405,5906
5907,5908,74,496,76,105,39,2409,5909
5910,5911,74,75,333,61,167,2413,4522
5912,5913,18,67,740,131,93,2417,5914
5915,5916,44,133,474,131,78,2421,5917
5918,5919,74,165,20,247,93,2425,5920
5921,5922,44,214,565,241,167,5923,5924
5925,5926,44,45,393,128,216,2433,5927
5928,5929,44,83,371,247,259,2437,2357
5930,5931,18,479,249,72,22,2441,5932
5933,5934,74,204,593,21,172,2445,5935
5936,5937,18,59,759,30,31,2449,5938
5939,5940,27,157,76,42,216,2453,5941
5942,5943,18,19,958,120,39,2457,5944
5945,5946,27,157,1617,25,271,2461,5947
5948,5949,3,51,231,247,13,2464,5950
5951,5952,3,184,408,1,574,5953,5954
5955,5956,74,165,134,229,328,2472,5957
5958,5959,27,90,52,6,259,2476,5960
5961,5962,74,75,701,16,167,2480,5963
5964,5965,74,204,2744,34,372,2484,5966
5967,5968,44,317,210,61,172,2488,5969
5970,5971,18,479,474,292,117,2492,5972
5973,5974,74,98,76,279,106,2496,5975
5976,5977,27,157,731,224,298,2500,5978
5979,5980,74,496,781,182,167,2504,5981
5982,5983,3,4,60,1,338,5984,5985
5986,5987,3,110,76,61,13,2513,5988
5989,5990,74,165,531,150,574,2517,5991
5992,5993,18,237,1233,296,435,2521,5994
5995,5996,74,165,1705,229,481,2525,5997
5998,5999,3,4,1042,182,167,2529,6000
6001,6002,27,36,285,283,216,2533,6003
6004,6005,44,45,76,21,179,2537,6006
6007,6008,74,98,2207,224,232,2542,6009
6010,6011,3,4,166,283,167,2546,2996,6012
6013,6014,44,45,480,92,172,6015,6016
6017,6018,27,36,52,175,62,2554,6019,6020
6021,6022,74,98,645,6,394,2558,6023
6024,6025,27,157,371,128,93,2562,6026
6027,6028,3,140,434,296,244,2566,6029
6030,6031,18,59,166,42,31,2570,3053,6032
6033,6034,18,67,171,138,276,2574,6035
6036,6037,18,479,205,53,93,2578,6038
6039,6040,3,4,116,131,491,2582,6041
6042,6043,74,98,873,42,271,2587,6044
6045,6046,3,184,1675,6,172,6047,6048
6049,6050,74,204,598,69,491,2595,6051
6052,6053,44,133,238,128,159,2599,6054
6055,6056,27,550,976,53,172,2603,6057
6058,6059,18,59,1705,1,435,2607,6060
6061,6062,18,19,958,114,526,2611,6063
6064,6065,74,165,556,142,179,2615,6066
6067,6068,18,67,828,138,167,2619,6069
6070,6071,74,98,814,1,216,2623,6072
6073,6074,3,140,254,53,206,2627,6075
6076,6077,74,98,460,69,491,6078,6079
6080,6081,44,317,1019,21,62,2635,6082
6083,6084,27,28,104,193,31,2639,6085
6086,6087,74,496,104,292,100,2643,6088
6089,6090,18,67,238,53,62,2647,1918
6091,6092,44,83,2512,42,551,2651,6093
6094,6095,3,4,619,235,7,2656,6096
6097,6098,74,204,1014,178,461,2660,6099
6100,6101,44,133,2207,198,232,2664,6102
6103,6104,27,550,809,16,179,2668,6105
6106,6107,44,45,958,219,526,6108,6109
6110,6111,44,45,353,193,232,2676,6112
6113,6114,74,496,12,1,22,2680,6115
6116,6117,44,317,873,193,13,2684,6118,6119
6120,6121,18,59,1019,105,167,2688,6122
6123,6124,44,133,1684,10,216,2692,6125
6126,6127,27,36,84,193,159,2696,6128
6129,6130,27,90,343,142,461,2700,6131
6132,6133,18,67,1276,77,22,2704,6134
6135,6136,18,237,1617,65,481,2708,6137
6138,6139,3,51,556,69,216,6140,6141
6142,6143,74,75,1148,128,271,2716,6144
6145,6146,44,133,200,120,100,2720,6147
6148,6149,27,90,976,72,167,2724,6150
6151,6152,74,496,215,292,328,2728,6153
6154,6155,18,59,111,131,216,2732,6156
6157,6158,18,59,1343,85,31,2736,6159
6160,6161,18,237,740,219,31,2740,6162
6163,6164,27,90,721,96,551,2745,6165
6166,6167,27,550,809,252,7,2750,6168
6169,6170,44,83,662,72,481,6171,6172
6173,6174,18,237,152,16,31,2758,6175
6176,6177,44,133,231,292,100,2762,6178
6179,6180,18,67,1019,25,271,2766,6181
6182,6183,27,157,721,135,86,2770,6184
6185,6186,44,317,210,38,78,2774,6187
6188,6189,44,133,1158,219,551,2778,6190
6191,6192,44,214,46,296,271,2782,6193
6194,6195,18,19,1042,142,62,2786,6196
6197,6198,74,496,1024,224,276,2790,6199
6200,6201,18,479,371,34,271,6202,6203
6204,6205,74,496,91,10,276,2798,6206
6207,6208,3,140,556,21,62,2802,6209
6210,6211,74,165,68,283,106,2806,6212
6213,6214,3,4,185,131,93,2810,6215
6216,6217,27,550,46,241,117,2814,6218
6219,6220,3,184,171,61,159,2818,6221
6222,6223,18,67,388,81,551,2822,6224
6225,6226,3,184,37,241,461,2826,6227
6228,6229,18,19,1276,96,276,2830,6230
6231,6232,74,75,111,292,167,6233,6234
6235,6236,3,110,614,219,481,2838,6237
6238,6239,27,36,1014,135,716,2842,6240
6241,6242,3,140,598,138,106,2846,6243
6244,6245,27,157,84,182,338,2850,6246
6247,6248,44,214,146,10,435,2854,6249
6250,6251,27,157,371,42,179,2858,6252
6253,6254,44,214,152,6,159,2862,6255
6256,6257,27,90,116,120,22,2866,6258
6259,6260,27,28,158,138,54,2870,6261
6262,6263,74,98,1461,30,461,6264,6265
6266,6267,18,237,662,241,179,2878,6268
6269,6270,27,28,1705,61,39,2882,6271
6272,6273,3,51,122,219,186,2886,6274
6275,6276,44,133,2275,10,481,2890,6277
6278,6279,44,214,814,147,167,2894,6280
6281,6282,18,237,688,182,328,2898,6283
6284,6285,27,157,776,163,298,2902,6286
6287,6288,27,28,886,155,206,2906,6289
6290,6291,44,83,195,135,78,2910,6292
6293,6294,3,140,814,247,435,6295,6296
6297,6298,3,184,343,292,22,2919,6299
6300,6301,44,83,2275,105,271,2923,4839
6302,6303,74,165,544,61,372,2927,6304
6305,6306,44,214,645,6,117,2931,6307
6308,6309,3,4,166,241,47,2935,6310
6311,6312,27,36,249,53,117,2939,6313
6314,6315,18,237,333,135,244,2943,6316
6317,6318,27,36,809,77,123,2947,6319,3365
6320,6321,3,110,177,138,551,2951,6322
6323,6324,27,28,2749,241,7,6325,6326
6327,6328,44,45,445,126,54,2959,6329
6330,6331,3,110,981,126,232,2963,6332
6333,6334,27,550,976,16,22,2967,6335
6336,6337,3,140,598,219,123,2971,6338
6339,6340,44,133,1675,175,435,2975,5516,1218
6341,6342,27,28,323,142,491,2979,6343
6344,6345,44,317,701,155,54,2983,6346
6347,6348,74,75,1094,42,7,2987,6349
6350,6351,74,75,1638,150,491,2991,6352
6353,6354,44,214,76,6,244,6355,6356
6357,6358,27,90,799,219,93,3000,6359
6360,6361,74,98,1183,69,394,3004,6362
6363,6364,74,165,382,147,31,3008,6365
6366,6367,44,317,12,182,186,3012,6368
6369,6370,27,550,84,135,276,3016,6371
6372,6373,27,157,152,105,461,3020,6374
6375,6376,3,51,52,279,551,3024,6377
6378,6379,27,157,76,77,86,3028,6380
6381,6382,27,90,1042,198,117,3032,6383
6384,6385,18,59,122,175,123,6386,6387
6388,6389,3,140,215,182,491,3040,6390
6391,6392,44,214,1019,138,106,3044,6393
6394,6395,3,4,662,175,167,3048,4340,6396
6397,6398,44,214,210,252,62,3052,6399
6400,6401,44,45,353,142,93,3056,6402,6020
6403,6404,44,83,1461,126,481,3060,6405
6406,6407,3,4,2744,6,7,3064,6408
6409,6410,74,496,141,279,276,3068,6411
6412,6413,44,317,323,198,117,3072,6414,601
6415,6416,74,98,1812,6,271,6417,6418
6419,6420,18,67,1461,16,106,3080,6421
6422,6423,74,98,1479,53,206,3084,6424
6425,6426,44,83,632,1,93,3089,6427,6428
6429,6430,44,45,598,69,481,3093,6431
6432,6433,27,550,343,77,372,3097,6434
6435,6436,18,59,2914,235,13,3101,6437
6438,6439,27,36,413,69,328,3105,6440
6441,6442,27,90,146,21,491,3109,6443
6444,6445,44,45,1094,30,259,3114,6446
6447,6448,74,165,1638,193,159,6449,6450
6451,6452,27,157,1317,1,22,3122,1154,6453
6454,6455,3,110,1684,247,271,3126,6456,2924
6457,6458,74,98,474,77,526,3130,6459
6460,6461,74,98,517,296,481,3134,6462
6463,6464,27,90,711,219,22,3138,6465
6466,6467,74,496,531,150,78,3142,6468
6469,6470,27,157,1024,105,159,3146,6471
6472,6473,27,90,29,42,526,3150,6474
6475,6476,74,98,1696,72,338,3154,6477
6478,6479,27,90,413,120,276,6480,6481
6482,6483,3,4,323,283,117,3162,6484
6485,6486,27,36,711,252,31,3166,6487
6488,6489,3,110,318,42,62,3170,6490
6491,6492,27,90,1795,57,328,3174,3797
6493,6494,74,75,619,128,13,3178,6495
6496,6497,18,59,474,6,159,3182,6498
6499,6500,44,45,1638,241,39,3186,6501
6502,6503,27,36,1825,193,298,3190,6504
6505,6506,74,165,1014,25,526,3194,6507,6508
6509,6510,44,45,809,283,106,6511,6512
6513,6514,44,317,308,114,526,3202,6515
6516,6517,74,165,886,65,172,3206,6518
6519,6520,74,75,688,85,328,3210,6521
6522,6523,27,550,480,198,159,3214,6524
6525,6526,44,45,1276,182,106,3218,6527
6528,6529,27,550,231,163,186,3221,6530
6531,6532,3,4,609,235,328,3225,6533
6534,6535,74,98,231,105,78,3229,6536
6537,6538,18,237,434,219,232,3233,6539
6540,6541,27,36,318,193,167,6542,6543
6544,6545,44,133,679,77,172,3241,6546
6547,6548,44,317,2914,163,179,3245,6549
6550,6551,3,51,981,150,271,3249,6552
6553,6554,44,45,455,296,117,3253,6555
6556,6557,3,51,944,247,13,3257,6558
6559,6560,18,479,711,85,338,3261,6561
6562,6563,74,165,1233,72,22,3265,6564
6565,6566,18,67,2744,135,551,3269,6567
6568,6569,3,4,377,247,31,3273,6570
6571,6572,3,110,604,85,54,6573,6574
6575,6576,44,214,1795,16,123,3281,6577
6578,6579,18,479,531,128,244,3285,6580
6581,6582,27,28,231,6,551,3289,6583
6584,6585,44,214,1148,229,54,3293,6586,1218
6587,6588,74,496,382,96,172,3298,6589
6590,6591,44,45,388,296,716,3302,6592
6593,6594,27,90,1479,126,106,3306,6595,6596
6597,6598,18,19,455,1,86,3310,6599
6600,6601,74,75,1037,72,62,3314,6602
6603,6604,74,98,1675,65,328,6605,6606
6607,6608,74,98,474,163,298,3322,6609
6610,6611,18,19,1060,10,259,3326,6612
6613,6614,18,59,266,42,47,3330,6615
6616,6617,74,165,185,69,491,3335,6618
6619,6620,18,237,480,150,551,3339,6621,6622
6623,6624,18,479,731,69,216,3343,6625
6626,6627,44,45,579,96,232,3347,6628
6629,6630,27,90,711,142,259,3351,6631
6632,6633,27,36,745,65,716,3355,6634
6635,6636,74,204,776,65,62,6637,6638
6639,6640,27,550,474,241,159,3363,6641
6642,6643,18,237,440,81,526,3368,6644
6645,6646,74,496,588,131,259,3372,6647
6648,6649,27,28,243,198,481,3376,6650
6651,6652,44,133,981,219,186,3380,6653
6654,6655,27,90,177,128,93,3384,6656
6657,6658,27,28,726,81,117,3388,6659
6660,6661,74,75,2275,241,13,3392,6662,385
6663,6664,27,550,46,219,106,3396,6665
6666,6667,44,317,46,193,298,6668,6669
6670,6671,27,36,2914,147,372,3404,6672
6673,6674,3,184,1675,126,481,3408,6675
6676,6677,18,19,1343,198,271,3412,6678
6679,6680,3,4,303,182,216,3416,6681
6682,6683,27,36,1452,81,39,3420,6684
6685,6686,18,67,258,96,491,3424,6687
6688,6689,18,19,1276,42,93,3428,6690
6691,6692,18,59,1675,92,78,3432,6693
6694,6695,18,237,579,16,271,3436,6696
6697,6698,74,496,2914,38,461,6699,6700
6701,6702,44,214,944,57,54,3444,6703
6704,6705,18,59,122,252,86,3448,6706
6707,6708,3,51,60,178,271,3452,6709
6710,6711,3,184,967,38,232,3456,6712
6713,6714,3,4,1479,135,86,3460,6715
6716,6717,74,75,781,85,338,3464,6718
6719,6720,44,45,1479,114,372,3468,6721
6722,6723,18,67,1812,77,93,3472,6724
6725,6726,44,133,1812,96,216,3476,6727
6728,6729,44,317,1317,96,716,6730,6731
6732,6733,18,59,517,81,461,3484,6734
6735,6736,44,214,353,128,232,3488,6737
6738,6739,27,550,632,25,259,3492,6740
6741,6742,74,496,1024,142,106,3496,6743
6744,6745,74,75,266,128,31,3500,6746
6747,6748,74,204,745,235,461,3504,6749
6750,6751,44,317,1479,96,54,3508,6752
6753,6754,18,479,1238,252,31,3512,6755,3332
6756,6757,18,59,1060,198,526,3516,6758
6759,6760,27,90,609,126,328,6761,6762
6763,6764,27,157,152,175,526,3524,6765
6766,6767,44,83,434,247,7,3528,6768,3365
6769,6770,27,90,343,10,62,3532,6771
6772,6773,74,98,1825,163,574,3536,6774
6775,6776,74,75,403,1,54,3540,6777,601
6778,6779,74,98,645,182,298,3544,6780
6781,6782,74,98,604,241,179,3548,3274
6783,6784,74,165,46,219,461,3552,6785
6786,6787,3,184,371,72,172,3556,6788
6789,6790,44,83,1617,92,13,6791,6792
6793,6794,44,317,804,131,123,3564,6795
6796,6797,18,67,809,235,117,3568,6798
6799,6800,18,67,531,16,216,3572,6801
6802,6803,18,19,517,120,54,3576,6804
6805,6806,27,157,460,193,159,3580,6807
6808,6809,27,28,711,247,394,3584,6810
6811,6812,18,67,382,25,47,3588,6813
6814,6815,18,67,1024,72,244,3592,6816
6817,6818,18,237,2207,224,491,3596,6819
6820,6821,74,75,221,34,62,6822,6823
6824,6825,44,214,556,292,167,3604,6826
6827,6828,18,479,517,224,259,3608,6829
6830,6831,3,110,205,42,276,3612,6832
6833,6834,3,4,1243,53,22,3616,6835
6836,6837,18,479,1461,10,117,3620,6838
6839,6840,74,496,29,252,167,3623,6841
6842,6843,3,110,490,53,7,3627,6844,601
6845,6846,27,90,565,142,86,3631,6847
6848,6849,74,204,750,81,106,3635,6850,6851
6852,6853,18,19,249,163,117,6854,6855
6856,6857,74,496,231,1,39,3643,6858
6859,6860,27,28,99,16,159,3647,6137
6861,6862,74,165,740,155,78,3651,6863
6864,6865,18,59,270,219,481,3655,6866
6867,6868,44,45,152,30,298,3659,6869
6870,6871,44,317,645,65,167,3663,2538,6872
6873,6874,74,75,588,147,47,3667,6875
6876,6877,3,4,1795,142,481,3671,6878
6879,6880,44,45,434,38,22,3675,6881
6882,6883,3,184,1014,138,244,6884,6885
6886,6887,74,98,185,175,54,3683,6888
6889,6890,3,51,440,16,62,3686,1756
6891,6892,74,496,819,57,491,3690,6893
6894,6895,74,75,1825,292,106,3694,6896
6897,6898,74,496,976,138,172,3698,6899
6900,6901,27,36,200,247,117,3702,6902
6903,6904,18,479,270,126,491,3706,6905
6906,6907,74,204,480,292,526,3710,6908
6909,6910,27,36,1684,114,159,3714,1331,6911
6912,6913,44,83,886,42,716,6914,6915
6916,6917,27,28,1148,292,551,3722,6918
6919,6920,3,184,814,21,159,3726,6921
6922,6923,44,214,1148,53,526,3730,6924
6925,6926,3,140,679,142,117,3734,6927
6928,6929,44,83,579,16,54,3738,6930
6931,6932,44,83,388,175,372,3742,6933,1218
6934,6935,74,496,598,296,167,3746,6936
6937,6938,74,75,333,6,100,3750,723
6939,6940,74,98,308,72,47,3754,6941
6942,6943,74,496,490,72,372,6944,6945
6946,6947,27,28,1317,182,39,3763,6948
6949,6950,74,165,141,61,206,3767,6951
6952,6953,18,19,141,1,172,3772,6954
6955,6956,27,157,593,247,62,3776,6957
6958,6959,27,28,215,283,216,3780,6960,6961
6962,6963,27,36,12,147,435,3784,6964
6965,6966,18,59,645,85,716,3788,6967
6968,6969,18,19,210,279,86,3792,6970
6971,6972,74,165,2512,65,54,3796,6973
6974,6975,18,479,377,224,206,6976,6977
6978,6979,3,4,84,224,232,3804,6980
6981,6982,18,479,5,138,526,3808,5199
6983,6984,3,184,981,235,123,3812,6985
6986,6987,74,165,333,142,491,3816,6988
6989,6990,18,19,323,30,47,3820,4090
6991,6992,44,83,1479,25,298,3824,6993
6994,6995,44,133,1479,252,551,3828,6996
6997,6998,27,28,205,131,93,3832,6999
7000,7001,18,479,701,120,31,3836,7002
7003,7004,44,317,662,175,394,7005,3755,796
7006,7007,3,51,809,77,232,3843,7008
7009,7010,18,479,565,30,93,3846,7011
7012,7013,27,36,1638,69,39,3849,7014
7015,7016,18,237,413,135,93,3852,7017
7018,7019,3,4,731,138,62,3855,7020
7021,7022,74,75,1461,193,78,3858,7023
7024,7025,44,317,632,61,39,3861,7026
7027,7028,44,317,5,131,86,3864,7029
7030,7031,18,479,215,235,159,3867,7032
7033,7034,18,237,967,175,179,7035,7036
7037,7038,74,165,1684,229,22,3875,7039
7040,7041,18,59,285,241,276,3879,7042
7043,7044,18,67,141,10,232,3883,7045,796
7046,7047,3,140,104,224,167,3887,7048
7049,7050,44,133,403,65,491,3891,7051
7052,7053,3,51,303,292,47,3895,7054
7055,7056,74,75,1148,10,394,3899,7057
7058,7059,18,479,377,65,574,3903,7060
7061,7062,44,45,1014,241,106,3907,7063
7064,7065,27,36,177,247,86,7066,7067
7068,7069,44,45,1094,175,62,3915,7070
7071,7072,18,237,221,42,123,3919,7073
7074,7075,74,165,981,178,551,3923,4405
7076,7077,3,140,490,57,259,3927,7078
7079,7080,18,19,91,1,232,3931,7081
7082,7083,18,67,2275,283,172,3935,7084
7085,7086,27,28,598,105,574,3939,7087
7088,7089,3,51,134,175,22,3943,7090
7091,7092,18,59,1461,96,62,3947,7093
7094,7095,3,184,776,120,62,7096,7097
7098,7099,27,550,445,34,276,3955,4340,7100
7101,7102,27,550,2512,72,78,3959,1336
7103,7104,3,110,967,147,551,3963,7105
7106,7107,18,67,1037,147,259,3967,7108
7109,7110,27,28,29,135,62,3971,7111
7112,7113,3,51,408,163,259,3975,7114
7115,7116,44,133,450,1,244,3979,4645
7117,7118,44,83,445,224,394,3982,7119
7120,7121,18,67,205,77,526,3986,7122
7123,7124,44,317,37,6,244,7125,7126
7127,7128,27,157,275,175,117,3995,7129
7130,7131,18,19,1276,138,338,3999,7132
7133,7134,3,4,353,120,491,4003,7135
7136,7137,18,67,976,114,159,4007,7138
7139,7140,3,51,122,163,172,4011,7141
7142,7143,3,110,711,53,216,4015,7144
7145,7146,27,28,333,178,39,4019,7147
7148,7149,74,98,60,126,372,4023,7150
7151,7152,44,317,289,61,551,4026,7153
7154,7155,44,133,1183,224,206,7156,7157
7158,7159,74,496,939,142,167,4034,7160
7161,7162,18,67,2512,163,276,4038,7163
7164,7165,44,133,645,198,328,4042,7166
7167,7168,74,496,353,135,271,4046,7169,4994
7170,7171,18,67,171,163,22,4049,7172
7173,7174,74,496,645,30,271,4053,7175,1397
7176,7177,74,98,238,128,328,4057,7178,3992
7179,7180,27,90,266,65,328,4061,7181
7182,7183,3,110,1233,150,338,4065,7184
7185,7186,27,28,1014,283,54,7187,7188
7189,7190,27,90,1183,198,54,4073,7191
7192,7193,44,317,939,193,491,4077,7194
7195,7196,18,19,1675,81,86,4081,7197
7198,7199,74,204,588,235,179,4085,7200
7201,7202,44,83,1617,128,491,4089,7203
7204,7205,3,4,474,219,216,4093,7206
7207,7208,44,133,308,252,106,4097,7209
7210,7211,74,496,185,128,338,4101,547,7212
7213,7214,74,75,1094,175,159,4105,7215
7216,7217,27,36,1094,85,172,7218,7219,7220
7221,7222,74,75,740,296,259,4112,7223
7224,7225,18,67,382,72,574,4116,7226
7227,7228,3,4,688,120,100,4120,7229
7230,7231,18,59,29,96,244,4123,7232
7233,7234,27,90,809,30,232,4127,7235
7236,7237,74,204,1042,42,491,4131,7238
7239,7240,44,133,37,178,106,4135,7241
7242,7243,18,479,1705,135,372,4139,7244
7245,7246,3,4,29,77,62,4143,7247
7248,7249,74,165,565,296,39,7250,7251
7252,7253,44,45,2744,96,481,4151,7254
7255,7256,18,59,99,155,54,4155,1914
7257,7258,3,4,701,126,394,4159,7259
7260,7261,44,83,556,150,526,4163,7262
7263,7264,74,496,662,175,78,4167,7265
7266,7267,3,140,210,175,481,4171,7268
7269,7270,27,90,116,292,206,4175,7271
7272,7273,74,98,731,34,338,4179,7274
7275,7276,74,496,413,241,106,4183,7277
7278,7279,27,36,76,38,86,7280,7281
7282,7283,44,83,517,147,39,4191,7284
7285,7286,3,140,814,283,39,4195,7287
7288,7289,27,28,1479,30,186,4199,7290
7291,7292,18,479,37,25,93,4203,7293,7294
7295,7296,3,140,726,229,271,4207,7297
7298,7299,3,140,740,147,172,4211,7300
7301,7302,44,214,886,150,93,4215,7303
7304,7305,27,36,84,38,491,4219,7306
7307,7308,44,83,1148,235,481,4223,7309
7310,7311,44,83,285,224,39,7312,7313
7314,7315,3,140,388,279,54,14,7316
