date,CHEMBL2447938,CHEMBL1098659,CHEMBL389621,CHEMBL1437,CHEMBL1434513,CHEMBL1486,CHEMBL1088977,CHEMBL1259059,CHEMBL592868,CHEMBL1234613,CHEMBL3,CHEMBL547,CHEMBL45,CHEMBL47,CHEMBL925,CHEMBL50,CHEMBL426,CHEMBL34259,CHEMBL2146126,CHEMBL318153,CHEMBL386630,CHEMBL1201101,CHEMBL333950,CHEMBL483,CHEMBL3989702
1,2,2,2,2,2,2,2,2,2,2,2,2,2,2,2,2,2,2,2,2,2,2,2,2,2
2,2,2,2,2,2,2,2,2,2,2,2,2,2,2,2,2,2,2,2,2,2,2,2,2,2
3,2,2,2,2,2,2,2,2,2,2,2,2,2,2,2,2,2,2,2,2,2,2,2,2,2
4,2,4,2,4,4,2,4,2,2,2,2,2,2,4,2,2,4,4,2,4,2,2,2,2,2
5,9,6,6,10,10,10,10,4,10,2,2,10,4,2,6,2,4,4,4,6,4,4,2,6,6
6,6,6,2,10,10,4,4,2,6,4,6,10,6,4,10,6,2,2,6,9,6,6,4,4,4
7,4,4,2,10,10,2,2,4,2,2,4,2,2,6,6,2,4,4,4,2,2,2,2,2,2
8,4,4,2,2,2,2,2,6,2,2,4,2,4,2,2,4,2,2,4,4,2,2,4,2,2
9,2,4,4,2,2,4,2,9,4,2,4,2,6,2,2,2,2,2,2,2,2,2,2,4,4
10,2,2,2,2,2,2,2,4,4,4,4,2,6,4,2,2,2,2,2,2,2,2,4,2,2
11,2,2,4,2,2,4,4,2,2,4,10,4,2,4,4,4,4,4,4,2,6,6,2,4,4
12,2,4,6,4,4,4,2,2,2,2,4,4,2,2,4,2,2,2,2,2,6,6,6,4,4
13,4,2,4,2,2,2,2,2,2,2,2,4,2,4,4,2,2,2,2,2,2,2,4,2,2
14,4,4,2,2,2,6,4,2,4,2,2,4,2,2,2,2,4,4,2,2,4,4,4,6,6
15,2,2,6,2,2,2,2,6,2,6,2,2,4,2,2,4,4,4,2,2,2,2,2,2,2
16,4,2,2,2,2,4,2,2,6,10,2,2,2,4,2,4,4,4,4,2,2,2,2,4,4
17,2,6,2,2,2,2,4,2,4,2,2,2,2,2,2,6,2,2,2,4,2,2,2,2,2
18,2,2,2,2,2,4,2,2,2,10,4,2,4,2,2,2,4,4,4,4,2,2,2,2,2
19,2,2,4,2,2,2,6,2,2,2,2,2,2,4,2,2,2,2,4,2,4,4,2,2,2
20,2,2,4,2,2,2,2,2,2,2,2,2,2,4,2,2,4,4,4,2,4,4,2,2,2
21,2,2,2,2,2,2,2,2,2,2,2,2,2,2,2,4,4,4,2,2,2,2,2,2,2
22,2,2,2,2,2,2,2,2,2,2,2,2,2,2,2,2,2,2,2,2,2,2,2,2,2
23,2,2,2,2,2,2,2,2,2,2,2,2,2,2,2,2,2,2,2,2,2,2,2,2,2
24,2,2,2,2,2,2,2,2,2,2,2,2,2,2,2,2,2,2,2,2,2,2,2,2,2
25,2,4,2,4,4,2,4,2,2,2,2,2,2,4,2,2,4,4,2,4,2,2,2,2,2
26,9,6,6,10,10,10,10,4,10,2,2,10,4,2,6,2,4,4,4,6,4,4,2,6,6
27,6,6,2,10,10,4,4,2,6,4,6,10,6,4,10,6,2,2,6,9,6,6,4,4,4
28,4,4,2,10,10,2,2,4,2,2,4,2,2,6,6,2,4,4,4,2,2,2,2,2,2
29,4,4,2,2,2,2,2,6,2,2,4,2,4,2,2,4,2,2,4,4,2,2,4,2,2
30,2,4,4,2,2,4,2,9,4,2,4,2,6,2,2,2,2,2,2,2,2,2,2,4,4
31,2,2,2,2,2,2,2,4,4,4,4,2,6,4,2,2,2,2,2,2,2,2,4,2,2
32,2,2,4,2,2,4,4,2,2,4,10,4,2,4,4,4,4,4,4,2,6,6,2,4,4
33,2,4,6,4,4,4,2,2,2,2,4,4,2,2,4,2,2,2,2,2,6,6,6,4,4
34,4,2,4,2,2,2,2,2,2,2,2,4,2,4,4,2,2,2,2,2,2,2,4,2,2
35,4,4,2,2,2,6,4,2,4,2,2,4,2,2,2,2,4,4,2,2,4,4,4,6,6
36,2,2,6,2,2,2,2,6,2,6,2,2,4,2,2,4,4,4,2,2,2,2,2,2,2
37,4,2,2,2,2,4,2,2,6,10,2,2,2,4,2,4,4,4,4,2,2,2,2,4,4
38,2,6,2,2,2,2,4,2,4,2,2,2,2,2,2,6,2,2,2,4,2,2,2,2,2
39,2,2,2,2,2,4,2,2,2,10,4,2,4,2,2,2,4,4,4,4,2,2,2,2,2
40,2,2,4,2,2,2,6,2,2,2,2,2,2,4,2,2,2,2,4,2,4,4,2,2,2
41,2,2,4,2,2,2,2,2,2,2,2,2,2,4,2,2,4,4,4,2,4,4,2,2,2
42,2,2,2,2,2,2,2,2,2,2,2,2,2,2,2,4,4,4,2,2,2,2,2,2,2
43,2,2,2,2,2,2,2,2,2,2,2,2,2,2,2,2,2,2,2,2,2,2,2,2,2
44,2,2,2,2,2,2,2,2,2,2,2,2,2,2,2,2,2,2,2,2,2,2,2,2,2
45,2,2,2,2,2,2,2,2,2,2,2,2,2,2,2,2,2,2,2,2,2,2,2,2,2
46,2,4,2,4,4,2,4,2,2,2,2,2,2,4,2,2,4,4,2,4,2,2,2,2,2
47,9,6,6,10,10,10,10,4,10,2,2,10,4,2,6,2,4,4,4,6,4,4,2,6,6
48,6,6,2,10,10,4,4,2,6,4,6,10,6,4,10,6,2,2,6,9,6,6,4,4,4
49,4,4,2,10,10,2,2,4,2,2,4,2,2,6,6,2,4,4,4,2,2,2,2,2,2
50,4,4,2,2,2,2,2,6,2,2,4,2,4,2,2,4,2,2,4,4,2,2,4,2,2
51,2,4,4,2,2,4,2,9,4,2,4,2,6,2,2,2,2,2,2,2,2,2,2,4,4
52,2,2,2,2,2,2,2,4,4,4,4,2,6,4,2,2,2,2,2,2,2,2,4,2,2
53,2,2,4,2,2,4,4,2,2,4,10,4,2,4,4,4,4,4,4,2,6,6,2,4,4
54,2,4,6,4,4,4,2,2,2,2,4,4,2,2,4,2,2,2,2,2,6,6,6,4,4
55,4,2,4,2,2,2,2,2,2,2,2,4,2,4,4,2,2,2,2,2,2,2,4,2,2
56,4,4,2,2,2,6,4,2,4,2,2,4,2,2,2,2,4,4,2,2,4,4,4,6,6
57,2,2,6,2,2,2,2,6,2,6,2,2,4,2,2,4,4,4,2,2,2,2,2,2,2
58,4,2,2,2,2,4,2,2,6,10,2,2,2,4,2,4,4,4,4,2,2,2,2,4,4
59,2,6,2,2,2,2,4,2,4,2,2,2,2,2,2,6,2,2,2,4,2,2,2,2,2
60,2,2,2,2,2,4,2,2,2,10,4,2,4,2,2,2,4,4,4,4,2,2,2,2,2
61,2,2,4,2,2,2,6,2,2,2,2,2,2,4,2,2,2,2,4,2,4,4,2,2,2
62,2,2,4,2,2,2,2,2,2,2,2,2,2,4,2,2,4,4,4,2,4,4,2,2,2
63,2,2,2,2,2,2,2,2,2,2,2,2,2,2,2,4,4,4,2,2,2,2,2,2,2
64,2,2,2,2,2,2,2,2,2,2,2,2,2,2,2,2,2,2,2,2,2,2,2,2,2
65,2,2,2,2,2,2,2,2,2,2,2,2,2,2,2,2,2,2,2,2,2,2,2,2,2
66,2,2,2,2,2,2,2,2,2,2,2,2,2,2,2,2,2,2,2,2,2,2,2,2,2
67,2,4,2,4,4,2,4,2,2,2,2,2,2,4,2,2,4,4,2,4,2,2,2,2,2
68,9,6,6,10,10,10,10,4,10,2,2,10,4,2,6,2,4,4,4,6,4,4,2,6,6
69,6,6,2,10,10,4,4,2,6,4,6,10,6,4,10,6,2,2,6,9,6,6,4,4,4
70,4,4,2,10,10,2,2,4,2,2,4,2,2,6,6,2,4,4,4,2,2,2,2,2,2
71,4,4,2,2,2,2,2,6,2,2,4,2,4,2,2,4,2,2,4,4,2,2,4,2,2
72,2,4,4,2,2,4,2,9,4,2,4,2,6,2,2,2,2,2,2,2,2,2,2,4,4
73,2,2,2,2,2,2,2,4,4,4,4,2,6,4,2,2,2,2,2,2,2,2,4,2,2
74,2,2,4,2,2,4,4,2,2,4,10,4,2,4,4,4,4,4,4,2,6,6,2,4,4
75,2,4,6,4,4,4,2,2,2,2,4,4,2,2,4,2,2,2,2,2,6,6,6,4,4
76,4,2,4,2,2,2,2,2,2,2,2,4,2,4,4,2,2,2,2,2,2,2,4,2,2
77,4,4,2,2,2,6,4,2,4,2,2,4,2,2,2,2,4,4,2,2,4,4,4,6,6
78,2,2,6,2,2,2,2,6,2,6,2,2,4,2,2,4,4,4,2,2,2,2,2,2,2
79,4,2,2,2,2,4,2,2,6,10,2,2,2,4,2,4,4,4,4,2,2,2,2,4,4
80,2,6,2,2,2,2,4,2,4,2,2,2,2,2,2,6,2,2,2,4,2,2,2,2,2
81,2,2,2,2,2,4,2,2,2,10,4,2,4,2,2,2,4,4,4,4,2,2,2,2,2
82,2,2,4,2,2,2,6,2,2,2,2,2,2,4,2,2,2,2,4,2,4,4,2,2,2
83,2,2,4,2,2,2,2,2,2,2,2,2,2,4,2,2,4,4,4,2,4,4,2,2,2
84,2,2,2,2,2,2,2,2,2,2,2,2,2,2,2,4,4,4,2,2,2,2,2,2,2
85,2,2,2,2,2,2,2,2,2,2,2,2,2,2,2,2,2,2,2,2,2,2,2,2,2
86,2,2,2,2,2,2,2,2,2,2,2,2,2,2,2,2,2,2,2,2,2,2,2,2,2
87,2,2,2,2,2,2,2,2,2,2,2,2,2,2,2,2,2,2,2,2,2,2,2,2,2
88,2,4,2,4,4,2,4,2,2,2,2,2,2,4,2,2,4,4,2,4,2,2,2,2,2
89,9,6,6,10,10,10,10,4,10,2,2,10,4,2,6,2,4,4,4,6,4,4,2,6,6
90,6,6,2,10,10,4,4,2,6,4,6,10,6,4,10,6,2,2,6,9,6,6,4,4,4
91,4,4,2,10,10,2,2,4,2,2,4,2,2,6,6,2,4,4,4,2,2,2,2,2,2
92,4,4,2,2,2,2,2,6,2,2,4,2,4,2,2,4,2,2,4,4,2,2,4,2,2
93,2,4,4,2,2,4,2,9,4,2,4,2,6,2,2,2,2,2,2,2,2,2,2,4,4
94,2,2,2,2,2,2,2,4,4,4,4,2,6,4,2,2,2,2,2,2,2,2,4,2,2
95,2,2,4,2,2,4,4,2,2,4,10,4,2,4,4,4,4,4,4,2,6,6,2,4,4
96,2,4,6,4,4,4,2,2,2,2,4,4,2,2,4,2,2,2,2,2,6,6,6,4,4
97,4,2,4,2,2,2,2,2,2,2,2,4,2,4,4,2,2,2,2,2,2,2,4,2,2
98,4,4,2,2,2,6,4,2,4,2,2,4,2,2,2,2,4,4,2,2,4,4,4,6,6
99,2,2,6,2,2,2,2,6,2,6,2,2,4,2,2,4,4,4,2,2,2,2,2,2,2
100,4,2,2,2,2,4,2,2,6,10,2,2,2,4,2,4,4,4,4,2,2,2,2,4,4
101,2,6,2,2,2,2,4,2,4,2,2,2,2,2,2,6,2,2,2,4,2,2,2,2,2
102,2,2,2,2,2,4,2,2,2,10,4,2,4,2,2,2,4,4,4,4,2,2,2,2,2
103,2,2,4,2,2,2,6,2,2,2,2,2,2,4,2,2,2,2,4,2,4,4,2,2,2
104,2,2,4,2,2,2,2,2,2,2,2,2,2,4,2,2,4,4,4,2,4,4,2,2,2
105,2,2,2,2,2,2,2,2,2,2,2,2,2,2,2,4,4,4,2,2,2,2,2,2,2
106,2,2,2,2,2,2,2,2,2,2,2,2,2,2,2,2,2,2,2,2,2,2,2,2,2
107,2,2,2,2,2,2,2,2,2,2,2,2,2,2,2,2,2,2,2,2,2,2,2,2,2
108,2,2,2,2,2,2,2,2,2,2,2,2,2,2,2,2,2,2,2,2,2,2,2,2,2
109,2,4,2,4,4,2,4,2,2,2,2,2,2,4,2,2,4,4,2,4,2,2,2,2,2
110,9,6,6,10,10,10,10,4,10,2,2,10,4,2,6,2,4,4,4,6,4,4,2,6,6
111,6,6,2,10,10,4,4,2,6,4,6,10,6,4,10,6,2,2,6,9,6,6,4,4,4
112,4,4,2,10,10,2,2,4,2,2,4,2,2,6,6,2,4,4,4,2,2,2,2,2,2
113,4,4,2,2,2,2,2,6,2,2,4,2,4,2,2,4,2,2,4,4,2,2,4,2,2
114,2,4,4,2,2,4,2,9,4,2,4,2,6,2,2,2,2,2,2,2,2,2,2,4,4
115,2,2,2,2,2,2,2,4,4,4,4,2,6,4,2,2,2,2,2,2,2,2,4,2,2
116,2,2,4,2,2,4,4,2,2,4,10,4,2,4,4,4,4,4,4,2,6,6,2,4,4
117,2,4,6,4,4,4,2,2,2,2,4,4,2,2,4,2,2,2,2,2,6,6,6,4,4
118,4,2,4,2,2,2,2,2,2,2,2,4,2,4,4,2,2,2,2,2,2,2,4,2,2
119,4,4,2,2,2,6,4,2,4,2,2,4,2,2,2,2,4,4,2,2,4,4,4,6,6
120,2,2,6,2,2,2,2,6,2,6,2,2,4,2,2,4,4,4,2,2,2,2,2,2,2
121,4,2,2,2,2,4,2,2,6,10,2,2,2,4,2,4,4,4,4,2,2,2,2,4,4
122,2,6,2,2,2,2,4,2,4,2,2,2,2,2,2,6,2,2,2,4,2,2,2,2,2
123,2,2,2,2,2,4,2,2,2,10,4,2,4,2,2,2,4,4,4,4,2,2,2,2,2
124,2,2,4,2,2,2,6,2,2,2,2,2,2,4,2,2,2,2,4,2,4,4,2,2,2
125,2,2,4,2,2,2,2,2,2,2,2,2,2,4,2,2,4,4,4,2,4,4,2,2,2
126,2,2,2,2,2,2,2,2,2,2,2,2,2,2,2,4,4,4,2,2,2,2,2,2,2
127,2,2,2,2,2,2,2,2,2,2,2,2,2,2,2,2,2,2,2,2,2,2,2,2,2
128,2,2,2,2,2,2,2,2,2,2,2,2,2,2,2,2,2,2,2,2,2,2,2,2,2
129,2,2,2,2,2,2,2,2,2,2,2,2,2,2,2,2,2,2,2,2,2,2,2,2,2
130,2,4,2,4,4,2,4,2,2,2,2,2,2,4,2,2,4,4,2,4,2,2,2,2,2
131,9,6,6,10,10,10,10,4,10,2,2,10,4,2,6,2,4,4,4,6,4,4,2,6,6
132,6,6,2,10,10,4,4,2,6,4,6,10,6,4,10,6,2,2,6,9,6,6,4,4,4
133,4,4,2,10,10,2,2,4,2,2,4,2,2,6,6,2,4,4,4,2,2,2,2,2,2
134,4,4,2,2,2,2,2,6,2,2,4,2,4,2,2,4,2,2,4,4,2,2,4,2,2
135,2,4,4,2,2,4,2,9,4,2,4,2,6,2,2,2,2,2,2,2,2,2,2,4,4
136,2,2,2,2,2,2,2,4,4,4,4,2,6,4,2,2,2,2,2,2,2,2,4,2,2
137,2,2,4,2,2,4,4,2,2,4,10,4,2,4,4,4,4,4,4,2,6,6,2,4,4
138,2,4,6,4,4,4,2,2,2,2,4,4,2,2,4,2,2,2,2,2,6,6,6,4,4
139,4,2,4,2,2,2,2,2,2,2,2,4,2,4,4,2,2,2,2,2,2,2,4,2,2
140,4,4,2,2,2,6,4,2,4,2,2,4,2,2,2,2,4,4,2,2,4,4,4,6,6
141,2,2,6,2,2,2,2,6,2,6,2,2,4,2,2,4,4,4,2,2,2,2,2,2,2
142,4,2,2,2,2,4,2,2,6,10,2,2,2,4,2,4,4,4,4,2,2,2,2,4,4
143,2,6,2,2,2,2,4,2,4,2,2,2,2,2,2,6,2,2,2,4,2,2,2,2,2
144,2,2,2,2,2,4,2,2,2,10,4,2,4,2,2,2,4,4,4,4,2,2,2,2,2
145,2,2,4,2,2,2,6,2,2,2,2,2,2,4,2,2,2,2,4,2,4,4,2,2,2
146,2,2,4,2,2,2,2,2,2,2,2,2,2,4,2,2,4,4,4,2,4,4,2,2,2
147,2,2,2,2,2,2,2,2,2,2,2,2,2,2,2,4,4,4,2,2,2,2,2,2,2
148,2,2,2,2,2,2,2,2,2,2,2,2,2,2,2,2,2,2,2,2,2,2,2,2,2
149,2,2,2,2,2,2,2,2,2,2,2,2,2,2,2,2,2,2,2,2,2,2,2,2,2
150,2,2,2,2,2,2,2,2,2,2,2,2,2,2,2,2,2,2,2,2,2,2,2,2,2
151,2,4,2,4,4,2,4,2,2,2,2,2,2,4,2,2,4,4,2,4,2,2,2,2,2
152,9,6,6,10,10,10,10,4,10,2,2,10,4,2,6,2,4,4,4,6,4,4,2,6,6
153,6,6,2,10,10,4,4,2,6,4,6,10,6,4,10,6,2,2,6,9,6,6,4,4,4
154,4,4,2,10,10,2,2,4,2,2,4,2,2,6,6,2,4,4,4,2,2,2,2,2,2
155,4,4,2,2,2,2,2,6,2,2,4,2,4,2,2,4,2,2,4,4,2,2,4,2,2
156,2,4,4,2,2,4,2,9,4,2,4,2,6,2,2,2,2,2,2,2,2,2,2,4,4
157,2,2,2,2,2,2,2,4,4,4,4,2,6,4,2,2,2,2,2,2,2,2,4,2,2
158,2,2,4,2,2,4,4,2,2,4,10,4,2,4,4,4,4,4,4,2,6,6,2,4,4
159,2,4,6,4,4,4,2,2,2,2,4,4,2,2,4,2,2,2,2,2,6,6,6,4,4
160,4,2,4,2,2,2,2,2,2,2,2,4,2,4,4,2,2,2,2,2,2,2,4,2,2
161,4,4,2,2,2,6,4,2,4,2,2,4,2,2,2,2,4,4,2,2,4,4,4,6,6
162,2,2,6,2,2,2,2,6,2,6,2,2,4,2,2,4,4,4,2,2,2,2,2,2,2
163,4,2,2,2,2,4,2,2,6,10,2,2,2,4,2,4,4,4,4,2,2,2,2,4,4
164,2,6,2,2,2,2,4,2,4,2,2,2,2,2,2,6,2,2,2,4,2,2,2,2,2
165,2,2,2,2,2,4,2,2,2,10,4,2,4,2,2,2,4,4,4,4,2,2,2,2,2
166,2,2,4,2,2,2,6,2,2,2,2,2,2,4,2,2,2,2,4,2,4,4,2,2,2
167,2,2,4,2,2,2,2,2,2,2,2,2,2,4,2,2,4,4,4,2,4,4,2,2,2
168,2,2,2,2,2,2,2,2,2,2,2,2,2,2,2,4,4,4,2,2,2,2,2,2,2
169,2,2,2,2,2,2,2,2,2,2,2,2,2,2,2,2,2,2,2,2,2,2,2,2,2
170,2,2,2,2,2,2,2,2,2,2,2,2,2,2,2,2,2,2,2,2,2,2,2,2,2
171,2,2,2,2,2,2,2,2,2,2,2,2,2,2,2,2,2,2,2,2,2,2,2,2,2
172,2,4,2,4,4,2,4,2,2,2,2,2,2,4,2,2,4,4,2,4,2,2,2,2,2
173,9,6,6,10,10,10,10,4,10,2,2,10,4,2,6,2,4,4,4,6,4,4,2,6,6
174,6,6,2,10,10,4,4,2,6,4,6,10,6,4,10,6,2,2,6,9,6,6,4,4,4
175,4,4,2,10,10,2,2,4,2,2,4,2,2,6,6,2,4,4,4,2,2,2,2,2,2
176,4,4,2,2,2,2,2,6,2,2,4,2,4,2,2,4,2,2,4,4,2,2,4,2,2
177,2,4,4,2,2,4,2,9,4,2,4,2,6,2,2,2,2,2,2,2,2,2,2,4,4
178,2,2,2,2,2,2,2,4,4,4,4,2,6,4,2,2,2,2,2,2,2,2,4,2,2
179,2,2,4,2,2,4,4,2,2,4,10,4,2,4,4,4,4,4,4,2,6,6,2,4,4
180,2,4,6,4,4,4,2,2,2,2,4,4,2,2,4,2,2,2,2,2,6,6,6,4,4
181,4,2,4,2,2,2,2,2,2,2,2,4,2,4,4,2,2,2,2,2,2,2,4,2,2
182,4,4,2,2,2,6,4,2,4,2,2,4,2,2,2,2,4,4,2,2,4,4,4,6,6
183,2,2,6,2,2,2,2,6,2,6,2,2,4,2,2,4,4,4,2,2,2,2,2,2,2
184,4,2,2,2,2,4,2,2,6,10,2,2,2,4,2,4,4,4,4,2,2,2,2,4,4
185,2,6,2,2,2,2,4,2,4,2,2,2,2,2,2,6,2,2,2,4,2,2,2,2,2
186,2,2,2,2,2,4,2,2,2,10,4,2,4,2,2,2,4,4,4,4,2,2,2,2,2
187,2,2,4,2,2,2,6,2,2,2,2,2,2,4,2,2,2,2,4,2,4,4,2,2,2
188,2,2,4,2,2,2,2,2,2,2,2,2,2,4,2,2,4,4,4,2,4,4,2,2,2
189,2,2,2,2,2,2,2,2,2,2,2,2,2,2,2,4,4,4,2,2,2,2,2,2,2
190,2,2,2,2,2,2,2,2,2,2,2,2,2,2,2,2,2,2,2,2,2,2,2,2,2
191,2,2,2,2,2,2,2,2,2,2,2,2,2,2,2,2,2,2,2,2,2,2,2,2,2
192,2,2,2,2,2,2,2,2,2,2,2,2,2,2,2,2,2,2,2,2,2,2,2,2,2
193,2,4,2,4,4,2,4,2,2,2,2,2,2,4,2,2,4,4,2,4,2,2,2,2,2
194,9,6,6,10,10,10,10,4,10,2,2,10,4,2,6,2,4,4,4,6,4,4,2,6,6
195,6,6,2,10,10,4,4,2,6,4,6,10,6,4,10,6,2,2,6,9,6,6,4,4,4
196,4,4,2,10,10,2,2,4,2,2,4,2,2,6,6,2,4,4,4,2,2,2,2,2,2
197,4,4,2,2,2,2,2,6,2,2,4,2,4,2,2,4,2,2,4,4,2,2,4,2,2
198,2,4,4,2,2,4,2,9,4,2,4,2,6,2,2,2,2,2,2,2,2,2,2,4,4
199,2,2,2,2,2,2,2,4,4,4,4,2,6,4,2,2,2,2,2,2,2,2,4,2,2
200,2,2,4,2,2,4,4,2,2,4,10,4,2,4,4,4,4,4,4,2,6,6,2,4,4
201,2,4,6,4,4,4,2,2,2,2,4,4,2,2,4,2,2,2,2,2,6,6,6,4,4
202,4,2,4,2,2,2,2,2,2,2,2,4,2,4,4,2,2,2,2,2,2,2,4,2,2
203,4,4,2,2,2,6,4,2,4,2,2,4,2,2,2,2,4,4,2,2,4,4,4,6,6
204,2,2,6,2,2,2,2,6,2,6,2,2,4,2,2,4,4,4,2,2,2,2,2,2,2
205,4,2,2,2,2,4,2,2,6,10,2,2,2,4,2,4,4,4,4,2,2,2,2,4,4
206,2,6,2,2,2,2,4,2,4,2,2,2,2,2,2,6,2,2,2,4,2,2,2,2,2
207,2,2,2,2,2,4,2,2,2,10,4,2,4,2,2,2,4,4,4,4,2,2,2,2,2
208,2,2,4,2,2,2,6,2,2,2,2,2,2,4,2,2,2,2,4,2,4,4,2,2,2
209,2,2,4,2,2,2,2,2,2,2,2,2,2,4,2,2,4,4,4,2,4,4,2,2,2
210,2,2,2,2,2,2,2,2,2,2,2,2,2,2,2,4,4,4,2,2,2,2,2,2,2
211,2,2,2,2,2,2,2,2,2,2,2,2,2,2,2,2,2,2,2,2,2,2,2,2,2
212,2,2,2,2,2,2,2,2,2,2,2,2,2,2,2,2,2,2,2,2,2,2,2,2,2
213,2,2,2,2,2,2,2,2,2,2,2,2,2,2,2,2,2,2,2,2,2,2,2,2,2
214,2,4,2,4,4,2,4,2,2,2,2,2,2,4,2,2,4,4,2,4,2,2,2,2,2
215,9,6,6,10,10,10,10,4,10,2,2,10,4,2,6,2,4,4,4,6,4,4,2,6,6
216,6,6,2,10,10,4,4,2,6,4,6,10,6,4,10,6,2,2,6,9,6,6,4,4,4
217,4,4,2,10,10,2,2,4,2,2,4,2,2,6,6,2,4,4,4,2,2,2,2,2,2
218,4,4,2,2,2,2,2,6,2,2,4,2,4,2,2,4,2,2,4,4,2,2,4,2,2
219,2,4,4,2,2,4,2,9,4,2,4,2,6,2,2,2,2,2,2,2,2,2,2,4,4
220,2,2,2,2,2,2,2,4,4,4,4,2,6,4,2,2,2,2,2,2,2,2,4,2,2
221,2,2,4,2,2,4,4,2,2,4,10,4,2,4,4,4,4,4,4,2,6,6,2,4,4
222,2,4,6,4,4,4,2,2,2,2,4,4,2,2,4,2,2,2,2,2,6,6,6,4,4
223,4,2,4,2,2,2,2,2,2,2,2,4,2,4,4,2,2,2,2,2,2,2,4,2,2
224,4,4,2,2,2,6,4,2,4,2,2,4,2,2,2,2,4,4,2,2,4,4,4,6,6
225,2,2,6,2,2,2,2,6,2,6,2,2,4,2,2,4,4,4,2,2,2,2,2,2,2
226,4,2,2,2,2,4,2,2,6,10,2,2,2,4,2,4,4,4,4,2,2,2,2,4,4
227,2,6,2,2,2,2,4,2,4,2,2,2,2,2,2,6,2,2,2,4,2,2,2,2,2
228,2,2,2,2,2,4,2,2,2,10,4,2,4,2,2,2,4,4,4,4,2,2,2,2,2
229,2,2,4,2,2,2,6,2,2,2,2,2,2,4,2,2,2,2,4,2,4,4,2,2,2
230,2,2,4,2,2,2,2,2,2,2,2,2,2,4,2,2,4,4,4,2,4,4,2,2,2
231,2,2,2,2,2,2,2,2,2,2,2,2,2,2,2,4,4,4,2,2,2,2,2,2,2
232,2,2,2,2,2,2,2,2,2,2,2,2,2,2,2,2,2,2,2,2,2,2,2,2,2
233,2,2,2,2,2,2,2,2,2,2,2,2,2,2,2,2,2,2,2,2,2,2,2,2,2
234,2,2,2,2,2,2,2,2,2,2,2,2,2,2,2,2,2,2,2,2,2,2,2,2,2
235,2,4,2,4,4,2,4,2,2,2,2,2,2,4,2,2,4,4,2,4,2,2,2,2,2
236,9,6,6,10,10,10,10,4,10,2,2,10,4,2,6,2,4,4,4,6,4,4,2,6,6
237,6,6,2,10,10,4,4,2,6,4,6,10,6,4,10,6,2,2,6,9,6,6,4,4,4
238,4,4,2,10,10,2,2,4,2,2,4,2,2,6,6,2,4,4,4,2,2,2,2,2,2
239,4,4,2,2,2,2,2,6,2,2,4,2,4,2,2,4,2,2,4,4,2,2,4,2,2
240,2,4,4,2,2,4,2,9,4,2,4,2,6,2,2,2,2,2,2,2,2,2,2,4,4
241,2,2,2,2,2,2,2,4,4,4,4,2,6,4,2,2,2,2,2,2,2,2,4,2,2
242,2,2,4,2,2,4,4,2,2,4,10,4,2,4,4,4,4,4,4,2,6,6,2,4,4
243,2,4,6,4,4,4,2,2,2,2,4,4,2,2,4,2,2,2,2,2,6,6,6,4,4
244,4,2,4,2,2,2,2,2,2,2,2,4,2,4,4,2,2,2,2,2,2,2,4,2,2
245,4,4,2,2,2,6,4,2,4,2,2,4,2,2,2,2,4,4,2,2,4,4,4,6,6
246,2,2,6,2,2,2,2,6,2,6,2,2,4,2,2,4,4,4,2,2,2,2,2,2,2
247,4,2,2,2,2,4,2,2,6,10,2,2,2,4,2,4,4,4,4,2,2,2,2,4,4
248,2,6,2,2,2,2,4,2,4,2,2,2,2,2,2,6,2,2,2,4,2,2,2,2,2
249,2,2,2,2,2,4,2,2,2,10,4,2,4,2,2,2,4,4,4,4,2,2,2,2,2
250,2,2,4,2,2,2,6,2,2,2,2,2,2,4,2,2,2,2,4,2,4,4,2,2,2
251,2,2,4,2,2,2,2,2,2,2,2,2,2,4,2,2,4,4,4,2,4,4,2,2,2
252,2,2,2,2,2,2,2,2,2,2,2,2,2,2,2,4,4,4,2,2,2,2,2,2,2
253,2,2,2,2,2,2,2,2,2,2,2,2,2,2,2,2,2,2,2,2,2,2,2,2,2
254,2,2,2,2,2,2,2,2,2,2,2,2,2,2,2,2,2,2,2,2,2,2,2,2,2
255,2,2,2,2,2,2,2,2,2,2,2,2,2,2,2,2,2,2,2,2,2,2,2,2,2
256,2,4,2,4,4,2,4,2,2,2,2,2,2,4,2,2,4,4,2,4,2,2,2,2,2
257,9,6,6,10,10,10,10,4,10,2,2,10,4,2,6,2,4,4,4,6,4,4,2,6,6
258,6,6,2,10,10,4,4,2,6,4,6,10,6,4,10,6,2,2,6,9,6,6,4,4,4
259,4,4,2,10,10,2,2,4,2,2,4,2,2,6,6,2,4,4,4,2,2,2,2,2,2
260,4,4,2,2,2,2,2,6,2,2,4,2,4,2,2,4,2,2,4,4,2,2,4,2,2
261,2,4,4,2,2,4,2,9,4,2,4,2,6,2,2,2,2,2,2,2,2,2,2,4,4
262,2,2,2,2,2,2,2,4,4,4,4,2,6,4,2,2,2,2,2,2,2,2,4,2,2
263,2,2,4,2,2,4,4,2,2,4,10,4,2,4,4,4,4,4,4,2,6,6,2,4,4
264,2,4,6,4,4,4,2,2,2,2,4,4,2,2,4,2,2,2,2,2,6,6,6,4,4
265,4,2,4,2,2,2,2,2,2,2,2,4,2,4,4,2,2,2,2,2,2,2,4,2,2
266,4,4,2,2,2,6,4,2,4,2,2,4,2,2,2,2,4,4,2,2,4,4,4,6,6
267,2,2,6,2,2,2,2,6,2,6,2,2,4,2,2,4,4,4,2,2,2,2,2,2,2
268,4,2,2,2,2,4,2,2,6,10,2,2,2,4,2,4,4,4,4,2,2,2,2,4,4
269,2,6,2,2,2,2,4,2,4,2,2,2,2,2,2,6,2,2,2,4,2,2,2,2,2
270,2,2,2,2,2,4,2,2,2,10,4,2,4,2,2,2,4,4,4,4,2,2,2,2,2
271,2,2,4,2,2,2,6,2,2,2,2,2,2,4,2,2,2,2,4,2,4,4,2,2,2
272,2,2,4,2,2,2,2,2,2,2,2,2,2,4,2,2,4,4,4,2,4,4,2,2,2
273,2,2,2,2,2,2,2,2,2,2,2,2,2,2,2,4,4,4,2,2,2,2,2,2,2
274,2,2,2,2,2,2,2,2,2,2,2,2,2,2,2,2,2,2,2,2,2,2,2,2,2
275,2,2,2,2,2,2,2,2,2,2,2,2,2,2,2,2,2,2,2,2,2,2,2,2,2
276,2,2,2,2,2,2,2,2,2,2,2,2,2,2,2,2,2,2,2,2,2,2,2,2,2
277,2,4,2,4,4,2,4,2,2,2,2,2,2,4,2,2,4,4,2,4,2,2,2,2,2
278,9,6,6,10,10,10,10,4,10,2,2,10,4,2,6,2,4,4,4,6,4,4,2,6,6
279,6,6,2,10,10,4,4,2,6,4,6,10,6,4,10,6,2,2,6,9,6,6,4,4,4
280,4,4,2,10,10,2,2,4,2,2,4,2,2,6,6,2,4,4,4,2,2,2,2,2,2
281,4,4,2,2,2,2,2,6,2,2,4,2,4,2,2,4,2,2,4,4,2,2,4,2,2
282,2,4,4,2,2,4,2,9,4,2,4,2,6,2,2,2,2,2,2,2,2,2,2,4,4
283,2,2,2,2,2,2,2,4,4,4,4,2,6,4,2,2,2,2,2,2,2,2,4,2,2
284,2,2,4,2,2,4,4,2,2,4,10,4,2,4,4,4,4,4,4,2,6,6,2,4,4
285,2,4,6,4,4,4,2,2,2,2,4,4,2,2,4,2,2,2,2,2,6,6,6,4,4
286,4,2,4,2,2,2,2,2,2,2,2,4,2,4,4,2,2,2,2,2,2,2,4,2,2
287,4,4,2,2,2,6,4,2,4,2,2,4,2,2,2,2,4,4,2,2,4,4,4,6,6
288,2,2,6,2,2,2,2,6,2,6,2,2,4,2,2,4,4,4,2,2,2,2,2,2,2
289,4,2,2,2,2,4,2,2,6,10,2,2,2,4,2,4,4,4,4,2,2,2,2,4,4
290,2,6,2,2,2,2,4,2,4,2,2,2,2,2,2,6,2,2,2,4,2,2,2,2,2
291,2,2,2,2,2,4,2,2,2,10,4,2,4,2,2,2,4,4,4,4,2,2,2,2,2
292,2,2,4,2,2,2,6,2,2,2,2,2,2,4,2,2,2,2,4,2,4,4,2,2,2
293,2,2,4,2,2,2,2,2,2,2,2,2,2,4,2,2,4,4,4,2,4,4,2,2,2
294,2,2,2,2,2,2,2,2,2,2,2,2,2,2,2,4,4,4,2,2,2,2,2,2,2
295,2,2,2,2,2,2,2,2,2,2,2,2,2,2,2,2,2,2,2,2,2,2,2,2,2
296,2,2,2,2,2,2,2,2,2,2,2,2,2,2,2,2,2,2,2,2,2,2,2,2,2
297,2,2,2,2,2,2,2,2,2,2,2,2,2,2,2,2,2,2,2,2,2,2,2,2,2
298,2,4,2,4,4,2,4,2,2,2,2,2,2,4,2,2,4,4,2,4,2,2,2,2,2
299,9,6,6,10,10,10,10,4,10,2,2,10,4,2,6,2,4,4,4,6,4,4,2,6,6
300,6,6,2,10,10,4,4,2,6,4,6,10,6,4,10,6,2,2,6,9,6,6,4,4,4
301,4,4,2,10,10,2,2,4,2,2,4,2,2,6,6,2,4,4,4,2,2,2,2,2,2
302,4,4,2,2,2,2,2,6,2,2,4,2,4,2,2,4,2,2,4,4,2,2,4,2,2
303,2,4,4,2,2,4,2,9,4,2,4,2,6,2,2,2,2,2,2,2,2,2,2,4,4
304,2,2,2,2,2,2,2,4,4,4,4,2,6,4,2,2,2,2,2,2,2,2,4,2,2
305,2,2,4,2,2,4,4,2,2,4,10,4,2,4,4,4,4,4,4,2,6,6,2,4,4
306,2,4,6,4,4,4,2,2,2,2,4,4,2,2,4,2,2,2,2,2,6,6,6,4,4
307,4,2,4,2,2,2,2,2,2,2,2,4,2,4,4,2,2,2,2,2,2,2,4,2,2
308,4,4,2,2,2,6,4,2,4,2,2,4,2,2,2,2,4,4,2,2,4,4,4,6,6
309,2,2,6,2,2,2,2,6,2,6,2,2,4,2,2,4,4,4,2,2,2,2,2,2,2
310,4,2,2,2,2,4,2,2,6,10,2,2,2,4,2,4,4,4,4,2,2,2,2,4,4
311,2,6,2,2,2,2,4,2,4,2,2,2,2,2,2,6,2,2,2,4,2,2,2,2,2
312,2,2,2,2,2,4,2,2,2,10,4,2,4,2,2,2,4,4,4,4,2,2,2,2,2
313,2,2,4,2,2,2,6,2,2,2,2,2,2,4,2,2,2,2,4,2,4,4,2,2,2
314,2,2,4,2,2,2,2,2,2,2,2,2,2,4,2,2,4,4,4,2,4,4,2,2,2
315,2,2,2,2,2,2,2,2,2,2,2,2,2,2,2,4,4,4,2,2,2,2,2,2,2
316,2,2,2,2,2,2,2,2,2,2,2,2,2,2,2,2,2,2,2,2,2,2,2,2,2
317,2,2,2,2,2,2,2,2,2,2,2,2,2,2,2,2,2,2,2,2,2,2,2,2,2
318,2,2,2,2,2,2,2,2,2,2,2,2,2,2,2,2,2,2,2,2,2,2,2,2,2
319,2,4,2,4,4,2,4,2,2,2,2,2,2,4,2,2,4,4,2,4,2,2,2,2,2
320,9,6,6,10,10,10,10,4,10,2,2,10,4,2,6,2,4,4,4,6,4,4,2,6,6
321,6,6,2,10,10,4,4,2,6,4,6,10,6,4,10,6,2,2,6,9,6,6,4,4,4
322,4,4,2,10,10,2,2,4,2,2,4,2,2,6,6,2,4,4,4,2,2,2,2,2,2
323,4,4,2,2,2,2,2,6,2,2,4,2,4,2,2,4,2,2,4,4,2,2,4,2,2
324,2,4,4,2,2,4,2,9,4,2,4,2,6,2,2,2,2,2,2,2,2,2,2,4,4
325,2,2,2,2,2,2,2,4,4,4,4,2,6,4,2,2,2,2,2,2,2,2,4,2,2
326,2,2,4,2,2,4,4,2,2,4,10,4,2,4,4,4,4,4,4,2,6,6,2,4,4
327,2,4,6,4,4,4,2,2,2,2,4,4,2,2,4,2,2,2,2,2,6,6,6,4,4
328,4,2,4,2,2,2,2,2,2,2,2,4,2,4,4,2,2,2,2,2,2,2,4,2,2
329,4,4,2,2,2,6,4,2,4,2,2,4,2,2,2,2,4,4,2,2,4,4,4,6,6
330,2,2,6,2,2,2,2,6,2,6,2,2,4,2,2,4,4,4,2,2,2,2,2,2,2
331,4,2,2,2,2,4,2,2,6,10,2,2,2,4,2,4,4,4,4,2,2,2,2,4,4
332,2,6,2,2,2,2,4,2,4,2,2,2,2,2,2,6,2,2,2,4,2,2,2,2,2
333,2,2,2,2,2,4,2,2,2,10,4,2,4,2,2,2,4,4,4,4,2,2,2,2,2
334,2,2,4,2,2,2,6,2,2,2,2,2,2,4,2,2,2,2,4,2,4,4,2,2,2
335,2,2,4,2,2,2,2,2,2,2,2,2,2,4,2,2,4,4,4,2,4,4,2,2,2
336,2,2,2,2,2,2,2,2,2,2,2,2,2,2,2,4,4,4,2,2,2,2,2,2,2
337,2,2,2,2,2,2,2,2,2,2,2,2,2,2,2,2,2,2,2,2,2,2,2,2,2
338,2,2,2,2,2,2,2,2,2,2,2,2,2,2,2,2,2,2,2,2,2,2,2,2,2
339,2,2,2,2,2,2,2,2,2,2,2,2,2,2,2,2,2,2,2,2,2,2,2,2,2
340,2,4,2,4,4,2,4,2,2,2,2,2,2,4,2,2,4,4,2,4,2,2,2,2,2
341,9,6,6,10,10,10,10,4,10,2,2,10,4,2,6,2,4,4,4,6,4,4,2,6,6
342,6,6,2,10,10,4,4,2,6,4,6,10,6,4,10,6,2,2,6,9,6,6,4,4,4
343,4,4,2,10,10,2,2,4,2,2,4,2,2,6,6,2,4,4,4,2,2,2,2,2,2
344,4,4,2,2,2,2,2,6,2,2,4,2,4,2,2,4,2,2,4,4,2,2,4,2,2
345,2,4,4,2,2,4,2,9,4,2,4,2,6,2,2,2,2,2,2,2,2,2,2,4,4
346,2,2,2,2,2,2,2,4,4,4,4,2,6,4,2,2,2,2,2,2,2,2,4,2,2
347,2,2,4,2,2,4,4,2,2,4,10,4,2,4,4,4,4,4,4,2,6,6,2,4,4
348,2,4,6,4,4,4,2,2,2,2,4,4,2,2,4,2,2,2,2,2,6,6,6,4,4
349,4,2,4,2,2,2,2,2,2,2,2,4,2,4,4,2,2,2,2,2,2,2,4,2,2
350,2,2,2,2,2,2,2,2,2,2,2,2,2,2,2,2,2,2,2,2,2,2,2,2,2
351,2,2,2,2,2,2,2,2,2,2,2,2,2,2,2,2,2,2,2,2,2,2,2,2,2
352,2,2,2,2,2,2,2,2,2,2,2,2,2,2,2,2,2,2,2,2,2,2,2,2,2
353,2,4,2,4,4,2,4,2,2,2,2,2,2,4,2,2,4,4,2,4,2,2,2,2,2
354,9,6,6,10,10,10,10,4,10,2,2,10,4,2,6,2,4,4,4,6,4,4,2,6,6
355,6,6,2,10,10,4,4,2,6,4,6,10,6,4,10,6,2,2,6,9,6,6,4,4,4
356,4,4,2,10,10,2,2,4,2,2,4,2,2,6,6,2,4,4,4,2,2,2,2,2,2
357,4,4,2,2,2,2,2,6,2,2,4,2,4,2,2,4,2,2,4,4,2,2,4,2,2
358,2,4,4,2,2,4,2,9,4,2,4,2,6,2,2,2,2,2,2,2,2,2,2,4,4
359,2,2,2,2,2,2,2,4,4,4,4,2,6,4,2,2,2,2,2,2,2,2,4,2,2
360,2,2,4,2,2,4,4,2,2,4,10,4,2,4,4,4,4,4,4,2,6,6,2,4,4
361,2,4,6,4,4,4,2,2,2,2,4,4,2,2,4,2,2,2,2,2,6,6,6,4,4
362,4,2,4,2,2,2,2,2,2,2,2,4,2,4,4,2,2,2,2,2,2,2,4,2,2
363,4,4,2,2,2,6,4,2,4,2,2,4,2,2,2,2,4,4,2,2,4,4,4,6,6
364,2,2,6,2,2,2,2,6,2,6,2,2,4,2,2,4,4,4,2,2,2,2,2,2,2
365,4,2,2,2,2,4,2,2,6,10,2,2,2,4,2,4,4,4,4,2,2,2,2,4,4
366,2,6,2,2,2,2,4,2,4,2,2,2,2,2,2,6,2,2,2,4,2,2,2,2,2
367,2,2,2,2,2,4,2,2,2,10,4,2,4,2,2,2,4,4,4,4,2,2,2,2,2
368,2,2,4,2,2,2,6,2,2,2,2,2,2,4,2,2,2,2,4,2,4,4,2,2,2
369,2,2,4,2,2,2,2,2,2,2,2,2,2,4,2,2,4,4,4,2,4,4,2,2,2
370,2,2,2,2,2,2,2,2,2,2,2,2,2,2,2,4,4,4,2,2,2,2,2,2,2
371,2,2,2,2,2,2,2,2,2,2,2,2,2,2,2,2,2,2,2,2,2,2,2,2,2
372,2,2,2,2,2,2,2,2,2,2,2,2,2,2,2,2,2,2,2,2,2,2,2,2,2
373,2,2,2,2,2,2,2,2,2,2,2,2,2,2,2,2,2,2,2,2,2,2,2,2,2
374,2,4,2,4,4,2,4,2,2,2,2,2,2,4,2,2,4,4,2,4,2,2,2,2,2
375,9,6,6,10,10,10,10,4,10,2,2,10,4,2,6,2,4,4,4,6,4,4,2,6,6
376,6,6,2,10,10,4,4,2,6,4,6,10,6,4,10,6,2,2,6,9,6,6,4,4,4
377,4,4,2,10,10,2,2,4,2,2,4,2,2,6,6,2,4,4,4,2,2,2,2,2,2
378,4,4,2,2,2,2,2,6,2,2,4,2,4,2,2,4,2,2,4,4,2,2,4,2,2
379,2,4,4,2,2,4,2,9,4,2,4,2,6,2,2,2,2,2,2,2,2,2,2,4,4
380,2,2,2,2,2,2,2,4,4,4,4,2,6,4,2,2,2,2,2,2,2,2,4,2,2
381,2,2,4,2,2,4,4,2,2,4,10,4,2,4,4,4,4,4,4,2,6,6,2,4,4
382,2,4,6,4,4,4,2,2,2,2,4,4,2,2,4,2,2,2,2,2,6,6,6,4,4
383,4,2,4,2,2,2,2,2,2,2,2,4,2,4,4,2,2,2,2,2,2,2,4,2,2
384,4,4,2,2,2,6,4,2,4,2,2,4,2,2,2,2,4,4,2,2,4,4,4,6,6
385,2,2,6,2,2,2,2,6,2,6,2,2,4,2,2,4,4,4,2,2,2,2,2,2,2
386,4,2,2,2,2,4,2,2,6,10,2,2,2,4,2,4,4,4,4,2,2,2,2,4,4
387,2,6,2,2,2,2,4,2,4,2,2,2,2,2,2,6,2,2,2,4,2,2,2,2,2
388,2,2,2,2,2,4,2,2,2,10,4,2,4,2,2,2,4,4,4,4,2,2,2,2,2
389,2,2,4,2,2,2,6,2,2,2,2,2,2,4,2,2,2,2,4,2,4,4,2,2,2
390,2,2,4,2,2,2,2,2,2,2,2,2,2,4,2,2,4,4,4,2,4,4,2,2,2
391,2,2,2,2,2,2,2,2,2,2,2,2,2,2,2,4,4,4,2,2,2,2,2,2,2
392,2,2,2,2,2,2,2,2,2,2,2,2,2,2,2,2,2,2,2,2,2,2,2,2,2
393,2,2,2,2,2,2,2,2,2,2,2,2,2,2,2,2,2,2,2,2,2,2,2,2,2
394,2,2,2,2,2,2,2,2,2,2,2,2,2,2,2,2,2,2,2,2,2,2,2,2,2
395,2,4,2,4,4,2,4,2,2,2,2,2,2,4,2,2,4,4,2,4,2,2,2,2,2
396,9,6,6,10,10,10,10,4,10,2,2,10,4,2,6,2,4,4,4,6,4,4,2,6,6
397,6,6,2,10,10,4,4,2,6,4,6,10,6,4,10,6,2,2,6,9,6,6,4,4,4
398,4,4,2,10,10,2,2,4,2,2,4,2,2,6,6,2,4,4,4,2,2,2,2,2,2
399,4,4,2,2,2,2,2,6,2,2,4,2,4,2,2,4,2,2,4,4,2,2,4,2,2
400,2,4,4,2,2,4,2,9,4,2,4,2,6,2,2,2,2,2,2,2,2,2,2,4,4
401,2,2,2,2,2,2,2,4,4,4,4,2,6,4,2,2,2,2,2,2,2,2,4,2,2
402,2,2,4,2,2,4,4,2,2,4,10,4,2,4,4,4,4,4,4,2,6,6,2,4,4
403,2,4,6,4,4,4,2,2,2,2,4,4,2,2,4,2,2,2,2,2,6,6,6,4,4
404,4,2,4,2,2,2,2,2,2,2,2,4,2,4,4,2,2,2,2,2,2,2,4,2,2
405,4,4,2,2,2,6,4,2,4,2,2,4,2,2,2,2,4,4,2,2,4,4,4,6,6
406,2,2,6,2,2,2,2,6,2,6,2,2,4,2,2,4,4,4,2,2,2,2,2,2,2
407,4,2,2,2,2,4,2,2,6,10,2,2,2,4,2,4,4,4,4,2,2,2,2,4,4
408,2,6,2,2,2,2,4,2,4,2,2,2,2,2,2,6,2,2,2,4,2,2,2,2,2
409,2,2,2,2,2,4,2,2,2,10,4,2,4,2,2,2,4,4,4,4,2,2,2,2,2
410,2,2,4,2,2,2,6,2,2,2,2,2,2,4,2,2,2,2,4,2,4,4,2,2,2
411,2,2,4,2,2,2,2,2,2,2,2,2,2,4,2,2,4,4,4,2,4,4,2,2,2
412,2,2,2,2,2,2,2,2,2,2,2,2,2,2,2,4,4,4,2,2,2,2,2,2,2
413,2,2,2,2,2,2,2,2,2,2,2,2,2,2,2,2,2,2,2,2,2,2,2,2,2
414,2,2,2,2,2,2,2,2,2,2,2,2,2,2,2,2,2,2,2,2,2,2,2,2,2
415,2,2,2,2,2,2,2,2,2,2,2,2,2,2,2,2,2,2,2,2,2,2,2,2,2
416,2,4,2,4,4,2,4,2,2,2,2,2,2,4,2,2,4,4,2,4,2,2,2,2,2
417,9,6,6,10,10,10,10,4,10,2,2,10,4,2,6,2,4,4,4,6,4,4,2,6,6
418,6,6,2,10,10,4,4,2,6,4,6,10,6,4,10,6,2,2,6,9,6,6,4,4,4
419,4,4,2,10,10,2,2,4,2,2,4,2,2,6,6,2,4,4,4,2,2,2,2,2,2
420,4,4,2,2,2,2,2,6,2,2,4,2,4,2,2,4,2,2,4,4,2,2,4,2,2
421,2,4,4,2,2,4,2,9,4,2,4,2,6,2,2,2,2,2,2,2,2,2,2,4,4
422,2,2,2,2,2,2,2,4,4,4,4,2,6,4,2,2,2,2,2,2,2,2,4,2,2
423,2,2,4,2,2,4,4,2,2,4,10,4,2,4,4,4,4,4,4,2,6,6,2,4,4
424,2,4,6,4,4,4,2,2,2,2,4,4,2,2,4,2,2,2,2,2,6,6,6,4,4
425,4,2,4,2,2,2,2,2,2,2,2,4,2,4,4,2,2,2,2,2,2,2,4,2,2
426,4,4,2,2,2,6,4,2,4,2,2,4,2,2,2,2,4,4,2,2,4,4,4,6,6
427,2,2,6,2,2,2,2,6,2,6,2,2,4,2,2,4,4,4,2,2,2,2,2,2,2
428,4,2,2,2,2,4,2,2,6,10,2,2,2,4,2,4,4,4,4,2,2,2,2,4,4
429,2,6,2,2,2,2,4,2,4,2,2,2,2,2,2,6,2,2,2,4,2,2,2,2,2
430,2,2,2,2,2,4,2,2,2,10,4,2,4,2,2,2,4,4,4,4,2,2,2,2,2
431,2,2,4,2,2,2,6,2,2,2,2,2,2,4,2,2,2,2,4,2,4,4,2,2,2
432,2,2,4,2,2,2,2,2,2,2,2,2,2,4,2,2,4,4,4,2,4,4,2,2,2
433,2,2,2,2,2,2,2,2,2,2,2,2,2,2,2,4,4,4,2,2,2,2,2,2,2
434,2,2,2,2,2,2,2,2,2,2,2,2,2,2,2,2,2,2,2,2,2,2,2,2,2
435,2,2,2,2,2,2,2,2,2,2,2,2,2,2,2,2,2,2,2,2,2,2,2,2,2
436,2,2,2,2,2,2,2,2,2,2,2,2,2,2,2,2,2,2,2,2,2,2,2,2,2
437,2,4,2,4,4,2,4,2,2,2,2,2,2,4,2,2,4,4,2,4,2,2,2,2,2
438,9,6,6,10,10,10,10,4,10,2,2,10,4,2,6,2,4,4,4,6,4,4,2,6,6
439,6,6,2,10,10,4,4,2,6,4,6,10,6,4,10,6,2,2,6,9,6,6,4,4,4
440,4,4,2,10,10,2,2,4,2,2,4,2,2,6,6,2,4,4,4,2,2,2,2,2,2
441,4,4,2,2,2,2,2,6,2,2,4,2,4,2,2,4,2,2,4,4,2,2,4,2,2
442,2,4,4,2,2,4,2,9,4,2,4,2,6,2,2,2,2,2,2,2,2,2,2,4,4
443,2,2,2,2,2,2,2,4,4,4,4,2,6,4,2,2,2,2,2,2,2,2,4,2,2
444,2,2,4,2,2,4,4,2,2,4,10,4,2,4,4,4,4,4,4,2,6,6,2,4,4
445,2,4,6,4,4,4,2,2,2,2,4,4,2,2,4,2,2,2,2,2,6,6,6,4,4
446,4,2,4,2,2,2,2,2,2,2,2,4,2,4,4,2,2,2,2,2,2,2,4,2,2
447,4,4,2,2,2,6,4,2,4,2,2,4,2,2,2,2,4,4,2,2,4,4,4,6,6
448,2,2,6,2,2,2,2,6,2,6,2,2,4,2,2,4,4,4,2,2,2,2,2,2,2
449,4,2,2,2,2,4,2,2,6,10,2,2,2,4,2,4,4,4,4,2,2,2,2,4,4
450,2,6,2,2,2,2,4,2,4,2,2,2,2,2,2,6,2,2,2,4,2,2,2,2,2
451,2,2,2,2,2,4,2,2,2,10,4,2,4,2,2,2,4,4,4,4,2,2,2,2,2
452,2,2,4,2,2,2,6,2,2,2,2,2,2,4,2,2,2,2,4,2,4,4,2,2,2
453,2,2,4,2,2,2,2,2,2,2,2,2,2,4,2,2,4,4,4,2,4,4,2,2,2
454,2,2,2,2,2,2,2,2,2,2,2,2,2,2,2,4,4,4,2,2,2,2,2,2,2
455,2,2,2,2,2,2,2,2,2,2,2,2,2,2,2,2,2,2,2,2,2,2,2,2,2
456,2,2,2,2,2,2,2,2,2,2,2,2,2,2,2,2,2,2,2,2,2,2,2,2,2
457,2,2,2,2,2,2,2,2,2,2,2,2,2,2,2,2,2,2,2,2,2,2,2,2,2
458,2,4,2,4,4,2,4,2,2,2,2,2,2,4,2,2,4,4,2,4,2,2,2,2,2
459,9,6,6,10,10,10,10,4,10,2,2,10,4,2,6,2,4,4,4,6,4,4,2,6,6
460,6,6,2,10,10,4,4,2,6,4,6,10,6,4,10,6,2,2,6,9,6,6,4,4,4
461,4,4,2,10,10,2,2,4,2,2,4,2,2,6,6,2,4,4,4,2,2,2,2,2,2
462,4,4,2,2,2,2,2,6,2,2,4,2,4,2,2,4,2,2,4,4,2,2,4,2,2
463,2,4,4,2,2,4,2,9,4,2,4,2,6,2,2,2,2,2,2,2,2,2,2,4,4
464,2,2,2,2,2,2,2,4,4,4,4,2,6,4,2,2,2,2,2,2,2,2,4,2,2
465,2,2,4,2,2,4,4,2,2,4,10,4,2,4,4,4,4,4,4,2,6,6,2,4,4
466,2,4,6,4,4,4,2,2,2,2,4,4,2,2,4,2,2,2,2,2,6,6,6,4,4
467,4,2,4,2,2,2,2,2,2,2,2,4,2,4,4,2,2,2,2,2,2,2,4,2,2
468,4,4,2,2,2,6,4,2,4,2,2,4,2,2,2,2,4,4,2,2,4,4,4,6,6
469,2,2,6,2,2,2,2,6,2,6,2,2,4,2,2,4,4,4,2,2,2,2,2,2,2
470,4,2,2,2,2,4,2,2,6,10,2,2,2,4,2,4,4,4,4,2,2,2,2,4,4
471,2,6,2,2,2,2,4,2,4,2,2,2,2,2,2,6,2,2,2,4,2,2,2,2,2
472,2,2,2,2,2,4,2,2,2,10,4,2,4,2,2,2,4,4,4,4,2,2,2,2,2
473,2,2,4,2,2,2,6,2,2,2,2,2,2,4,2,2,2,2,4,2,4,4,2,2,2
474,2,2,4,2,2,2,2,2,2,2,2,2,2,4,2,2,4,4,4,2,4,4,2,2,2
475,2,2,2,2,2,2,2,2,2,2,2,2,2,2,2,4,4,4,2,2,2,2,2,2,2
476,2,2,2,2,2,2,2,2,2,2,2,2,2,2,2,2,2,2,2,2,2,2,2,2,2
477,2,2,2,2,2,2,2,2,2,2,2,2,2,2,2,2,2,2,2,2,2,2,2,2,2
478,2,2,2,2,2,2,2,2,2,2,2,2,2,2,2,2,2,2,2,2,2,2,2,2,2
479,2,4,2,4,4,2,4,2,2,2,2,2,2,4,2,2,4,4,2,4,2,2,2,2,2
480,9,6,6,10,10,10,10,4,10,2,2,10,4,2,6,2,4,4,4,6,4,4,2,6,6
481,6,6,2,10,10,4,4,2,6,4,6,10,6,4,10,6,2,2,6,9,6,6,4,4,4
482,4,4,2,10,10,2,2,4,2,2,4,2,2,6,6,2,4,4,4,2,2,2,2,2,2
483,4,4,2,2,2,2,2,6,2,2,4,2,4,2,2,4,2,2,4,4,2,2,4,2,2
484,2,4,4,2,2,4,2,9,4,2,4,2,6,2,2,2,2,2,2,2,2,2,2,4,4
485,2,2,2,2,2,2,2,4,4,4,4,2,6,4,2,2,2,2,2,2,2,2,4,2,2
486,2,2,4,2,2,4,4,2,2,4,10,4,2,4,4,4,4,4,4,2,6,6,2,4,4
487,2,4,6,4,4,4,2,2,2,2,4,4,2,2,4,2,2,2,2,2,6,6,6,4,4
488,4,2,4,2,2,2,2,2,2,2,2,4,2,4,4,2,2,2,2,2,2,2,4,2,2
489,4,4,2,2,2,6,4,2,4,2,2,4,2,2,2,2,4,4,2,2,4,4,4,6,6
490,2,2,6,2,2,2,2,6,2,6,2,2,4,2,2,4,4,4,2,2,2,2,2,2,2
491,4,2,2,2,2,4,2,2,6,10,2,2,2,4,2,4,4,4,4,2,2,2,2,4,4
492,2,6,2,2,2,2,4,2,4,2,2,2,2,2,2,6,2,2,2,4,2,2,2,2,2
493,2,2,2,2,2,4,2,2,2,10,4,2,4,2,2,2,4,4,4,4,2,2,2,2,2
494,2,2,4,2,2,2,6,2,2,2,2,2,2,4,2,2,2,2,4,2,4,4,2,2,2
495,2,2,4,2,2,2,2,2,2,2,2,2,2,4,2,2,4,4,4,2,4,4,2,2,2
496,2,2,2,2,2,2,2,2,2,2,2,2,2,2,2,4,4,4,2,2,2,2,2,2,2
497,2,2,2,2,2,2,2,2,2,2,2,2,2,2,2,2,2,2,2,2,2,2,2,2,2
498,2,2,2,2,2,2,2,2,2,2,2,2,2,2,2,2,2,2,2,2,2,2,2,2,2
499,2,2,2,2,2,2,2,2,2,2,2,2,2,2,2,2,2,2,2,2,2,2,2,2,2
500,2,4,2,4,4,2,4,2,2,2,2,2,2,4,2,2,4,4,2,4,2,2,2,2,2
501,9,6,6,10,10,10,10,4,10,2,2,10,4,2,6,2,4,4,4,6,4,4,2,6,6
502,6,6,2,10,10,4,4,2,6,4,6,10,6,4,10,6,2,2,6,9,6,6,4,4,4
503,4,4,2,10,10,2,2,4,2,2,4,2,2,6,6,2,4,4,4,2,2,2,2,2,2
504,4,4,2,2,2,2,2,6,2,2,4,2,4,2,2,4,2,2,4,4,2,2,4,2,2
505,2,4,4,2,2,4,2,9,4,2,4,2,6,2,2,2,2,2,2,2,2,2,2,4,4
506,2,2,2,2,2,2,2,4,4,4,4,2,6,4,2,2,2,2,2,2,2,2,4,2,2
507,2,2,4,2,2,4,4,2,2,4,10,4,2,4,4,4,4,4,4,2,6,6,2,4,4
508,2,4,6,4,4,4,2,2,2,2,4,4,2,2,4,2,2,2,2,2,6,6,6,4,4
509,4,2,4,2,2,2,2,2,2,2,2,4,2,4,4,2,2,2,2,2,2,2,4,2,2
510,4,4,2,2,2,6,4,2,4,2,2,4,2,2,2,2,4,4,2,2,4,4,4,6,6
511,2,2,6,2,2,2,2,6,2,6,2,2,4,2,2,4,4,4,2,2,2,2,2,2,2
512,4,2,2,2,2,4,2,2,6,10,2,2,2,4,2,4,4,4,4,2,2,2,2,4,4
513,2,6,2,2,2,2,4,2,4,2,2,2,2,2,2,6,2,2,2,4,2,2,2,2,2
514,2,2,2,2,2,4,2,2,2,10,4,2,4,2,2,2,4,4,4,4,2,2,2,2,2
515,2,2,4,2,2,2,6,2,2,2,2,2,2,4,2,2,2,2,4,2,4,4,2,2,2
516,2,2,4,2,2,2,2,2,2,2,2,2,2,4,2,2,4,4,4,2,4,4,2,2,2
517,2,2,2,2,2,2,2,2,2,2,2,2,2,2,2,4,4,4,2,2,2,2,2,2,2
518,2,2,2,2,2,2,2,2,2,2,2,2,2,2,2,2,2,2,2,2,2,2,2,2,2
519,2,2,2,2,2,2,2,2,2,2,2,2,2,2,2,2,2,2,2,2,2,2,2,2,2
520,2,2,2,2,2,2,2,2,2,2,2,2,2,2,2,2,2,2,2,2,2,2,2,2,2
521,2,4,2,4,4,2,4,2,2,2,2,2,2,4,2,2,4,4,2,4,2,2,2,2,2
522,9,6,6,10,10,10,10,4,10,2,2,10,4,2,6,2,4,4,4,6,4,4,2,6,6
523,6,6,2,10,10,4,4,2,6,4,6,10,6,4,10,6,2,2,6,9,6,6,4,4,4
524,4,4,2,10,10,2,2,4,2,2,4,2,2,6,6,2,4,4,4,2,2,2,2,2,2
525,4,4,2,2,2,2,2,6,2,2,4,2,4,2,2,4,2,2,4,4,2,2,4,2,2
526,2,4,4,2,2,4,2,9,4,2,4,2,6,2,2,2,2,2,2,2,2,2,2,4,4
527,2,2,2,2,2,2,2,4,4,4,4,2,6,4,2,2,2,2,2,2,2,2,4,2,2
528,2,2,4,2,2,4,4,2,2,4,10,4,2,4,4,4,4,4,4,2,6,6,2,4,4
529,2,4,6,4,4,4,2,2,2,2,4,4,2,2,4,2,2,2,2,2,6,6,6,4,4
530,4,2,4,2,2,2,2,2,2,2,2,4,2,4,4,2,2,2,2,2,2,2,4,2,2
531,4,4,2,2,2,6,4,2,4,2,2,4,2,2,2,2,4,4,2,2,4,4,4,6,6
532,2,2,6,2,2,2,2,6,2,6,2,2,4,2,2,4,4,4,2,2,2,2,2,2,2
533,4,2,2,2,2,4,2,2,6,10,2,2,2,4,2,4,4,4,4,2,2,2,2,4,4
534,2,6,2,2,2,2,4,2,4,2,2,2,2,2,2,6,2,2,2,4,2,2,2,2,2
535,2,2,2,2,2,4,2,2,2,10,4,2,4,2,2,2,4,4,4,4,2,2,2,2,2
536,2,2,4,2,2,2,6,2,2,2,2,2,2,4,2,2,2,2,4,2,4,4,2,2,2
537,2,2,4,2,2,2,2,2,2,2,2,2,2,4,2,2,4,4,4,2,4,4,2,2,2
538,2,2,2,2,2,2,2,2,2,2,2,2,2,2,2,4,4,4,2,2,2,2,2,2,2
539,2,2,2,2,2,2,2,2,2,2,2,2,2,2,2,2,2,2,2,2,2,2,2,2,2
540,2,2,2,2,2,2,2,2,2,2,2,2,2,2,2,2,2,2,2,2,2,2,2,2,2
541,2,2,2,2,2,2,2,2,2,2,2,2,2,2,2,2,2,2,2,2,2,2,2,2,2
542,2,4,2,4,4,2,4,2,2,2,2,2,2,4,2,2,4,4,2,4,2,2,2,2,2
543,9,6,6,10,10,10,10,4,10,2,2,10,4,2,6,2,4,4,4,6,4,4,2,6,6
544,6,6,2,10,10,4,4,2,6,4,6,10,6,4,10,6,2,2,6,9,6,6,4,4,4
545,4,4,2,10,10,2,2,4,2,2,4,2,2,6,6,2,4,4,4,2,2,2,2,2,2
546,4,4,2,2,2,2,2,6,2,2,4,2,4,2,2,4,2,2,4,4,2,2,4,2,2
547,2,4,4,2,2,4,2,9,4,2,4,2,6,2,2,2,2,2,2,2,2,2,2,4,4
548,2,2,2,2,2,2,2,4,4,4,4,2,6,4,2,2,2,2,2,2,2,2,4,2,2
549,2,2,4,2,2,4,4,2,2,4,10,4,2,4,4,4,4,4,4,2,6,6,2,4,4
550,2,4,6,4,4,4,2,2,2,2,4,4,2,2,4,2,2,2,2,2,6,6,6,4,4
551,4,2,4,2,2,2,2,2,2,2,2,4,2,4,4,2,2,2,2,2,2,2,4,2,2
552,4,4,2,2,2,6,4,2,4,2,2,4,2,2,2,2,4,4,2,2,4,4,4,6,6
553,2,2,6,2,2,2,2,6,2,6,2,2,4,2,2,4,4,4,2,2,2,2,2,2,2
554,4,2,2,2,2,4,2,2,6,10,2,2,2,4,2,4,4,4,4,2,2,2,2,4,4
555,2,6,2,2,2,2,4,2,4,2,2,2,2,2,2,6,2,2,2,4,2,2,2,2,2
556,2,2,2,2,2,4,2,2,2,10,4,2,4,2,2,2,4,4,4,4,2,2,2,2,2
557,2,2,4,2,2,2,6,2,2,2,2,2,2,4,2,2,2,2,4,2,4,4,2,2,2
558,2,2,4,2,2,2,2,2,2,2,2,2,2,4,2,2,4,4,4,2,4,4,2,2,2
559,2,2,2,2,2,2,2,2,2,2,2,2,2,2,2,4,4,4,2,2,2,2,2,2,2
560,2,2,2,2,2,2,2,2,2,2,2,2,2,2,2,2,2,2,2,2,2,2,2,2,2
561,2,2,2,2,2,2,2,2,2,2,2,2,2,2,2,2,2,2,2,2,2,2,2,2,2
562,2,2,2,2,2,2,2,2,2,2,2,2,2,2,2,2,2,2,2,2,2,2,2,2,2
563,2,4,2,4,4,2,4,2,2,2,2,2,2,4,2,2,4,4,2,4,2,2,2,2,2
564,9,6,6,10,10,10,10,4,10,2,2,10,4,2,6,2,4,4,4,6,4,4,2,6,6
565,6,6,2,10,10,4,4,2,6,4,6,10,6,4,10,6,2,2,6,9,6,6,4,4,4
566,4,4,2,10,10,2,2,4,2,2,4,2,2,6,6,2,4,4,4,2,2,2,2,2,2
567,4,4,2,2,2,2,2,6,2,2,4,2,4,2,2,4,2,2,4,4,2,2,4,2,2
568,2,4,4,2,2,4,2,9,4,2,4,2,6,2,2,2,2,2,2,2,2,2,2,4,4
569,2,2,2,2,2,2,2,4,4,4,4,2,6,4,2,2,2,2,2,2,2,2,4,2,2
570,2,2,4,2,2,4,4,2,2,4,10,4,2,4,4,4,4,4,4,2,6,6,2,4,4
571,2,4,6,4,4,4,2,2,2,2,4,4,2,2,4,2,2,2,2,2,6,6,6,4,4
572,4,2,4,2,2,2,2,2,2,2,2,4,2,4,4,2,2,2,2,2,2,2,4,2,2
573,4,4,2,2,2,6,4,2,4,2,2,4,2,2,2,2,4,4,2,2,4,4,4,6,6
574,2,2,6,2,2,2,2,6,2,6,2,2,4,2,2,4,4,4,2,2,2,2,2,2,2
575,4,2,2,2,2,4,2,2,6,10,2,2,2,4,2,4,4,4,4,2,2,2,2,4,4
576,2,6,2,2,2,2,4,2,4,2,2,2,2,2,2,6,2,2,2,4,2,2,2,2,2
577,2,2,2,2,2,4,2,2,2,10,4,2,4,2,2,2,4,4,4,4,2,2,2,2,2
578,2,2,4,2,2,2,6,2,2,2,2,2,2,4,2,2,2,2,4,2,4,4,2,2,2
579,2,2,4,2,2,2,2,2,2,2,2,2,2,4,2,2,4,4,4,2,4,4,2,2,2
580,2,2,2,2,2,2,2,2,2,2,2,2,2,2,2,4,4,4,2,2,2,2,2,2,2
581,2,2,2,2,2,2,2,2,2,2,2,2,2,2,2,2,2,2,2,2,2,2,2,2,2
582,2,2,2,2,2,2,2,2,2,2,2,2,2,2,2,2,2,2,2,2,2,2,2,2,2
583,2,2,2,2,2,2,2,2,2,2,2,2,2,2,2,2,2,2,2,2,2,2,2,2,2
584,2,4,2,4,4,2,4,2,2,2,2,2,2,4,2,2,4,4,2,4,2,2,2,2,2
585,9,6,6,10,10,10,10,4,10,2,2,10,4,2,6,2,4,4,4,6,4,4,2,6,6
586,6,6,2,10,10,4,4,2,6,4,6,10,6,4,10,6,2,2,6,9,6,6,4,4,4
587,4,4,2,10,10,2,2,4,2,2,4,2,2,6,6,2,4,4,4,2,2,2,2,2,2
588,4,4,2,2,2,2,2,6,2,2,4,2,4,2,2,4,2,2,4,4,2,2,4,2,2
589,2,4,4,2,2,4,2,9,4,2,4,2,6,2,2,2,2,2,2,2,2,2,2,4,4
590,2,2,2,2,2,2,2,4,4,4,4,2,6,4,2,2,2,2,2,2,2,2,4,2,2
591,2,2,4,2,2,4,4,2,2,4,10,4,2,4,4,4,4,4,4,2,6,6,2,4,4
592,2,4,6,4,4,4,2,2,2,2,4,4,2,2,4,2,2,2,2,2,6,6,6,4,4
593,4,2,4,2,2,2,2,2,2,2,2,4,2,4,4,2,2,2,2,2,2,2,4,2,2
594,4,4,2,2,2,6,4,2,4,2,2,4,2,2,2,2,4,4,2,2,4,4,4,6,6
595,2,2,6,2,2,2,2,6,2,6,2,2,4,2,2,4,4,4,2,2,2,2,2,2,2
596,4,2,2,2,2,4,2,2,6,10,2,2,2,4,2,4,4,4,4,2,2,2,2,4,4
597,2,6,2,2,2,2,4,2,4,2,2,2,2,2,2,6,2,2,2,4,2,2,2,2,2
598,2,2,2,2,2,4,2,2,2,10,4,2,4,2,2,2,4,4,4,4,2,2,2,2,2
599,2,2,4,2,2,2,6,2,2,2,2,2,2,4,2,2,2,2,4,2,4,4,2,2,2
600,2,2,4,2,2,2,2,2,2,2,2,2,2,4,2,2,4,4,4,2,4,4,2,2,2
601,2,2,2,2,2,2,2,2,2,2,2,2,2,2,2,4,4,4,2,2,2,2,2,2,2
602,2,2,2,2,2,2,2,2,2,2,2,2,2,2,2,2,2,2,2,2,2,2,2,2,2
603,2,2,2,2,2,2,2,2,2,2,2,2,2,2,2,2,2,2,2,2,2,2,2,2,2
604,2,2,2,2,2,2,2,2,2,2,2,2,2,2,2,2,2,2,2,2,2,2,2,2,2
605,2,4,2,4,4,2,4,2,2,2,2,2,2,4,2,2,4,4,2,4,2,2,2,2,2
606,9,6,6,10,10,10,10,4,10,2,2,10,4,2,6,2,4,4,4,6,4,4,2,6,6
607,6,6,2,10,10,4,4,2,6,4,6,10,6,4,10,6,2,2,6,9,6,6,4,4,4
608,4,4,2,10,10,2,2,4,2,2,4,2,2,6,6,2,4,4,4,2,2,2,2,2,2
609,4,4,2,2,2,2,2,6,2,2,4,2,4,2,2,4,2,2,4,4,2,2,4,2,2
610,2,4,4,2,2,4,2,9,4,2,4,2,6,2,2,2,2,2,2,2,2,2,2,4,4
611,2,2,2,2,2,2,2,4,4,4,4,2,6,4,2,2,2,2,2,2,2,2,4,2,2
612,2,2,4,2,2,4,4,2,2,4,10,4,2,4,4,4,4,4,4,2,6,6,2,4,4
613,2,4,6,4,4,4,2,2,2,2,4,4,2,2,4,2,2,2,2,2,6,6,6,4,4
614,4,2,4,2,2,2,2,2,2,2,2,4,2,4,4,2,2,2,2,2,2,2,4,2,2
615,4,4,2,2,2,6,4,2,4,2,2,4,2,2,2,2,4,4,2,2,4,4,4,6,6
616,2,2,6,2,2,2,2,6,2,6,2,2,4,2,2,4,4,4,2,2,2,2,2,2,2
617,4,2,2,2,2,4,2,2,6,10,2,2,2,4,2,4,4,4,4,2,2,2,2,4,4
618,2,6,2,2,2,2,4,2,4,2,2,2,2,2,2,6,2,2,2,4,2,2,2,2,2
619,2,2,2,2,2,4,2,2,2,10,4,2,4,2,2,2,4,4,4,4,2,2,2,2,2
620,2,2,4,2,2,2,6,2,2,2,2,2,2,4,2,2,2,2,4,2,4,4,2,2,2
621,2,2,4,2,2,2,2,2,2,2,2,2,2,4,2,2,4,4,4,2,4,4,2,2,2
622,2,2,2,2,2,2,2,2,2,2,2,2,2,2,2,4,4,4,2,2,2,2,2,2,2
623,2,2,2,2,2,2,2,2,2,2,2,2,2,2,2,2,2,2,2,2,2,2,2,2,2
624,2,2,2,2,2,2,2,2,2,2,2,2,2,2,2,2,2,2,2,2,2,2,2,2,2
625,2,2,2,2,2,2,2,2,2,2,2,2,2,2,2,2,2,2,2,2,2,2,2,2,2
626,2,4,2,4,4,2,4,2,2,2,2,2,2,4,2,2,4,4,2,4,2,2,2,2,2
627,9,6,6,10,10,10,10,4,10,2,2,10,4,2,6,2,4,4,4,6,4,4,2,6,6
628,6,6,2,10,10,4,4,2,6,4,6,10,6,4,10,6,2,2,6,9,6,6,4,4,4
629,4,4,2,10,10,2,2,4,2,2,4,2,2,6,6,2,4,4,4,2,2,2,2,2,2
630,4,4,2,2,2,2,2,6,2,2,4,2,4,2,2,4,2,2,4,4,2,2,4,2,2
631,2,4,4,2,2,4,2,9,4,2,4,2,6,2,2,2,2,2,2,2,2,2,2,4,4
632,2,2,2,2,2,2,2,4,4,4,4,2,6,4,2,2,2,2,2,2,2,2,4,2,2
633,2,2,4,2,2,4,4,2,2,4,10,4,2,4,4,4,4,4,4,2,6,6,2,4,4
634,2,4,6,4,4,4,2,2,2,2,4,4,2,2,4,2,2,2,2,2,6,6,6,4,4
635,4,2,4,2,2,2,2,2,2,2,2,4,2,4,4,2,2,2,2,2,2,2,4,2,2
636,4,4,2,2,2,6,4,2,4,2,2,4,2,2,2,2,4,4,2,2,4,4,4,6,6
637,2,2,6,2,2,2,2,6,2,6,2,2,4,2,2,4,4,4,2,2,2,2,2,2,2
638,4,2,2,2,2,4,2,2,6,10,2,2,2,4,2,4,4,4,4,2,2,2,2,4,4
639,2,6,2,2,2,2,4,2,4,2,2,2,2,2,2,6,2,2,2,4,2,2,2,2,2
640,2,2,2,2,2,4,2,2,2,10,4,2,4,2,2,2,4,4,4,4,2,2,2,2,2
641,2,2,4,2,2,2,6,2,2,2,2,2,2,4,2,2,2,2,4,2,4,4,2,2,2
642,2,2,4,2,2,2,2,2,2,2,2,2,2,4,2,2,4,4,4,2,4,4,2,2,2
643,2,2,2,2,2,2,2,2,2,2,2,2,2,2,2,4,4,4,2,2,2,2,2,2,2
644,2,2,2,2,2,2,2,2,2,2,2,2,2,2,2,2,2,2,2,2,2,2,2,2,2
645,2,2,2,2,2,2,2,2,2,2,2,2,2,2,2,2,2,2,2,2,2,2,2,2,2
646,2,2,2,2,2,2,2,2,2,2,2,2,2,2,2,2,2,2,2,2,2,2,2,2,2
647,2,4,2,4,4,2,4,2,2,2,2,2,2,4,2,2,4,4,2,4,2,2,2,2,2
648,9,6,6,10,10,10,10,4,10,2,2,10,4,2,6,2,4,4,4,6,4,4,2,6,6
649,6,6,2,10,10,4,4,2,6,4,6,10,6,4,10,6,2,2,6,9,6,6,4,4,4
650,4,4,2,10,10,2,2,4,2,2,4,2,2,6,6,2,4,4,4,2,2,2,2,2,2
651,4,4,2,2,2,2,2,6,2,2,4,2,4,2,2,4,2,2,4,4,2,2,4,2,2
652,2,4,4,2,2,4,2,9,4,2,4,2,6,2,2,2,2,2,2,2,2,2,2,4,4
653,2,2,2,2,2,2,2,4,4,4,4,2,6,4,2,2,2,2,2,2,2,2,4,2,2
654,2,2,4,2,2,4,4,2,2,4,10,4,2,4,4,4,4,4,4,2,6,6,2,4,4
655,2,4,6,4,4,4,2,2,2,2,4,4,2,2,4,2,2,2,2,2,6,6,6,4,4
656,4,2,4,2,2,2,2,2,2,2,2,4,2,4,4,2,2,2,2,2,2,2,4,2,2
657,4,4,2,2,2,6,4,2,4,2,2,4,2,2,2,2,4,4,2,2,4,4,4,6,6
658,2,2,6,2,2,2,2,6,2,6,2,2,4,2,2,4,4,4,2,2,2,2,2,2,2
659,4,2,2,2,2,4,2,2,6,10,2,2,2,4,2,4,4,4,4,2,2,2,2,4,4
660,2,6,2,2,2,2,4,2,4,2,2,2,2,2,2,6,2,2,2,4,2,2,2,2,2
661,2,2,2,2,2,4,2,2,2,10,4,2,4,2,2,2,4,4,4,4,2,2,2,2,2
662,2,2,4,2,2,2,6,2,2,2,2,2,2,4,2,2,2,2,4,2,4,4,2,2,2
663,2,2,4,2,2,2,2,2,2,2,2,2,2,4,2,2,4,4,4,2,4,4,2,2,2
664,2,2,2,2,2,2,2,2,2,2,2,2,2,2,2,4,4,4,2,2,2,2,2,2,2
665,2,2,2,2,2,2,2,2,2,2,2,2,2,2,2,2,2,2,2,2,2,2,2,2,2
666,2,2,2,2,2,2,2,2,2,2,2,2,2,2,2,2,2,2,2,2,2,2,2,2,2
667,2,2,2,2,2,2,2,2,2,2,2,2,2,2,2,2,2,2,2,2,2,2,2,2,2
668,2,4,2,4,4,2,4,2,2,2,2,2,2,4,2,2,4,4,2,4,2,2,2,2,2
669,9,6,6,10,10,10,10,4,10,2,2,10,4,2,6,2,4,4,4,6,4,4,2,6,6
670,6,6,2,10,10,4,4,2,6,4,6,10,6,4,10,6,2,2,6,9,6,6,4,4,4
671,4,4,2,10,10,2,2,4,2,2,4,2,2,6,6,2,4,4,4,2,2,2,2,2,2
672,4,4,2,2,2,2,2,6,2,2,4,2,4,2,2,4,2,2,4,4,2,2,4,2,2
673,2,4,4,2,2,4,2,9,4,2,4,2,6,2,2,2,2,2,2,2,2,2,2,4,4
674,2,2,2,2,2,2,2,4,4,4,4,2,6,4,2,2,2,2,2,2,2,2,4,2,2
675,2,2,4,2,2,4,4,2,2,4,10,4,2,4,4,4,4,4,4,2,6,6,2,4,4
676,2,4,6,4,4,4,2,2,2,2,4,4,2,2,4,2,2,2,2,2,6,6,6,4,4
677,4,2,4,2,2,2,2,2,2,2,2,4,2,4,4,2,2,2,2,2,2,2,4,2,2
678,4,4,2,2,2,6,4,2,4,2,2,4,2,2,2,2,4,4,2,2,4,4,4,6,6
679,2,2,6,2,2,2,2,6,2,6,2,2,4,2,2,4,4,4,2,2,2,2,2,2,2
680,4,2,2,2,2,4,2,2,6,10,2,2,2,4,2,4,4,4,4,2,2,2,2,4,4
681,2,6,2,2,2,2,4,2,4,2,2,2,2,2,2,6,2,2,2,4,2,2,2,2,2
682,2,2,2,2,2,4,2,2,2,10,4,2,4,2,2,2,4,4,4,4,2,2,2,2,2
683,2,2,4,2,2,2,6,2,2,2,2,2,2,4,2,2,2,2,4,2,4,4,2,2,2
684,2,2,4,2,2,2,2,2,2,2,2,2,2,4,2,2,4,4,4,2,4,4,2,2,2
685,2,2,2,2,2,2,2,2,2,2,2,2,2,2,2,4,4,4,2,2,2,2,2,2,2
686,2,2,2,2,2,2,2,2,2,2,2,2,2,2,2,2,2,2,2,2,2,2,2,2,2
687,2,2,2,2,2,2,2,2,2,2,2,2,2,2,2,2,2,2,2,2,2,2,2,2,2
688,2,2,2,2,2,2,2,2,2,2,2,2,2,2,2,2,2,2,2,2,2,2,2,2,2
689,2,4,2,4,4,2,4,2,2,2,2,2,2,4,2,2,4,4,2,4,2,2,2,2,2
690,9,6,6,10,10,10,10,4,10,2,2,10,4,2,6,2,4,4,4,6,4,4,2,6,6
691,6,6,2,10,10,4,4,2,6,4,6,10,6,4,10,6,2,2,6,9,6,6,4,4,4
692,4,4,2,10,10,2,2,4,2,2,4,2,2,6,6,2,4,4,4,2,2,2,2,2,2
693,4,4,2,2,2,2,2,6,2,2,4,2,4,2,2,4,2,2,4,4,2,2,4,2,2
694,2,4,4,2,2,4,2,9,4,2,4,2,6,2,2,2,2,2,2,2,2,2,2,4,4
695,2,2,2,2,2,2,2,4,4,4,4,2,6,4,2,2,2,2,2,2,2,2,4,2,2
696,2,2,4,2,2,4,4,2,2,4,10,4,2,4,4,4,4,4,4,2,6,6,2,4,4
697,2,4,6,4,4,4,2,2,2,2,4,4,2,2,4,2,2,2,2,2,6,6,6,4,4
698,4,2,4,2,2,2,2,2,2,2,2,4,2,4,4,2,2,2,2,2,2,2,4,2,2
699,2,2,2,2,2,2,2,2,2,2,2,2,2,2,2,2,2,2,2,2,2,2,2,2,2
700,2,2,2,2,2,2,2,2,2,2,2,2,2,2,2,2,2,2,2,2,2,2,2,2,2
701,2,2,2,2,2,2,2,2,2,2,2,2,2,2,2,2,2,2,2,2,2,2,2,2,2
702,2,4,2,4,4,2,4,2,2,2,2,2,2,4,2,2,4,4,2,4,2,2,2,2,2
703,9,6,6,10,10,10,10,4,10,2,2,10,4,2,6,2,4,4,4,6,4,4,2,6,6
704,6,6,2,10,10,4,4,2,6,4,6,10,6,4,10,6,2,2,6,9,6,6,4,4,4
705,4,4,2,10,10,2,2,4,2,2,4,2,2,6,6,2,4,4,4,2,2,2,2,2,2
706,4,4,2,2,2,2,2,6,2,2,4,2,4,2,2,4,2,2,4,4,2,2,4,2,2
707,2,4,4,2,2,4,2,9,4,2,4,2,6,2,2,2,2,2,2,2,2,2,2,4,4
708,2,2,2,2,2,2,2,4,4,4,4,2,6,4,2,2,2,2,2,2,2,2,4,2,2
709,2,2,4,2,2,4,4,2,2,4,10,4,2,4,4,4,4,4,4,2,6,6,2,4,4
710,2,4,6,4,4,4,2,2,2,2,4,4,2,2,4,2,2,2,2,2,6,6,6,4,4
711,4,2,4,2,2,2,2,2,2,2,2,4,2,4,4,2,2,2,2,2,2,2,4,2,2
712,4,4,2,2,2,6,4,2,4,2,2,4,2,2,2,2,4,4,2,2,4,4,4,6,6
713,2,2,6,2,2,2,2,6,2,6,2,2,4,2,2,4,4,4,2,2,2,2,2,2,2
714,4,2,2,2,2,4,2,2,6,10,2,2,2,4,2,4,4,4,4,2,2,2,2,4,4
715,2,6,2,2,2,2,4,2,4,2,2,2,2,2,2,6,2,2,2,4,2,2,2,2,2
716,2,2,2,2,2,4,2,2,2,10,4,2,4,2,2,2,4,4,4,4,2,2,2,2,2
717,2,2,4,2,2,2,6,2,2,2,2,2,2,4,2,2,2,2,4,2,4,4,2,2,2
718,2,2,4,2,2,2,2,2,2,2,2,2,2,4,2,2,4,4,4,2,4,4,2,2,2
719,2,2,2,2,2,2,2,2,2,2,2,2,2,2,2,4,4,4,2,2,2,2,2,2,2
720,2,2,2,2,2,2,2,2,2,2,2,2,2,2,2,2,2,2,2,2,2,2,2,2,2
721,2,2,2,2,2,2,2,2,2,2,2,2,2,2,2,2,2,2,2,2,2,2,2,2,2
722,2,2,2,2,2,2,2,2,2,2,2,2,2,2,2,2,2,2,2,2,2,2,2,2,2
723,2,4,2,4,4,2,4,2,2,2,2,2,2,4,2,2,4,4,2,4,2,2,2,2,2
724,9,6,6,10,10,10,10,4,10,2,2,10,4,2,6,2,4,4,4,6,4,4,2,6,6
725,6,6,2,10,10,4,4,2,6,4,6,10,6,4,10,6,2,2,6,9,6,6,4,4,4
726,4,4,2,10,10,2,2,4,2,2,4,2,2,6,6,2,4,4,4,2,2,2,2,2,2
727,4,4,2,2,2,2,2,6,2,2,4,2,4,2,2,4,2,2,4,4,2,2,4,2,2
728,2,4,4,2,2,4,2,9,4,2,4,2,6,2,2,2,2,2,2,2,2,2,2,4,4
729,2,2,2,2,2,2,2,4,4,4,4,2,6,4,2,2,2,2,2,2,2,2,4,2,2
730,2,2,4,2,2,4,4,2,2,4,10,4,2,4,4,4,4,4,4,2,6,6,2,4,4
731,2,4,6,4,4,4,2,2,2,2,4,4,2,2,4,2,2,2,2,2,6,6,6,4,4
732,4,2,4,2,2,2,2,2,2,2,2,4,2,4,4,2,2,2,2,2,2,2,4,2,2
733,4,4,2,2,2,6,4,2,4,2,2,4,2,2,2,2,4,4,2,2,4,4,4,6,6
734,2,2,6,2,2,2,2,6,2,6,2,2,4,2,2,4,4,4,2,2,2,2,2,2,2
735,4,2,2,2,2,4,2,2,6,10,2,2,2,4,2,4,4,4,4,2,2,2,2,4,4
736,2,6,2,2,2,2,4,2,4,2,2,2,2,2,2,6,2,2,2,4,2,2,2,2,2
737,2,2,2,2,2,4,2,2,2,10,4,2,4,2,2,2,4,4,4,4,2,2,2,2,2
738,2,2,4,2,2,2,6,2,2,2,2,2,2,4,2,2,2,2,4,2,4,4,2,2,2
739,2,2,4,2,2,2,2,2,2,2,2,2,2,4,2,2,4,4,4,2,4,4,2,2,2
740,2,2,2,2,2,2,2,2,2,2,2,2,2,2,2,4,4,4,2,2,2,2,2,2,2
741,2,2,2,2,2,2,2,2,2,2,2,2,2,2,2,2,2,2,2,2,2,2,2,2,2
742,2,2,2,2,2,2,2,2,2,2,2,2,2,2,2,2,2,2,2,2,2,2,2,2,2
743,2,2,2,2,2,2,2,2,2,2,2,2,2,2,2,2,2,2,2,2,2,2,2,2,2
744,2,4,2,4,4,2,4,2,2,2,2,2,2,4,2,2,4,4,2,4,2,2,2,2,2
745,9,6,6,10,10,10,10,4,10,2,2,10,4,2,6,2,4,4,4,6,4,4,2,6,6
746,6,6,2,10,10,4,4,2,6,4,6,10,6,4,10,6,2,2,6,9,6,6,4,4,4
747,4,4,2,10,10,2,2,4,2,2,4,2,2,6,6,2,4,4,4,2,2,2,2,2,2
748,4,4,2,2,2,2,2,6,2,2,4,2,4,2,2,4,2,2,4,4,2,2,4,2,2
749,2,4,4,2,2,4,2,9,4,2,4,2,6,2,2,2,2,2,2,2,2,2,2,4,4
750,2,2,2,2,2,2,2,4,4,4,4,2,6,4,2,2,2,2,2,2,2,2,4,2,2
751,2,2,4,2,2,4,4,2,2,4,10,4,2,4,4,4,4,4,4,2,6,6,2,4,4
752,2,4,6,4,4,4,2,2,2,2,4,4,2,2,4,2,2,2,2,2,6,6,6,4,4
753,4,2,4,2,2,2,2,2,2,2,2,4,2,4,4,2,2,2,2,2,2,2,4,2,2
754,4,4,2,2,2,6,4,2,4,2,2,4,2,2,2,2,4,4,2,2,4,4,4,6,6
755,2,2,6,2,2,2,2,6,2,6,2,2,4,2,2,4,4,4,2,2,2,2,2,2,2
756,4,2,2,2,2,4,2,2,6,10,2,2,2,4,2,4,4,4,4,2,2,2,2,4,4
757,2,6,2,2,2,2,4,2,4,2,2,2,2,2,2,6,2,2,2,4,2,2,2,2,2
758,2,2,2,2,2,4,2,2,2,10,4,2,4,2,2,2,4,4,4,4,2,2,2,2,2
759,2,2,4,2,2,2,6,2,2,2,2,2,2,4,2,2,2,2,4,2,4,4,2,2,2
760,2,2,4,2,2,2,2,2,2,2,2,2,2,4,2,2,4,4,4,2,4,4,2,2,2
761,2,2,2,2,2,2,2,2,2,2,2,2,2,2,2,4,4,4,2,2,2,2,2,2,2
762,2,2,2,2,2,2,2,2,2,2,2,2,2,2,2,2,2,2,2,2,2,2,2,2,2
763,2,2,2,2,2,2,2,2,2,2,2,2,2,2,2,2,2,2,2,2,2,2,2,2,2
764,2,2,2,2,2,2,2,2,2,2,2,2,2,2,2,2,2,2,2,2,2,2,2,2,2
765,2,4,2,4,4,2,4,2,2,2,2,2,2,4,2,2,4,4,2,4,2,2,2,2,2
766,9,6,6,10,10,10,10,4,10,2,2,10,4,2,6,2,4,4,4,6,4,4,2,6,6
767,6,6,2,10,10,4,4,2,6,4,6,10,6,4,10,6,2,2,6,9,6,6,4,4,4
768,4,4,2,10,10,2,2,4,2,2,4,2,2,6,6,2,4,4,4,2,2,2,2,2,2
769,4,4,2,2,2,2,2,6,2,2,4,2,4,2,2,4,2,2,4,4,2,2,4,2,2
770,2,4,4,2,2,4,2,9,4,2,4,2,6,2,2,2,2,2,2,2,2,2,2,4,4
771,2,2,2,2,2,2,2,4,4,4,4,2,6,4,2,2,2,2,2,2,2,2,4,2,2
772,2,2,4,2,2,4,4,2,2,4,10,4,2,4,4,4,4,4,4,2,6,6,2,4,4
773,2,4,6,4,4,4,2,2,2,2,4,4,2,2,4,2,2,2,2,2,6,6,6,4,4
774,4,2,4,2,2,2,2,2,2,2,2,4,2,4,4,2,2,2,2,2,2,2,4,2,2
775,4,4,2,2,2,6,4,2,4,2,2,4,2,2,2,2,4,4,2,2,4,4,4,6,6
776,2,2,6,2,2,2,2,6,2,6,2,2,4,2,2,4,4,4,2,2,2,2,2,2,2
777,4,2,2,2,2,4,2,2,6,10,2,2,2,4,2,4,4,4,4,2,2,2,2,4,4
778,2,6,2,2,2,2,4,2,4,2,2,2,2,2,2,6,2,2,2,4,2,2,2,2,2
779,2,2,2,2,2,4,2,2,2,10,4,2,4,2,2,2,4,4,4,4,2,2,2,2,2
780,2,2,4,2,2,2,6,2,2,2,2,2,2,4,2,2,2,2,4,2,4,4,2,2,2
781,2,2,4,2,2,2,2,2,2,2,2,2,2,4,2,2,4,4,4,2,4,4,2,2,2
782,2,2,2,2,2,2,2,2,2,2,2,2,2,2,2,4,4,4,2,2,2,2,2,2,2
783,2,2,2,2,2,2,2,2,2,2,2,2,2,2,2,2,2,2,2,2,2,2,2,2,2
784,2,2,2,2,2,2,2,2,2,2,2,2,2,2,2,2,2,2,2,2,2,2,2,2,2
785,2,2,2,2,2,2,2,2,2,2,2,2,2,2,2,2,2,2,2,2,2,2,2,2,2
786,2,4,2,4,4,2,4,2,2,2,2,2,2,4,2,2,4,4,2,4,2,2,2,2,2
787,9,6,6,10,10,10,10,4,10,2,2,10,4,2,6,2,4,4,4,6,4,4,2,6,6
788,6,6,2,10,10,4,4,2,6,4,6,10,6,4,10,6,2,2,6,9,6,6,4,4,4
789,4,4,2,10,10,2,2,4,2,2,4,2,2,6,6,2,4,4,4,2,2,2,2,2,2
790,4,4,2,2,2,2,2,6,2,2,4,2,4,2,2,4,2,2,4,4,2,2,4,2,2
791,2,4,4,2,2,4,2,9,4,2,4,2,6,2,2,2,2,2,2,2,2,2,2,4,4
792,2,2,2,2,2,2,2,4,4,4,4,2,6,4,2,2,2,2,2,2,2,2,4,2,2
793,2,2,4,2,2,4,4,2,2,4,10,4,2,4,4,4,4,4,4,2,6,6,2,4,4
794,2,4,6,4,4,4,2,2,2,2,4,4,2,2,4,2,2,2,2,2,6,6,6,4,4
795,4,2,4,2,2,2,2,2,2,2,2,4,2,4,4,2,2,2,2,2,2,2,4,2,2
796,4,4,2,2,2,6,4,2,4,2,2,4,2,2,2,2,4,4,2,2,4,4,4,6,6
797,2,2,6,2,2,2,2,6,2,6,2,2,4,2,2,4,4,4,2,2,2,2,2,2,2
798,4,2,2,2,2,4,2,2,6,10,2,2,2,4,2,4,4,4,4,2,2,2,2,4,4
799,2,6,2,2,2,2,4,2,4,2,2,2,2,2,2,6,2,2,2,4,2,2,2,2,2
800,2,2,2,2,2,4,2,2,2,10,4,2,4,2,2,2,4,4,4,4,2,2,2,2,2
801,2,2,4,2,2,2,6,2,2,2,2,2,2,4,2,2,2,2,4,2,4,4,2,2,2
802,2,2,4,2,2,2,2,2,2,2,2,2,2,4,2,2,4,4,4,2,4,4,2,2,2
803,2,2,2,2,2,2,2,2,2,2,2,2,2,2,2,4,4,4,2,2,2,2,2,2,2
804,2,2,2,2,2,2,2,2,2,2,2,2,2,2,2,2,2,2,2,2,2,2,2,2,2
805,2,2,2,2,2,2,2,2,2,2,2,2,2,2,2,2,2,2,2,2,2,2,2,2,2
806,2,2,2,2,2,2,2,2,2,2,2,2,2,2,2,2,2,2,2,2,2,2,2,2,2
807,2,4,2,4,4,2,4,2,2,2,2,2,2,4,2,2,4,4,2,4,2,2,2,2,2
808,9,6,6,10,10,10,10,4,10,2,2,10,4,2,6,2,4,4,4,6,4,4,2,6,6
809,6,6,2,10,10,4,4,2,6,4,6,10,6,4,10,6,2,2,6,9,6,6,4,4,4
810,4,4,2,10,10,2,2,4,2,2,4,2,2,6,6,2,4,4,4,2,2,2,2,2,2
811,4,4,2,2,2,2,2,6,2,2,4,2,4,2,2,4,2,2,4,4,2,2,4,2,2
812,2,4,4,2,2,4,2,9,4,2,4,2,6,2,2,2,2,2,2,2,2,2,2,4,4
813,2,2,2,2,2,2,2,4,4,4,4,2,6,4,2,2,2,2,2,2,2,2,4,2,2
814,2,2,4,2,2,4,4,2,2,4,10,4,2,4,4,4,4,4,4,2,6,6,2,4,4
815,2,4,6,4,4,4,2,2,2,2,4,4,2,2,4,2,2,2,2,2,6,6,6,4,4
816,4,2,4,2,2,2,2,2,2,2,2,4,2,4,4,2,2,2,2,2,2,2,4,2,2
817,4,4,2,2,2,6,4,2,4,2,2,4,2,2,2,2,4,4,2,2,4,4,4,6,6
818,2,2,6,2,2,2,2,6,2,6,2,2,4,2,2,4,4,4,2,2,2,2,2,2,2
819,4,2,2,2,2,4,2,2,6,10,2,2,2,4,2,4,4,4,4,2,2,2,2,4,4
820,2,6,2,2,2,2,4,2,4,2,2,2,2,2,2,6,2,2,2,4,2,2,2,2,2
821,2,2,2,2,2,4,2,2,2,10,4,2,4,2,2,2,4,4,4,4,2,2,2,2,2
822,2,2,4,2,2,2,6,2,2,2,2,2,2,4,2,2,2,2,4,2,4,4,2,2,2
823,2,2,4,2,2,2,2,2,2,2,2,2,2,4,2,2,4,4,4,2,4,4,2,2,2
824,2,2,2,2,2,2,2,2,2,2,2,2,2,2,2,4,4,4,2,2,2,2,2,2,2
825,2,2,2,2,2,2,2,2,2,2,2,2,2,2,2,2,2,2,2,2,2,2,2,2,2
826,2,2,2,2,2,2,2,2,2,2,2,2,2,2,2,2,2,2,2,2,2,2,2,2,2
827,2,2,2,2,2,2,2,2,2,2,2,2,2,2,2,2,2,2,2,2,2,2,2,2,2
828,2,4,2,4,4,2,4,2,2,2,2,2,2,4,2,2,4,4,2,4,2,2,2,2,2
829,9,6,6,10,10,10,10,4,10,2,2,10,4,2,6,2,4,4,4,6,4,4,2,6,6
830,6,6,2,10,10,4,4,2,6,4,6,10,6,4,10,6,2,2,6,9,6,6,4,4,4
831,4,4,2,10,10,2,2,4,2,2,4,2,2,6,6,2,4,4,4,2,2,2,2,2,2
832,4,4,2,2,2,2,2,6,2,2,4,2,4,2,2,4,2,2,4,4,2,2,4,2,2
833,2,4,4,2,2,4,2,9,4,2,4,2,6,2,2,2,2,2,2,2,2,2,2,4,4
834,2,2,2,2,2,2,2,4,4,4,4,2,6,4,2,2,2,2,2,2,2,2,4,2,2
835,2,2,4,2,2,4,4,2,2,4,10,4,2,4,4,4,4,4,4,2,6,6,2,4,4
836,2,4,6,4,4,4,2,2,2,2,4,4,2,2,4,2,2,2,2,2,6,6,6,4,4
837,4,2,4,2,2,2,2,2,2,2,2,4,2,4,4,2,2,2,2,2,2,2,4,2,2
838,4,4,2,2,2,6,4,2,4,2,2,4,2,2,2,2,4,4,2,2,4,4,4,6,6
839,2,2,6,2,2,2,2,6,2,6,2,2,4,2,2,4,4,4,2,2,2,2,2,2,2
840,4,2,2,2,2,4,2,2,6,10,2,2,2,4,2,4,4,4,4,2,2,2,2,4,4
841,2,6,2,2,2,2,4,2,4,2,2,2,2,2,2,6,2,2,2,4,2,2,2,2,2
842,2,2,2,2,2,4,2,2,2,10,4,2,4,2,2,2,4,4,4,4,2,2,2,2,2
843,2,2,4,2,2,2,6,2,2,2,2,2,2,4,2,2,2,2,4,2,4,4,2,2,2
844,2,2,4,2,2,2,2,2,2,2,2,2,2,4,2,2,4,4,4,2,4,4,2,2,2
845,2,2,2,2,2,2,2,2,2,2,2,2,2,2,2,4,4,4,2,2,2,2,2,2,2
846,2,2,2,2,2,2,2,2,2,2,2,2,2,2,2,2,2,2,2,2,2,2,2,2,2
847,2,2,2,2,2,2,2,2,2,2,2,2,2,2,2,2,2,2,2,2,2,2,2,2,2
848,2,2,2,2,2,2,2,2,2,2,2,2,2,2,2,2,2,2,2,2,2,2,2,2,2
849,2,4,2,4,4,2,4,2,2,2,2,2,2,4,2,2,4,4,2,4,2,2,2,2,2
850,9,6,6,10,10,10,10,4,10,2,2,10,4,2,6,2,4,4,4,6,4,4,2,6,6
851,6,6,2,10,10,4,4,2,6,4,6,10,6,4,10,6,2,2,6,9,6,6,4,4,4
852,4,4,2,10,10,2,2,4,2,2,4,2,2,6,6,2,4,4,4,2,2,2,2,2,2
853,4,4,2,2,2,2,2,6,2,2,4,2,4,2,2,4,2,2,4,4,2,2,4,2,2
854,2,4,4,2,2,4,2,9,4,2,4,2,6,2,2,2,2,2,2,2,2,2,2,4,4
855,2,2,2,2,2,2,2,4,4,4,4,2,6,4,2,2,2,2,2,2,2,2,4,2,2
856,2,2,4,2,2,4,4,2,2,4,10,4,2,4,4,4,4,4,4,2,6,6,2,4,4
857,2,4,6,4,4,4,2,2,2,2,4,4,2,2,4,2,2,2,2,2,6,6,6,4,4
858,4,2,4,2,2,2,2,2,2,2,2,4,2,4,4,2,2,2,2,2,2,2,4,2,2
859,4,4,2,2,2,6,4,2,4,2,2,4,2,2,2,2,4,4,2,2,4,4,4,6,6
860,2,2,6,2,2,2,2,6,2,6,2,2,4,2,2,4,4,4,2,2,2,2,2,2,2
861,4,2,2,2,2,4,2,2,6,10,2,2,2,4,2,4,4,4,4,2,2,2,2,4,4
862,2,6,2,2,2,2,4,2,4,2,2,2,2,2,2,6,2,2,2,4,2,2,2,2,2
863,2,2,2,2,2,4,2,2,2,10,4,2,4,2,2,2,4,4,4,4,2,2,2,2,2
864,2,2,4,2,2,2,6,2,2,2,2,2,2,4,2,2,2,2,4,2,4,4,2,2,2
865,2,2,4,2,2,2,2,2,2,2,2,2,2,4,2,2,4,4,4,2,4,4,2,2,2
866,2,2,2,2,2,2,2,2,2,2,2,2,2,2,2,4,4,4,2,2,2,2,2,2,2
867,2,2,2,2,2,2,2,2,2,2,2,2,2,2,2,2,2,2,2,2,2,2,2,2,2
868,2,2,2,2,2,2,2,2,2,2,2,2,2,2,2,2,2,2,2,2,2,2,2,2,2
869,2,2,2,2,2,2,2,2,2,2,2,2,2,2,2,2,2,2,2,2,2,2,2,2,2
870,2,4,2,4,4,2,4,2,2,2,2,2,2,4,2,2,4,4,2,4,2,2,2,2,2
871,9,6,6,10,10,10,10,4,10,2,2,10,4,2,6,2,4,4,4,6,4,4,2,6,6
872,6,6,2,10,10,4,4,2,6,4,6,10,6,4,10,6,2,2,6,9,6,6,4,4,4
873,4,4,2,10,10,2,2,4,2,2,4,2,2,6,6,2,4,4,4,2,2,2,2,2,2
874,4,4,2,2,2,2,2,6,2,2,4,2,4,2,2,4,2,2,4,4,2,2,4,2,2
875,2,4,4,2,2,4,2,9,4,2,4,2,6,2,2,2,2,2,2,2,2,2,2,4,4
876,2,2,2,2,2,2,2,4,4,4,4,2,6,4,2,2,2,2,2,2,2,2,4,2,2
877,2,2,4,2,2,4,4,2,2,4,10,4,2,4,4,4,4,4,4,2,6,6,2,4,4
878,2,4,6,4,4,4,2,2,2,2,4,4,2,2,4,2,2,2,2,2,6,6,6,4,4
879,4,2,4,2,2,2,2,2,2,2,2,4,2,4,4,2,2,2,2,2,2,2,4,2,2
880,4,4,2,2,2,6,4,2,4,2,2,4,2,2,2,2,4,4,2,2,4,4,4,6,6
881,2,2,6,2,2,2,2,6,2,6,2,2,4,2,2,4,4,4,2,2,2,2,2,2,2
882,4,2,2,2,2,4,2,2,6,10,2,2,2,4,2,4,4,4,4,2,2,2,2,4,4
883,2,6,2,2,2,2,4,2,4,2,2,2,2,2,2,6,2,2,2,4,2,2,2,2,2
884,2,2,2,2,2,4,2,2,2,10,4,2,4,2,2,2,4,4,4,4,2,2,2,2,2
885,2,2,4,2,2,2,6,2,2,2,2,2,2,4,2,2,2,2,4,2,4,4,2,2,2
886,2,2,4,2,2,2,2,2,2,2,2,2,2,4,2,2,4,4,4,2,4,4,2,2,2
887,2,2,2,2,2,2,2,2,2,2,2,2,2,2,2,4,4,4,2,2,2,2,2,2,2
888,2,2,2,2,2,2,2,2,2,2,2,2,2,2,2,2,2,2,2,2,2,2,2,2,2
889,2,2,2,2,2,2,2,2,2,2,2,2,2,2,2,2,2,2,2,2,2,2,2,2,2
890,2,2,2,2,2,2,2,2,2,2,2,2,2,2,2,2,2,2,2,2,2,2,2,2,2
891,2,4,2,4,4,2,4,2,2,2,2,2,2,4,2,2,4,4,2,4,2,2,2,2,2
892,9,6,6,10,10,10,10,4,10,2,2,10,4,2,6,2,4,4,4,6,4,4,2,6,6
893,6,6,2,10,10,4,4,2,6,4,6,10,6,4,10,6,2,2,6,9,6,6,4,4,4
894,4,4,2,10,10,2,2,4,2,2,4,2,2,6,6,2,4,4,4,2,2,2,2,2,2
895,4,4,2,2,2,2,2,6,2,2,4,2,4,2,2,4,2,2,4,4,2,2,4,2,2
896,2,4,4,2,2,4,2,9,4,2,4,2,6,2,2,2,2,2,2,2,2,2,2,4,4
897,2,2,2,2,2,2,2,4,4,4,4,2,6,4,2,2,2,2,2,2,2,2,4,2,2
898,2,2,4,2,2,4,4,2,2,4,10,4,2,4,4,4,4,4,4,2,6,6,2,4,4
899,2,4,6,4,4,4,2,2,2,2,4,4,2,2,4,2,2,2,2,2,6,6,6,4,4
900,4,2,4,2,2,2,2,2,2,2,2,4,2,4,4,2,2,2,2,2,2,2,4,2,2
901,4,4,2,2,2,6,4,2,4,2,2,4,2,2,2,2,4,4,2,2,4,4,4,6,6
902,2,2,6,2,2,2,2,6,2,6,2,2,4,2,2,4,4,4,2,2,2,2,2,2,2
903,4,2,2,2,2,4,2,2,6,10,2,2,2,4,2,4,4,4,4,2,2,2,2,4,4
904,2,6,2,2,2,2,4,2,4,2,2,2,2,2,2,6,2,2,2,4,2,2,2,2,2
905,2,2,2,2,2,4,2,2,2,10,4,2,4,2,2,2,4,4,4,4,2,2,2,2,2
906,2,2,4,2,2,2,6,2,2,2,2,2,2,4,2,2,2,2,4,2,4,4,2,2,2
907,2,2,4,2,2,2,2,2,2,2,2,2,2,4,2,2,4,4,4,2,4,4,2,2,2
908,2,2,2,2,2,2,2,2,2,2,2,2,2,2,2,4,4,4,2,2,2,2,2,2,2
909,2,2,2,2,2,2,2,2,2,2,2,2,2,2,2,2,2,2,2,2,2,2,2,2,2
910,2,2,2,2,2,2,2,2,2,2,2,2,2,2,2,2,2,2,2,2,2,2,2,2,2
911,2,2,2,2,2,2,2,2,2,2,2,2,2,2,2,2,2,2,2,2,2,2,2,2,2
912,2,4,2,4,4,2,4,2,2,2,2,2,2,4,2,2,4,4,2,4,2,2,2,2,2
913,9,6,6,10,10,10,10,4,10,2,2,10,4,2,6,2,4,4,4,6,4,4,2,6,6
914,6,6,2,10,10,4,4,2,6,4,6,10,6,4,10,6,2,2,6,9,6,6,4,4,4
915,4,4,2,10,10,2,2,4,2,2,4,2,2,6,6,2,4,4,4,2,2,2,2,2,2
916,4,4,2,2,2,2,2,6,2,2,4,2,4,2,2,4,2,2,4,4,2,2,4,2,2
917,2,4,4,2,2,4,2,9,4,2,4,2,6,2,2,2,2,2,2,2,2,2,2,4,4
918,2,2,2,2,2,2,2,4,4,4,4,2,6,4,2,2,2,2,2,2,2,2,4,2,2
919,2,2,4,2,2,4,4,2,2,4,10,4,2,4,4,4,4,4,4,2,6,6,2,4,4
920,2,4,6,4,4,4,2,2,2,2,4,4,2,2,4,2,2,2,2,2,6,6,6,4,4
921,4,2,4,2,2,2,2,2,2,2,2,4,2,4,4,2,2,2,2,2,2,2,4,2,2
922,4,4,2,2,2,6,4,2,4,2,2,4,2,2,2,2,4,4,2,2,4,4,4,6,6
923,2,2,6,2,2,2,2,6,2,6,2,2,4,2,2,4,4,4,2,2,2,2,2,2,2
924,4,2,2,2,2,4,2,2,6,10,2,2,2,4,2,4,4,4,4,2,2,2,2,4,4
925,2,6,2,2,2,2,4,2,4,2,2,2,2,2,2,6,2,2,2,4,2,2,2,2,2
926,2,2,2,2,2,4,2,2,2,10,4,2,4,2,2,2,4,4,4,4,2,2,2,2,2
927,2,2,4,2,2,2,6,2,2,2,2,2,2,4,2,2,2,2,4,2,4,4,2,2,2
928,2,2,4,2,2,2,2,2,2,2,2,2,2,4,2,2,4,4,4,2,4,4,2,2,2
929,2,2,2,2,2,2,2,2,2,2,2,2,2,2,2,4,4,4,2,2,2,2,2,2,2
930,2,2,2,2,2,2,2,2,2,2,2,2,2,2,2,2,2,2,2,2,2,2,2,2,2
931,2,2,2,2,2,2,2,2,2,2,2,2,2,2,2,2,2,2,2,2,2,2,2,2,2
932,2,2,2,2,2,2,2,2,2,2,2,2,2,2,2,2,2,2,2,2,2,2,2,2,2
933,2,4,2,4,4,2,4,2,2,2,2,2,2,4,2,2,4,4,2,4,2,2,2,2,2
934,9,6,6,10,10,10,10,4,10,2,2,10,4,2,6,2,4,4,4,6,4,4,2,6,6
935,6,6,2,10,10,4,4,2,6,4,6,10,6,4,10,6,2,2,6,9,6,6,4,4,4
936,4,4,2,10,10,2,2,4,2,2,4,2,2,6,6,2,4,4,4,2,2,2,2,2,2
937,4,4,2,2,2,2,2,6,2,2,4,2,4,2,2,4,2,2,4,4,2,2,4,2,2
938,2,4,4,2,2,4,2,9,4,2,4,2,6,2,2,2,2,2,2,2,2,2,2,4,4
939,2,2,2,2,2,2,2,4,4,4,4,2,6,4,2,2,2,2,2,2,2,2,4,2,2
940,2,2,4,2,2,4,4,2,2,4,10,4,2,4,4,4,4,4,4,2,6,6,2,4,4
941,2,4,6,4,4,4,2,2,2,2,4,4,2,2,4,2,2,2,2,2,6,6,6,4,4
942,4,2,4,2,2,2,2,2,2,2,2,4,2,4,4,2,2,2,2,2,2,2,4,2,2
943,4,4,2,2,2,6,4,2,4,2,2,4,2,2,2,2,4,4,2,2,4,4,4,6,6
944,2,2,6,2,2,2,2,6,2,6,2,2,4,2,2,4,4,4,2,2,2,2,2,2,2
945,4,2,2,2,2,4,2,2,6,10,2,2,2,4,2,4,4,4,4,2,2,2,2,4,4
946,2,6,2,2,2,2,4,2,4,2,2,2,2,2,2,6,2,2,2,4,2,2,2,2,2
947,2,2,2,2,2,4,2,2,2,10,4,2,4,2,2,2,4,4,4,4,2,2,2,2,2
948,2,2,4,2,2,2,6,2,2,2,2,2,2,4,2,2,2,2,4,2,4,4,2,2,2
949,2,2,4,2,2,2,2,2,2,2,2,2,2,4,2,2,4,4,4,2,4,4,2,2,2
950,2,2,2,2,2,2,2,2,2,2,2,2,2,2,2,4,4,4,2,2,2,2,2,2,2
951,2,2,2,2,2,2,2,2,2,2,2,2,2,2,2,2,2,2,2,2,2,2,2,2,2
952,2,2,2,2,2,2,2,2,2,2,2,2,2,2,2,2,2,2,2,2,2,2,2,2,2
953,2,2,2,2,2,2,2,2,2,2,2,2,2,2,2,2,2,2,2,2,2,2,2,2,2
954,2,4,2,4,4,2,4,2,2,2,2,2,2,4,2,2,4,4,2,4,2,2,2,2,2
955,9,6,6,10,10,10,10,4,10,2,2,10,4,2,6,2,4,4,4,6,4,4,2,6,6
956,6,6,2,10,10,4,4,2,6,4,6,10,6,4,10,6,2,2,6,9,6,6,4,4,4
957,4,4,2,10,10,2,2,4,2,2,4,2,2,6,6,2,4,4,4,2,2,2,2,2,2
958,4,4,2,2,2,2,2,6,2,2,4,2,4,2,2,4,2,2,4,4,2,2,4,2,2
959,2,4,4,2,2,4,2,9,4,2,4,2,6,2,2,2,2,2,2,2,2,2,2,4,4
960,2,2,2,2,2,2,2,4,4,4,4,2,6,4,2,2,2,2,2,2,2,2,4,2,2
961,2,2,4,2,2,4,4,2,2,4,10,4,2,4,4,4,4,4,4,2,6,6,2,4,4
962,2,4,6,4,4,4,2,2,2,2,4,4,2,2,4,2,2,2,2,2,6,6,6,4,4
963,4,2,4,2,2,2,2,2,2,2,2,4,2,4,4,2,2,2,2,2,2,2,4,2,2
964,4,4,2,2,2,6,4,2,4,2,2,4,2,2,2,2,4,4,2,2,4,4,4,6,6
965,2,2,6,2,2,2,2,6,2,6,2,2,4,2,2,4,4,4,2,2,2,2,2,2,2
966,4,2,2,2,2,4,2,2,6,10,2,2,2,4,2,4,4,4,4,2,2,2,2,4,4
967,2,6,2,2,2,2,4,2,4,2,2,2,2,2,2,6,2,2,2,4,2,2,2,2,2
968,2,2,2,2,2,4,2,2,2,10,4,2,4,2,2,2,4,4,4,4,2,2,2,2,2
969,2,2,4,2,2,2,6,2,2,2,2,2,2,4,2,2,2,2,4,2,4,4,2,2,2
970,2,2,4,2,2,2,2,2,2,2,2,2,2,4,2,2,4,4,4,2,4,4,2,2,2
971,2,2,2,2,2,2,2,2,2,2,2,2,2,2,2,4,4,4,2,2,2,2,2,2,2
972,2,2,2,2,2,2,2,2,2,2,2,2,2,2,2,2,2,2,2,2,2,2,2,2,2
973,2,2,2,2,2,2,2,2,2,2,2,2,2,2,2,2,2,2,2,2,2,2,2,2,2
974,2,2,2,2,2,2,2,2,2,2,2,2,2,2,2,2,2,2,2,2,2,2,2,2,2
975,2,4,2,4,4,2,4,2,2,2,2,2,2,4,2,2,4,4,2,4,2,2,2,2,2
976,9,6,6,10,10,10,10,4,10,2,2,10,4,2,6,2,4,4,4,6,4,4,2,6,6
977,6,6,2,10,10,4,4,2,6,4,6,10,6,4,10,6,2,2,6,9,6,6,4,4,4
978,4,4,2,10,10,2,2,4,2,2,4,2,2,6,6,2,4,4,4,2,2,2,2,2,2
979,4,4,2,2,2,2,2,6,2,2,4,2,4,2,2,4,2,2,4,4,2,2,4,2,2
980,2,4,4,2,2,4,2,9,4,2,4,2,6,2,2,2,2,2,2,2,2,2,2,4,4
981,2,2,2,2,2,2,2,4,4,4,4,2,6,4,2,2,2,2,2,2,2,2,4,2,2
982,2,2,4,2,2,4,4,2,2,4,10,4,2,4,4,4,4,4,4,2,6,6,2,4,4
983,2,4,6,4,4,4,2,2,2,2,4,4,2,2,4,2,2,2,2,2,6,6,6,4,4
984,4,2,4,2,2,2,2,2,2,2,2,4,2,4,4,2,2,2,2,2,2,2,4,2,2
985,4,4,2,2,2,6,4,2,4,2,2,4,2,2,2,2,4,4,2,2,4,4,4,6,6
986,2,2,6,2,2,2,2,6,2,6,2,2,4,2,2,4,4,4,2,2,2,2,2,2,2
987,4,2,2,2,2,4,2,2,6,10,2,2,2,4,2,4,4,4,4,2,2,2,2,4,4
988,2,6,2,2,2,2,4,2,4,2,2,2,2,2,2,6,2,2,2,4,2,2,2,2,2
989,2,2,2,2,2,4,2,2,2,10,4,2,4,2,2,2,4,4,4,4,2,2,2,2,2
990,2,2,4,2,2,2,6,2,2,2,2,2,2,4,2,2,2,2,4,2,4,4,2,2,2
991,2,2,4,2,2,2,2,2,2,2,2,2,2,4,2,2,4,4,4,2,4,4,2,2,2
992,2,2,2,2,2,2,2,2,2,2,2,2,2,2,2,4,4,4,2,2,2,2,2,2,2
993,2,2,2,2,2,2,2,2,2,2,2,2,2,2,2,2,2,2,2,2,2,2,2,2,2
994,2,2,2,2,2,2,2,2,2,2,2,2,2,2,2,2,2,2,2,2,2,2,2,2,2
995,2,2,2,2,2,2,2,2,2,2,2,2,2,2,2,2,2,2,2,2,2,2,2,2,2
996,2,4,2,4,4,2,4,2,2,2,2,2,2,4,2,2,4,4,2,4,2,2,2,2,2
997,9,6,6,10,10,10,10,4,10,2,2,10,4,2,6,2,4,4,4,6,4,4,2,6,6
998,6,6,2,10,10,4,4,2,6,4,6,10,6,4,10,6,2,2,6,9,6,6,4,4,4
999,4,4,2,10,10,2,2,4,2,2,4,2,2,6,6,2,4,4,4,2,2,2,2,2,2
1000,4,4,2,2,2,2,2,6,2,2,4,2,4,2,2,4,2,2,4,4,2,2,4,2,2
1001,2,4,4,2,2,4,2,9,4,2,4,2,6,2,2,2,2,2,2,2,2,2,2,4,4
1002,2,2,2,2,2,2,2,4,4,4,4,2,6,4,2,2,2,2,2,2,2,2,4,2,2
1003,2,2,4,2,2,4,4,2,2,4,10,4,2,4,4,4,4,4,4,2,6,6,2,4,4
1004,2,4,6,4,4,4,2,2,2,2,4,4,2,2,4,2,2,2,2,2,6,6,6,4,4
1005,4,2,4,2,2,2,2,2,2,2,2,4,2,4,4,2,2,2,2,2,2,2,4,2,2
1006,4,4,2,2,2,6,4,2,4,2,2,4,2,2,2,2,4,4,2,2,4,4,4,6,6
1007,2,2,6,2,2,2,2,6,2,6,2,2,4,2,2,4,4,4,2,2,2,2,2,2,2
1008,4,2,2,2,2,4,2,2,6,10,2,2,2,4,2,4,4,4,4,2,2,2,2,4,4
1009,2,6,2,2,2,2,4,2,4,2,2,2,2,2,2,6,2,2,2,4,2,2,2,2,2
1010,2,2,2,2,2,4,2,2,2,10,4,2,4,2,2,2,4,4,4,4,2,2,2,2,2
1011,2,2,4,2,2,2,6,2,2,2,2,2,2,4,2,2,2,2,4,2,4,4,2,2,2
1012,2,2,4,2,2,2,2,2,2,2,2,2,2,4,2,2,4,4,4,2,4,4,2,2,2
1013,2,2,2,2,2,2,2,2,2,2,2,2,2,2,2,4,4,4,2,2,2,2,2,2,2
1014,2,2,2,2,2,2,2,2,2,2,2,2,2,2,2,2,2,2,2,2,2,2,2,2,2
1015,2,2,2,2,2,2,2,2,2,2,2,2,2,2,2,2,2,2,2,2,2,2,2,2,2
1016,2,2,2,2,2,2,2,2,2,2,2,2,2,2,2,2,2,2,2,2,2,2,2,2,2
1017,2,4,2,4,4,2,4,2,2,2,2,2,2,4,2,2,4,4,2,4,2,2,2,2,2
1018,9,6,6,10,10,10,10,4,10,2,2,10,4,2,6,2,4,4,4,6,4,4,2,6,6
1019,6,6,2,10,10,4,4,2,6,4,6,10,6,4,10,6,2,2,6,9,6,6,4,4,4
1020,4,4,2,10,10,2,2,4,2,2,4,2,2,6,6,2,4,4,4,2,2,2,2,2,2
1021,4,4,2,2,2,2,2,6,2,2,4,2,4,2,2,4,2,2,4,4,2,2,4,2,2
1022,2,4,4,2,2,4,2,9,4,2,4,2,6,2,2,2,2,2,2,2,2,2,2,4,4
1023,2,2,2,2,2,2,2,4,4,4,4,2,6,4,2,2,2,2,2,2,2,2,4,2,2
1024,2,2,4,2,2,4,4,2,2,4,10,4,2,4,4,4,4,4,4,2,6,6,2,4,4
1025,2,4,6,4,4,4,2,2,2,2,4,4,2,2,4,2,2,2,2,2,6,6,6,4,4
1026,4,2,4,2,2,2,2,2,2,2,2,4,2,4,4,2,2,2,2,2,2,2,4,2,2
1027,4,4,2,2,2,6,4,2,4,2,2,4,2,2,2,2,4,4,2,2,4,4,4,6,6
1028,2,2,6,2,2,2,2,6,2,6,2,2,4,2,2,4,4,4,2,2,2,2,2,2,2
1029,4,2,2,2,2,4,2,2,6,10,2,2,2,4,2,4,4,4,4,2,2,2,2,4,4
1030,2,6,2,2,2,2,4,2,4,2,2,2,2,2,2,6,2,2,2,4,2,2,2,2,2
1031,2,2,2,2,2,4,2,2,2,10,4,2,4,2,2,2,4,4,4,4,2,2,2,2,2
1032,2,2,4,2,2,2,6,2,2,2,2,2,2,4,2,2,2,2,4,2,4,4,2,2,2
1033,2,2,4,2,2,2,2,2,2,2,2,2,2,4,2,2,4,4,4,2,4,4,2,2,2
1034,2,2,2,2,2,2,2,2,2,2,2,2,2,2,2,4,4,4,2,2,2,2,2,2,2
1035,2,2,2,2,2,2,2,2,2,2,2,2,2,2,2,2,2,2,2,2,2,2,2,2,2
1036,2,2,2,2,2,2,2,2,2,2,2,2,2,2,2,2,2,2,2,2,2,2,2,2,2
1037,2,2,2,2,2,2,2,2,2,2,2,2,2,2,2,2,2,2,2,2,2,2,2,2,2
1038,2,4,2,4,4,2,4,2,2,2,2,2,2,4,2,2,4,4,2,4,2,2,2,2,2
1039,9,6,6,10,10,10,10,4,10,2,2,10,4,2,6,2,4,4,4,6,4,4,2,6,6
1040,6,6,2,10,10,4,4,2,6,4,6,10,6,4,10,6,2,2,6,9,6,6,4,4,4
1041,4,4,2,10,10,2,2,4,2,2,4,2,2,6,6,2,4,4,4,2,2,2,2,2,2
1042,4,4,2,2,2,2,2,6,2,2,4,2,4,2,2,4,2,2,4,4,2,2,4,2,2
1043,2,4,4,2,2,4,2,9,4,2,4,2,6,2,2,2,2,2,2,2,2,2,2,4,4
1044,2,2,2,2,2,2,2,4,4,4,4,2,6,4,2,2,2,2,2,2,2,2,4,2,2
1045,2,2,4,2,2,4,4,2,2,4,10,4,2,4,4,4,4,4,4,2,6,6,2,4,4
1046,2,4,6,4,4,4,2,2,2,2,4,4,2,2,4,2,2,2,2,2,6,6,6,4,4
1047,4,2,4,2,2,2,2,2,2,2,2,4,2,4,4,2,2,2,2,2,2,2,4,2,2
1048,2,2,2,2,2,2,2,2,2,2,2,2,2,2,2,2,2,2,2,2,2,2,2,2,2
1049,2,2,2,2,2,2,2,2,2,2,2,2,2,2,2,2,2,2,2,2,2,2,2,2,2
1050,2,2,2,2,2,2,2,2,2,2,2,2,2,2,2,2,2,2,2,2,2,2,2,2,2
1051,2,4,2,4,4,2,4,2,2,2,2,2,2,4,2,2,4,4,2,4,2,2,2,2,2
1052,9,6,6,10,10,10,10,4,10,2,2,10,4,2,6,2,4,4,4,6,4,4,2,6,6
1053,6,6,2,10,10,4,4,2,6,4,6,10,6,4,10,6,2,2,6,9,6,6,4,4,4
1054,4,4,2,10,10,2,2,4,2,2,4,2,2,6,6,2,4,4,4,2,2,2,2,2,2
1055,4,4,2,2,2,2,2,6,2,2,4,2,4,2,2,4,2,2,4,4,2,2,4,2,2
1056,2,4,4,2,2,4,2,9,4,2,4,2,6,2,2,2,2,2,2,2,2,2,2,4,4
1057,2,2,2,2,2,2,2,4,4,4,4,2,6,4,2,2,2,2,2,2,2,2,4,2,2
1058,2,2,4,2,2,4,4,2,2,4,10,4,2,4,4,4,4,4,4,2,6,6,2,4,4
1059,2,4,6,4,4,4,2,2,2,2,4,4,2,2,4,2,2,2,2,2,6,6,6,4,4
1060,4,2,4,2,2,2,2,2,2,2,2,4,2,4,4,2,2,2,2,2,2,2,4,2,2
1061,4,4,2,2,2,6,4,2,4,2,2,4,2,2,2,2,4,4,2,2,4,4,4,6,6
1062,2,2,6,2,2,2,2,6,2,6,2,2,4,2,2,4,4,4,2,2,2,2,2,2,2
1063,4,2,2,2,2,4,2,2,6,10,2,2,2,4,2,4,4,4,4,2,2,2,2,4,4
1064,2,6,2,2,2,2,4,2,4,2,2,2,2,2,2,6,2,2,2,4,2,2,2,2,2
1065,2,2,2,2,2,4,2,2,2,10,4,2,4,2,2,2,4,4,4,4,2,2,2,2,2
1066,2,2,4,2,2,2,6,2,2,2,2,2,2,4,2,2,2,2,4,2,4,4,2,2,2
1067,2,2,4,2,2,2,2,2,2,2,2,2,2,4,2,2,4,4,4,2,4,4,2,2,2
1068,2,2,2,2,2,2,2,2,2,2,2,2,2,2,2,4,4,4,2,2,2,2,2,2,2
1069,2,2,2,2,2,2,2,2,2,2,2,2,2,2,2,2,2,2,2,2,2,2,2,2,2
1070,2,2,2,2,2,2,2,2,2,2,2,2,2,2,2,2,2,2,2,2,2,2,2,2,2
1071,2,2,2,2,2,2,2,2,2,2,2,2,2,2,2,2,2,2,2,2,2,2,2,2,2
1072,2,4,2,4,4,2,4,2,2,2,2,2,2,4,2,2,4,4,2,4,2,2,2,2,2
1073,9,6,6,10,10,10,10,4,10,2,2,10,4,2,6,2,4,4,4,6,4,4,2,6,6
1074,6,6,2,10,10,4,4,2,6,4,6,10,6,4,10,6,2,2,6,9,6,6,4,4,4
1075,4,4,2,10,10,2,2,4,2,2,4,2,2,6,6,2,4,4,4,2,2,2,2,2,2
1076,4,4,2,2,2,2,2,6,2,2,4,2,4,2,2,4,2,2,4,4,2,2,4,2,2
1077,2,4,4,2,2,4,2,9,4,2,4,2,6,2,2,2,2,2,2,2,2,2,2,4,4
1078,2,2,2,2,2,2,2,4,4,4,4,2,6,4,2,2,2,2,2,2,2,2,4,2,2
1079,2,2,4,2,2,4,4,2,2,4,10,4,2,4,4,4,4,4,4,2,6,6,2,4,4
1080,2,4,6,4,4,4,2,2,2,2,4,4,2,2,4,2,2,2,2,2,6,6,6,4,4
1081,4,2,4,2,2,2,2,2,2,2,2,4,2,4,4,2,2,2,2,2,2,2,4,2,2
1082,4,4,2,2,2,6,4,2,4,2,2,4,2,2,2,2,4,4,2,2,4,4,4,6,6
1083,2,2,6,2,2,2,2,6,2,6,2,2,4,2,2,4,4,4,2,2,2,2,2,2,2
1084,4,2,2,2,2,4,2,2,6,10,2,2,2,4,2,4,4,4,4,2,2,2,2,4,4
1085,2,6,2,2,2,2,4,2,4,2,2,2,2,2,2,6,2,2,2,4,2,2,2,2,2
1086,2,2,2,2,2,4,2,2,2,10,4,2,4,2,2,2,4,4,4,4,2,2,2,2,2
1087,2,2,4,2,2,2,6,2,2,2,2,2,2,4,2,2,2,2,4,2,4,4,2,2,2
1088,2,2,4,2,2,2,2,2,2,2,2,2,2,4,2,2,4,4,4,2,4,4,2,2,2
1089,2,2,2,2,2,2,2,2,2,2,2,2,2,2,2,4,4,4,2,2,2,2,2,2,2
1090,2,2,2,2,2,2,2,2,2,2,2,2,2,2,2,2,2,2,2,2,2,2,2,2,2
1091,2,2,2,2,2,2,2,2,2,2,2,2,2,2,2,2,2,2,2,2,2,2,2,2,2
1092,2,2,2,2,2,2,2,2,2,2,2,2,2,2,2,2,2,2,2,2,2,2,2,2,2
1093,2,4,2,4,4,2,4,2,2,2,2,2,2,4,2,2,4,4,2,4,2,2,2,2,2
1094,9,6,6,10,10,10,10,4,10,2,2,10,4,2,6,2,4,4,4,6,4,4,2,6,6
1095,6,6,2,10,10,4,4,2,6,4,6,10,6,4,10,6,2,2,6,9,6,6,4,4,4
1096,4,4,2,10,10,2,2,4,2,2,4,2,2,6,6,2,4,4,4,2,2,2,2,2,2
1097,4,4,2,2,2,2,2,6,2,2,4,2,4,2,2,4,2,2,4,4,2,2,4,2,2
1098,2,4,4,2,2,4,2,9,4,2,4,2,6,2,2,2,2,2,2,2,2,2,2,4,4
1099,2,2,2,2,2,2,2,4,4,4,4,2,6,4,2,2,2,2,2,2,2,2,4,2,2
1100,2,2,4,2,2,4,4,2,2,4,10,4,2,4,4,4,4,4,4,2,6,6,2,4,4
1101,2,4,6,4,4,4,2,2,2,2,4,4,2,2,4,2,2,2,2,2,6,6,6,4,4
1102,4,2,4,2,2,2,2,2,2,2,2,4,2,4,4,2,2,2,2,2,2,2,4,2,2
1103,4,4,2,2,2,6,4,2,4,2,2,4,2,2,2,2,4,4,2,2,4,4,4,6,6
1104,2,2,6,2,2,2,2,6,2,6,2,2,4,2,2,4,4,4,2,2,2,2,2,2,2
1105,4,2,2,2,2,4,2,2,6,10,2,2,2,4,2,4,4,4,4,2,2,2,2,4,4
1106,2,6,2,2,2,2,4,2,4,2,2,2,2,2,2,6,2,2,2,4,2,2,2,2,2
1107,2,2,2,2,2,4,2,2,2,10,4,2,4,2,2,2,4,4,4,4,2,2,2,2,2
1108,2,2,4,2,2,2,6,2,2,2,2,2,2,4,2,2,2,2,4,2,4,4,2,2,2
1109,2,2,4,2,2,2,2,2,2,2,2,2,2,4,2,2,4,4,4,2,4,4,2,2,2
1110,2,2,2,2,2,2,2,2,2,2,2,2,2,2,2,4,4,4,2,2,2,2,2,2,2
1111,2,2,2,2,2,2,2,2,2,2,2,2,2,2,2,2,2,2,2,2,2,2,2,2,2
1112,2,2,2,2,2,2,2,2,2,2,2,2,2,2,2,2,2,2,2,2,2,2,2,2,2
1113,2,2,2,2,2,2,2,2,2,2,2,2,2,2,2,2,2,2,2,2,2,2,2,2,2
1114,2,4,2,4,4,2,4,2,2,2,2,2,2,4,2,2,4,4,2,4,2,2,2,2,2
1115,9,6,6,10,10,10,10,4,10,2,2,10,4,2,6,2,4,4,4,6,4,4,2,6,6
1116,6,6,2,10,10,4,4,2,6,4,6,10,6,4,10,6,2,2,6,9,6,6,4,4,4
1117,4,4,2,10,10,2,2,4,2,2,4,2,2,6,6,2,4,4,4,2,2,2,2,2,2
1118,4,4,2,2,2,2,2,6,2,2,4,2,4,2,2,4,2,2,4,4,2,2,4,2,2
1119,2,4,4,2,2,4,2,9,4,2,4,2,6,2,2,2,2,2,2,2,2,2,2,4,4
1120,2,2,2,2,2,2,2,4,4,4,4,2,6,4,2,2,2,2,2,2,2,2,4,2,2
1121,2,2,4,2,2,4,4,2,2,4,10,4,2,4,4,4,4,4,4,2,6,6,2,4,4
1122,2,4,6,4,4,4,2,2,2,2,4,4,2,2,4,2,2,2,2,2,6,6,6,4,4
1123,4,2,4,2,2,2,2,2,2,2,2,4,2,4,4,2,2,2,2,2,2,2,4,2,2
1124,4,4,2,2,2,6,4,2,4,2,2,4,2,2,2,2,4,4,2,2,4,4,4,6,6
1125,2,2,6,2,2,2,2,6,2,6,2,2,4,2,2,4,4,4,2,2,2,2,2,2,2
1126,4,2,2,2,2,4,2,2,6,10,2,2,2,4,2,4,4,4,4,2,2,2,2,4,4
1127,2,6,2,2,2,2,4,2,4,2,2,2,2,2,2,6,2,2,2,4,2,2,2,2,2
1128,2,2,2,2,2,4,2,2,2,10,4,2,4,2,2,2,4,4,4,4,2,2,2,2,2
1129,2,2,4,2,2,2,6,2,2,2,2,2,2,4,2,2,2,2,4,2,4,4,2,2,2
1130,2,2,4,2,2,2,2,2,2,2,2,2,2,4,2,2,4,4,4,2,4,4,2,2,2
1131,2,2,2,2,2,2,2,2,2,2,2,2,2,2,2,4,4,4,2,2,2,2,2,2,2
1132,2,2,2,2,2,2,2,2,2,2,2,2,2,2,2,2,2,2,2,2,2,2,2,2,2
1133,2,2,2,2,2,2,2,2,2,2,2,2,2,2,2,2,2,2,2,2,2,2,2,2,2
1134,2,2,2,2,2,2,2,2,2,2,2,2,2,2,2,2,2,2,2,2,2,2,2,2,2
1135,2,4,2,4,4,2,4,2,2,2,2,2,2,4,2,2,4,4,2,4,2,2,2,2,2
1136,9,6,6,10,10,10,10,4,10,2,2,10,4,2,6,2,4,4,4,6,4,4,2,6,6
1137,6,6,2,10,10,4,4,2,6,4,6,10,6,4,10,6,2,2,6,9,6,6,4,4,4
1138,4,4,2,10,10,2,2,4,2,2,4,2,2,6,6,2,4,4,4,2,2,2,2,2,2
1139,4,4,2,2,2,2,2,6,2,2,4,2,4,2,2,4,2,2,4,4,2,2,4,2,2
1140,2,4,4,2,2,4,2,9,4,2,4,2,6,2,2,2,2,2,2,2,2,2,2,4,4
1141,2,2,2,2,2,2,2,4,4,4,4,2,6,4,2,2,2,2,2,2,2,2,4,2,2
1142,2,2,4,2,2,4,4,2,2,4,10,4,2,4,4,4,4,4,4,2,6,6,2,4,4
1143,2,4,6,4,4,4,2,2,2,2,4,4,2,2,4,2,2,2,2,2,6,6,6,4,4
1144,4,2,4,2,2,2,2,2,2,2,2,4,2,4,4,2,2,2,2,2,2,2,4,2,2
1145,4,4,2,2,2,6,4,2,4,2,2,4,2,2,2,2,4,4,2,2,4,4,4,6,6
1146,2,2,6,2,2,2,2,6,2,6,2,2,4,2,2,4,4,4,2,2,2,2,2,2,2
1147,4,2,2,2,2,4,2,2,6,10,2,2,2,4,2,4,4,4,4,2,2,2,2,4,4
1148,2,6,2,2,2,2,4,2,4,2,2,2,2,2,2,6,2,2,2,4,2,2,2,2,2
1149,2,2,2,2,2,4,2,2,2,10,4,2,4,2,2,2,4,4,4,4,2,2,2,2,2
1150,2,2,4,2,2,2,6,2,2,2,2,2,2,4,2,2,2,2,4,2,4,4,2,2,2
1151,2,2,4,2,2,2,2,2,2,2,2,2,2,4,2,2,4,4,4,2,4,4,2,2,2
1152,2,2,2,2,2,2,2,2,2,2,2,2,2,2,2,4,4,4,2,2,2,2,2,2,2
1153,2,2,2,2,2,2,2,2,2,2,2,2,2,2,2,2,2,2,2,2,2,2,2,2,2
1154,2,2,2,2,2,2,2,2,2,2,2,2,2,2,2,2,2,2,2,2,2,2,2,2,2
1155,2,2,2,2,2,2,2,2,2,2,2,2,2,2,2,2,2,2,2,2,2,2,2,2,2
1156,2,4,2,4,4,2,4,2,2,2,2,2,2,4,2,2,4,4,2,4,2,2,2,2,2
1157,9,6,6,10,10,10,10,4,10,2,2,10,4,2,6,2,4,4,4,6,4,4,2,6,6
1158,6,6,2,10,10,4,4,2,6,4,6,10,6,4,10,6,2,2,6,9,6,6,4,4,4
1159,4,4,2,10,10,2,2,4,2,2,4,2,2,6,6,2,4,4,4,2,2,2,2,2,2
1160,4,4,2,2,2,2,2,6,2,2,4,2,4,2,2,4,2,2,4,4,2,2,4,2,2
1161,2,4,4,2,2,4,2,9,4,2,4,2,6,2,2,2,2,2,2,2,2,2,2,4,4
1162,2,2,2,2,2,2,2,4,4,4,4,2,6,4,2,2,2,2,2,2,2,2,4,2,2
1163,2,2,4,2,2,4,4,2,2,4,10,4,2,4,4,4,4,4,4,2,6,6,2,4,4
1164,2,4,6,4,4,4,2,2,2,2,4,4,2,2,4,2,2,2,2,2,6,6,6,4,4
1165,4,2,4,2,2,2,2,2,2,2,2,4,2,4,4,2,2,2,2,2,2,2,4,2,2
1166,4,4,2,2,2,6,4,2,4,2,2,4,2,2,2,2,4,4,2,2,4,4,4,6,6
1167,2,2,6,2,2,2,2,6,2,6,2,2,4,2,2,4,4,4,2,2,2,2,2,2,2
1168,4,2,2,2,2,4,2,2,6,10,2,2,2,4,2,4,4,4,4,2,2,2,2,4,4
1169,2,6,2,2,2,2,4,2,4,2,2,2,2,2,2,6,2,2,2,4,2,2,2,2,2
1170,2,2,2,2,2,4,2,2,2,10,4,2,4,2,2,2,4,4,4,4,2,2,2,2,2
1171,2,2,4,2,2,2,6,2,2,2,2,2,2,4,2,2,2,2,4,2,4,4,2,2,2
1172,2,2,4,2,2,2,2,2,2,2,2,2,2,4,2,2,4,4,4,2,4,4,2,2,2
1173,2,2,2,2,2,2,2,2,2,2,2,2,2,2,2,4,4,4,2,2,2,2,2,2,2
1174,2,2,2,2,2,2,2,2,2,2,2,2,2,2,2,2,2,2,2,2,2,2,2,2,2
1175,2,2,2,2,2,2,2,2,2,2,2,2,2,2,2,2,2,2,2,2,2,2,2,2,2
1176,2,2,2,2,2,2,2,2,2,2,2,2,2,2,2,2,2,2,2,2,2,2,2,2,2
1177,2,4,2,4,4,2,4,2,2,2,2,2,2,4,2,2,4,4,2,4,2,2,2,2,2
1178,9,6,6,10,10,10,10,4,10,2,2,10,4,2,6,2,4,4,4,6,4,4,2,6,6
1179,6,6,2,10,10,4,4,2,6,4,6,10,6,4,10,6,2,2,6,9,6,6,4,4,4
1180,4,4,2,10,10,2,2,4,2,2,4,2,2,6,6,2,4,4,4,2,2,2,2,2,2
1181,4,4,2,2,2,2,2,6,2,2,4,2,4,2,2,4,2,2,4,4,2,2,4,2,2
1182,2,4,4,2,2,4,2,9,4,2,4,2,6,2,2,2,2,2,2,2,2,2,2,4,4
1183,2,2,2,2,2,2,2,4,4,4,4,2,6,4,2,2,2,2,2,2,2,2,4,2,2
1184,2,2,4,2,2,4,4,2,2,4,10,4,2,4,4,4,4,4,4,2,6,6,2,4,4
1185,2,4,6,4,4,4,2,2,2,2,4,4,2,2,4,2,2,2,2,2,6,6,6,4,4
1186,4,2,4,2,2,2,2,2,2,2,2,4,2,4,4,2,2,2,2,2,2,2,4,2,2
1187,4,4,2,2,2,6,4,2,4,2,2,4,2,2,2,2,4,4,2,2,4,4,4,6,6
1188,2,2,6,2,2,2,2,6,2,6,2,2,4,2,2,4,4,4,2,2,2,2,2,2,2
1189,4,2,2,2,2,4,2,2,6,10,2,2,2,4,2,4,4,4,4,2,2,2,2,4,4
1190,2,6,2,2,2,2,4,2,4,2,2,2,2,2,2,6,2,2,2,4,2,2,2,2,2
1191,2,2,2,2,2,4,2,2,2,10,4,2,4,2,2,2,4,4,4,4,2,2,2,2,2
1192,2,2,4,2,2,2,6,2,2,2,2,2,2,4,2,2,2,2,4,2,4,4,2,2,2
1193,2,2,4,2,2,2,2,2,2,2,2,2,2,4,2,2,4,4,4,2,4,4,2,2,2
1194,2,2,2,2,2,2,2,2,2,2,2,2,2,2,2,4,4,4,2,2,2,2,2,2,2
1195,2,2,2,2,2,2,2,2,2,2,2,2,2,2,2,2,2,2,2,2,2,2,2,2,2
1196,2,2,2,2,2,2,2,2,2,2,2,2,2,2,2,2,2,2,2,2,2,2,2,2,2
1197,2,2,2,2,2,2,2,2,2,2,2,2,2,2,2,2,2,2,2,2,2,2,2,2,2
1198,2,4,2,4,4,2,4,2,2,2,2,2,2,4,2,2,4,4,2,4,2,2,2,2,2
1199,9,6,6,10,10,10,10,4,10,2,2,10,4,2,6,2,4,4,4,6,4,4,2,6,6
1200,6,6,2,10,10,4,4,2,6,4,6,10,6,4,10,6,2,2,6,9,6,6,4,4,4
1201,4,4,2,10,10,2,2,4,2,2,4,2,2,6,6,2,4,4,4,2,2,2,2,2,2
1202,4,4,2,2,2,2,2,6,2,2,4,2,4,2,2,4,2,2,4,4,2,2,4,2,2
1203,2,4,4,2,2,4,2,9,4,2,4,2,6,2,2,2,2,2,2,2,2,2,2,4,4
1204,2,2,2,2,2,2,2,4,4,4,4,2,6,4,2,2,2,2,2,2,2,2,4,2,2
1205,2,2,4,2,2,4,4,2,2,4,10,4,2,4,4,4,4,4,4,2,6,6,2,4,4
1206,2,4,6,4,4,4,2,2,2,2,4,4,2,2,4,2,2,2,2,2,6,6,6,4,4
1207,4,2,4,2,2,2,2,2,2,2,2,4,2,4,4,2,2,2,2,2,2,2,4,2,2
1208,4,4,2,2,2,6,4,2,4,2,2,4,2,2,2,2,4,4,2,2,4,4,4,6,6
1209,2,2,6,2,2,2,2,6,2,6,2,2,4,2,2,4,4,4,2,2,2,2,2,2,2
1210,4,2,2,2,2,4,2,2,6,10,2,2,2,4,2,4,4,4,4,2,2,2,2,4,4
1211,2,6,2,2,2,2,4,2,4,2,2,2,2,2,2,6,2,2,2,4,2,2,2,2,2
1212,2,2,2,2,2,4,2,2,2,10,4,2,4,2,2,2,4,4,4,4,2,2,2,2,2
1213,2,2,4,2,2,2,6,2,2,2,2,2,2,4,2,2,2,2,4,2,4,4,2,2,2
1214,2,2,4,2,2,2,2,2,2,2,2,2,2,4,2,2,4,4,4,2,4,4,2,2,2
1215,2,2,2,2,2,2,2,2,2,2,2,2,2,2,2,4,4,4,2,2,2,2,2,2,2
1216,2,2,2,2,2,2,2,2,2,2,2,2,2,2,2,2,2,2,2,2,2,2,2,2,2
1217,2,2,2,2,2,2,2,2,2,2,2,2,2,2,2,2,2,2,2,2,2,2,2,2,2
1218,2,2,2,2,2,2,2,2,2,2,2,2,2,2,2,2,2,2,2,2,2,2,2,2,2
1219,2,4,2,4,4,2,4,2,2,2,2,2,2,4,2,2,4,4,2,4,2,2,2,2,2
1220,9,6,6,10,10,10,10,4,10,2,2,10,4,2,6,2,4,4,4,6,4,4,2,6,6
1221,6,6,2,10,10,4,4,2,6,4,6,10,6,4,10,6,2,2,6,9,6,6,4,4,4
1222,4,4,2,10,10,2,2,4,2,2,4,2,2,6,6,2,4,4,4,2,2,2,2,2,2
1223,4,4,2,2,2,2,2,6,2,2,4,2,4,2,2,4,2,2,4,4,2,2,4,2,2
1224,2,4,4,2,2,4,2,9,4,2,4,2,6,2,2,2,2,2,2,2,2,2,2,4,4
1225,2,2,2,2,2,2,2,4,4,4,4,2,6,4,2,2,2,2,2,2,2,2,4,2,2
1226,2,2,4,2,2,4,4,2,2,4,10,4,2,4,4,4,4,4,4,2,6,6,2,4,4
1227,2,4,6,4,4,4,2,2,2,2,4,4,2,2,4,2,2,2,2,2,6,6,6,4,4
1228,4,2,4,2,2,2,2,2,2,2,2,4,2,4,4,2,2,2,2,2,2,2,4,2,2
1229,4,4,2,2,2,6,4,2,4,2,2,4,2,2,2,2,4,4,2,2,4,4,4,6,6
1230,2,2,6,2,2,2,2,6,2,6,2,2,4,2,2,4,4,4,2,2,2,2,2,2,2
1231,4,2,2,2,2,4,2,2,6,10,2,2,2,4,2,4,4,4,4,2,2,2,2,4,4
1232,2,6,2,2,2,2,4,2,4,2,2,2,2,2,2,6,2,2,2,4,2,2,2,2,2
1233,2,2,2,2,2,4,2,2,2,10,4,2,4,2,2,2,4,4,4,4,2,2,2,2,2
1234,2,2,4,2,2,2,6,2,2,2,2,2,2,4,2,2,2,2,4,2,4,4,2,2,2
1235,2,2,4,2,2,2,2,2,2,2,2,2,2,4,2,2,4,4,4,2,4,4,2,2,2
1236,2,2,2,2,2,2,2,2,2,2,2,2,2,2,2,4,4,4,2,2,2,2,2,2,2
1237,2,2,2,2,2,2,2,2,2,2,2,2,2,2,2,2,2,2,2,2,2,2,2,2,2
1238,2,2,2,2,2,2,2,2,2,2,2,2,2,2,2,2,2,2,2,2,2,2,2,2,2
1239,2,2,2,2,2,2,2,2,2,2,2,2,2,2,2,2,2,2,2,2,2,2,2,2,2
1240,2,4,2,4,4,2,4,2,2,2,2,2,2,4,2,2,4,4,2,4,2,2,2,2,2
1241,9,6,6,10,10,10,10,4,10,2,2,10,4,2,6,2,4,4,4,6,4,4,2,6,6
1242,6,6,2,10,10,4,4,2,6,4,6,10,6,4,10,6,2,2,6,9,6,6,4,4,4
1243,4,4,2,10,10,2,2,4,2,2,4,2,2,6,6,2,4,4,4,2,2,2,2,2,2
1244,4,4,2,2,2,2,2,6,2,2,4,2,4,2,2,4,2,2,4,4,2,2,4,2,2
1245,2,4,4,2,2,4,2,9,4,2,4,2,6,2,2,2,2,2,2,2,2,2,2,4,4
1246,2,2,2,2,2,2,2,4,4,4,4,2,6,4,2,2,2,2,2,2,2,2,4,2,2
1247,2,2,4,2,2,4,4,2,2,4,10,4,2,4,4,4,4,4,4,2,6,6,2,4,4
1248,2,4,6,4,4,4,2,2,2,2,4,4,2,2,4,2,2,2,2,2,6,6,6,4,4
1249,4,2,4,2,2,2,2,2,2,2,2,4,2,4,4,2,2,2,2,2,2,2,4,2,2
1250,4,4,2,2,2,6,4,2,4,2,2,4,2,2,2,2,4,4,2,2,4,4,4,6,6
1251,2,2,6,2,2,2,2,6,2,6,2,2,4,2,2,4,4,4,2,2,2,2,2,2,2
1252,4,2,2,2,2,4,2,2,6,10,2,2,2,4,2,4,4,4,4,2,2,2,2,4,4
1253,2,6,2,2,2,2,4,2,4,2,2,2,2,2,2,6,2,2,2,4,2,2,2,2,2
1254,2,2,2,2,2,4,2,2,2,10,4,2,4,2,2,2,4,4,4,4,2,2,2,2,2
1255,2,2,4,2,2,2,6,2,2,2,2,2,2,4,2,2,2,2,4,2,4,4,2,2,2
1256,2,2,4,2,2,2,2,2,2,2,2,2,2,4,2,2,4,4,4,2,4,4,2,2,2
1257,2,2,2,2,2,2,2,2,2,2,2,2,2,2,2,4,4,4,2,2,2,2,2,2,2
1258,2,2,2,2,2,2,2,2,2,2,2,2,2,2,2,2,2,2,2,2,2,2,2,2,2
1259,2,2,2,2,2,2,2,2,2,2,2,2,2,2,2,2,2,2,2,2,2,2,2,2,2
1260,2,2,2,2,2,2,2,2,2,2,2,2,2,2,2,2,2,2,2,2,2,2,2,2,2
1261,2,4,2,4,4,2,4,2,2,2,2,2,2,4,2,2,4,4,2,4,2,2,2,2,2
1262,9,6,6,10,10,10,10,4,10,2,2,10,4,2,6,2,4,4,4,6,4,4,2,6,6
1263,6,6,2,10,10,4,4,2,6,4,6,10,6,4,10,6,2,2,6,9,6,6,4,4,4
1264,4,4,2,10,10,2,2,4,2,2,4,2,2,6,6,2,4,4,4,2,2,2,2,2,2
1265,4,4,2,2,2,2,2,6,2,2,4,2,4,2,2,4,2,2,4,4,2,2,4,2,2
1266,2,4,4,2,2,4,2,9,4,2,4,2,6,2,2,2,2,2,2,2,2,2,2,4,4
1267,2,2,2,2,2,2,2,4,4,4,4,2,6,4,2,2,2,2,2,2,2,2,4,2,2
1268,2,2,4,2,2,4,4,2,2,4,10,4,2,4,4,4,4,4,4,2,6,6,2,4,4
1269,2,4,6,4,4,4,2,2,2,2,4,4,2,2,4,2,2,2,2,2,6,6,6,4,4
1270,4,2,4,2,2,2,2,2,2,2,2,4,2,4,4,2,2,2,2,2,2,2,4,2,2
1271,4,4,2,2,2,6,4,2,4,2,2,4,2,2,2,2,4,4,2,2,4,4,4,6,6
1272,2,2,6,2,2,2,2,6,2,6,2,2,4,2,2,4,4,4,2,2,2,2,2,2,2
1273,4,2,2,2,2,4,2,2,6,10,2,2,2,4,2,4,4,4,4,2,2,2,2,4,4
1274,2,6,2,2,2,2,4,2,4,2,2,2,2,2,2,6,2,2,2,4,2,2,2,2,2
1275,2,2,2,2,2,4,2,2,2,10,4,2,4,2,2,2,4,4,4,4,2,2,2,2,2
1276,2,2,4,2,2,2,6,2,2,2,2,2,2,4,2,2,2,2,4,2,4,4,2,2,2
1277,2,2,4,2,2,2,2,2,2,2,2,2,2,4,2,2,4,4,4,2,4,4,2,2,2
1278,2,2,2,2,2,2,2,2,2,2,2,2,2,2,2,4,4,4,2,2,2,2,2,2,2
1279,2,2,2,2,2,2,2,2,2,2,2,2,2,2,2,2,2,2,2,2,2,2,2,2,2
1280,2,2,2,2,2,2,2,2,2,2,2,2,2,2,2,2,2,2,2,2,2,2,2,2,2
1281,2,2,2,2,2,2,2,2,2,2,2,2,2,2,2,2,2,2,2,2,2,2,2,2,2
1282,2,4,2,4,4,2,4,2,2,2,2,2,2,4,2,2,4,4,2,4,2,2,2,2,2
1283,9,6,6,10,10,10,10,4,10,2,2,10,4,2,6,2,4,4,4,6,4,4,2,6,6
1284,6,6,2,10,10,4,4,2,6,4,6,10,6,4,10,6,2,2,6,9,6,6,4,4,4
1285,4,4,2,10,10,2,2,4,2,2,4,2,2,6,6,2,4,4,4,2,2,2,2,2,2
1286,4,4,2,2,2,2,2,6,2,2,4,2,4,2,2,4,2,2,4,4,2,2,4,2,2
1287,2,4,4,2,2,4,2,9,4,2,4,2,6,2,2,2,2,2,2,2,2,2,2,4,4
1288,2,2,2,2,2,2,2,4,4,4,4,2,6,4,2,2,2,2,2,2,2,2,4,2,2
1289,2,2,4,2,2,4,4,2,2,4,10,4,2,4,4,4,4,4,4,2,6,6,2,4,4
1290,2,4,6,4,4,4,2,2,2,2,4,4,2,2,4,2,2,2,2,2,6,6,6,4,4
1291,4,2,4,2,2,2,2,2,2,2,2,4,2,4,4,2,2,2,2,2,2,2,4,2,2
1292,4,4,2,2,2,6,4,2,4,2,2,4,2,2,2,2,4,4,2,2,4,4,4,6,6
1293,2,2,6,2,2,2,2,6,2,6,2,2,4,2,2,4,4,4,2,2,2,2,2,2,2
1294,4,2,2,2,2,4,2,2,6,10,2,2,2,4,2,4,4,4,4,2,2,2,2,4,4
1295,2,6,2,2,2,2,4,2,4,2,2,2,2,2,2,6,2,2,2,4,2,2,2,2,2
1296,2,2,2,2,2,4,2,2,2,10,4,2,4,2,2,2,4,4,4,4,2,2,2,2,2
1297,2,2,4,2,2,2,6,2,2,2,2,2,2,4,2,2,2,2,4,2,4,4,2,2,2
1298,2,2,4,2,2,2,2,2,2,2,2,2,2,4,2,2,4,4,4,2,4,4,2,2,2
1299,2,2,2,2,2,2,2,2,2,2,2,2,2,2,2,4,4,4,2,2,2,2,2,2,2
1300,2,2,2,2,2,2,2,2,2,2,2,2,2,2,2,2,2,2,2,2,2,2,2,2,2
1301,2,2,2,2,2,2,2,2,2,2,2,2,2,2,2,2,2,2,2,2,2,2,2,2,2
1302,2,2,2,2,2,2,2,2,2,2,2,2,2,2,2,2,2,2,2,2,2,2,2,2,2
1303,2,4,2,4,4,2,4,2,2,2,2,2,2,4,2,2,4,4,2,4,2,2,2,2,2
1304,9,6,6,10,10,10,10,4,10,2,2,10,4,2,6,2,4,4,4,6,4,4,2,6,6
1305,6,6,2,10,10,4,4,2,6,4,6,10,6,4,10,6,2,2,6,9,6,6,4,4,4
1306,4,4,2,10,10,2,2,4,2,2,4,2,2,6,6,2,4,4,4,2,2,2,2,2,2
1307,4,4,2,2,2,2,2,6,2,2,4,2,4,2,2,4,2,2,4,4,2,2,4,2,2
1308,2,4,4,2,2,4,2,9,4,2,4,2,6,2,2,2,2,2,2,2,2,2,2,4,4
1309,2,2,2,2,2,2,2,4,4,4,4,2,6,4,2,2,2,2,2,2,2,2,4,2,2
1310,2,2,4,2,2,4,4,2,2,4,10,4,2,4,4,4,4,4,4,2,6,6,2,4,4
1311,2,4,6,4,4,4,2,2,2,2,4,4,2,2,4,2,2,2,2,2,6,6,6,4,4
1312,4,2,4,2,2,2,2,2,2,2,2,4,2,4,4,2,2,2,2,2,2,2,4,2,2
1313,4,4,2,2,2,6,4,2,4,2,2,4,2,2,2,2,4,4,2,2,4,4,4,6,6
1314,2,2,6,2,2,2,2,6,2,6,2,2,4,2,2,4,4,4,2,2,2,2,2,2,2
1315,4,2,2,2,2,4,2,2,6,10,2,2,2,4,2,4,4,4,4,2,2,2,2,4,4
1316,2,6,2,2,2,2,4,2,4,2,2,2,2,2,2,6,2,2,2,4,2,2,2,2,2
1317,2,2,2,2,2,4,2,2,2,10,4,2,4,2,2,2,4,4,4,4,2,2,2,2,2
1318,2,2,4,2,2,2,6,2,2,2,2,2,2,4,2,2,2,2,4,2,4,4,2,2,2
1319,2,2,4,2,2,2,2,2,2,2,2,2,2,4,2,2,4,4,4,2,4,4,2,2,2
1320,2,2,2,2,2,2,2,2,2,2,2,2,2,2,2,4,4,4,2,2,2,2,2,2,2
1321,2,2,2,2,2,2,2,2,2,2,2,2,2,2,2,2,2,2,2,2,2,2,2,2,2
1322,2,2,2,2,2,2,2,2,2,2,2,2,2,2,2,2,2,2,2,2,2,2,2,2,2
1323,2,2,2,2,2,2,2,2,2,2,2,2,2,2,2,2,2,2,2,2,2,2,2,2,2
1324,2,4,2,4,4,2,4,2,2,2,2,2,2,4,2,2,4,4,2,4,2,2,2,2,2
1325,9,6,6,10,10,10,10,4,10,2,2,10,4,2,6,2,4,4,4,6,4,4,2,6,6
1326,6,6,2,10,10,4,4,2,6,4,6,10,6,4,10,6,2,2,6,9,6,6,4,4,4
1327,4,4,2,10,10,2,2,4,2,2,4,2,2,6,6,2,4,4,4,2,2,2,2,2,2
1328,4,4,2,2,2,2,2,6,2,2,4,2,4,2,2,4,2,2,4,4,2,2,4,2,2
1329,2,4,4,2,2,4,2,9,4,2,4,2,6,2,2,2,2,2,2,2,2,2,2,4,4
1330,2,2,2,2,2,2,2,4,4,4,4,2,6,4,2,2,2,2,2,2,2,2,4,2,2
1331,2,2,4,2,2,4,4,2,2,4,10,4,2,4,4,4,4,4,4,2,6,6,2,4,4
1332,2,4,6,4,4,4,2,2,2,2,4,4,2,2,4,2,2,2,2,2,6,6,6,4,4
1333,4,2,4,2,2,2,2,2,2,2,2,4,2,4,4,2,2,2,2,2,2,2,4,2,2
1334,4,4,2,2,2,6,4,2,4,2,2,4,2,2,2,2,4,4,2,2,4,4,4,6,6
1335,2,2,6,2,2,2,2,6,2,6,2,2,4,2,2,4,4,4,2,2,2,2,2,2,2
1336,4,2,2,2,2,4,2,2,6,10,2,2,2,4,2,4,4,4,4,2,2,2,2,4,4
1337,2,6,2,2,2,2,4,2,4,2,2,2,2,2,2,6,2,2,2,4,2,2,2,2,2
1338,2,2,2,2,2,4,2,2,2,10,4,2,4,2,2,2,4,4,4,4,2,2,2,2,2
1339,2,2,4,2,2,2,6,2,2,2,2,2,2,4,2,2,2,2,4,2,4,4,2,2,2
1340,2,2,4,2,2,2,2,2,2,2,2,2,2,4,2,2,4,4,4,2,4,4,2,2,2
1341,2,2,2,2,2,2,2,2,2,2,2,2,2,2,2,4,4,4,2,2,2,2,2,2,2
1342,2,2,2,2,2,2,2,2,2,2,2,2,2,2,2,2,2,2,2,2,2,2,2,2,2
1343,2,2,2,2,2,2,2,2,2,2,2,2,2,2,2,2,2,2,2,2,2,2,2,2,2
1344,2,2,2,2,2,2,2,2,2,2,2,2,2,2,2,2,2,2,2,2,2,2,2,2,2
1345,2,4,2,4,4,2,4,2,2,2,2,2,2,4,2,2,4,4,2,4,2,2,2,2,2
1346,9,6,6,10,10,10,10,4,10,2,2,10,4,2,6,2,4,4,4,6,4,4,2,6,6
1347,6,6,2,10,10,4,4,2,6,4,6,10,6,4,10,6,2,2,6,9,6,6,4,4,4
1348,4,4,2,10,10,2,2,4,2,2,4,2,2,6,6,2,4,4,4,2,2,2,2,2,2
1349,4,4,2,2,2,2,2,6,2,2,4,2,4,2,2,4,2,2,4,4,2,2,4,2,2
1350,2,4,4,2,2,4,2,9,4,2,4,2,6,2,2,2,2,2,2,2,2,2,2,4,4
1351,2,2,2,2,2,2,2,4,4,4,4,2,6,4,2,2,2,2,2,2,2,2,4,2,2
1352,2,2,4,2,2,4,4,2,2,4,10,4,2,4,4,4,4,4,4,2,6,6,2,4,4
1353,2,4,6,4,4,4,2,2,2,2,4,4,2,2,4,2,2,2,2,2,6,6,6,4,4
1354,4,2,4,2,2,2,2,2,2,2,2,4,2,4,4,2,2,2,2,2,2,2,4,2,2
1355,4,4,2,2,2,6,4,2,4,2,2,4,2,2,2,2,4,4,2,2,4,4,4,6,6
1356,2,2,6,2,2,2,2,6,2,6,2,2,4,2,2,4,4,4,2,2,2,2,2,2,2
1357,4,2,2,2,2,4,2,2,6,10,2,2,2,4,2,4,4,4,4,2,2,2,2,4,4
1358,2,6,2,2,2,2,4,2,4,2,2,2,2,2,2,6,2,2,2,4,2,2,2,2,2
1359,2,2,2,2,2,4,2,2,2,10,4,2,4,2,2,2,4,4,4,4,2,2,2,2,2
1360,2,2,4,2,2,2,6,2,2,2,2,2,2,4,2,2,2,2,4,2,4,4,2,2,2
1361,2,2,4,2,2,2,2,2,2,2,2,2,2,4,2,2,4,4,4,2,4,4,2,2,2
1362,2,2,2,2,2,2,2,2,2,2,2,2,2,2,2,4,4,4,2,2,2,2,2,2,2
1363,2,2,2,2,2,2,2,2,2,2,2,2,2,2,2,2,2,2,2,2,2,2,2,2,2
1364,2,2,2,2,2,2,2,2,2,2,2,2,2,2,2,2,2,2,2,2,2,2,2,2,2
1365,2,2,2,2,2,2,2,2,2,2,2,2,2,2,2,2,2,2,2,2,2,2,2,2,2
1366,2,4,2,4,4,2,4,2,2,2,2,2,2,4,2,2,4,4,2,4,2,2,2,2,2
1367,9,6,6,10,10,10,10,4,10,2,2,10,4,2,6,2,4,4,4,6,4,4,2,6,6
1368,6,6,2,10,10,4,4,2,6,4,6,10,6,4,10,6,2,2,6,9,6,6,4,4,4
1369,4,4,2,10,10,2,2,4,2,2,4,2,2,6,6,2,4,4,4,2,2,2,2,2,2
1370,4,4,2,2,2,2,2,6,2,2,4,2,4,2,2,4,2,2,4,4,2,2,4,2,2
1371,2,4,4,2,2,4,2,9,4,2,4,2,6,2,2,2,2,2,2,2,2,2,2,4,4
1372,2,2,2,2,2,2,2,4,4,4,4,2,6,4,2,2,2,2,2,2,2,2,4,2,2
1373,2,2,4,2,2,4,4,2,2,4,10,4,2,4,4,4,4,4,4,2,6,6,2,4,4
1374,2,4,6,4,4,4,2,2,2,2,4,4,2,2,4,2,2,2,2,2,6,6,6,4,4
1375,4,2,4,2,2,2,2,2,2,2,2,4,2,4,4,2,2,2,2,2,2,2,4,2,2
1376,4,4,2,2,2,6,4,2,4,2,2,4,2,2,2,2,4,4,2,2,4,4,4,6,6
1377,2,2,6,2,2,2,2,6,2,6,2,2,4,2,2,4,4,4,2,2,2,2,2,2,2
1378,4,2,2,2,2,4,2,2,6,10,2,2,2,4,2,4,4,4,4,2,2,2,2,4,4
1379,2,6,2,2,2,2,4,2,4,2,2,2,2,2,2,6,2,2,2,4,2,2,2,2,2
1380,2,2,2,2,2,4,2,2,2,10,4,2,4,2,2,2,4,4,4,4,2,2,2,2,2
1381,2,2,4,2,2,2,6,2,2,2,2,2,2,4,2,2,2,2,4,2,4,4,2,2,2
1382,2,2,4,2,2,2,2,2,2,2,2,2,2,4,2,2,4,4,4,2,4,4,2,2,2
1383,2,2,2,2,2,2,2,2,2,2,2,2,2,2,2,4,4,4,2,2,2,2,2,2,2
1384,2,2,2,2,2,2,2,2,2,2,2,2,2,2,2,2,2,2,2,2,2,2,2,2,2
1385,2,2,2,2,2,2,2,2,2,2,2,2,2,2,2,2,2,2,2,2,2,2,2,2,2
1386,2,2,2,2,2,2,2,2,2,2,2,2,2,2,2,2,2,2,2,2,2,2,2,2,2
1387,2,4,2,4,4,2,4,2,2,2,2,2,2,4,2,2,4,4,2,4,2,2,2,2,2
1388,9,6,6,10,10,10,10,4,10,2,2,10,4,2,6,2,4,4,4,6,4,4,2,6,6
1389,6,6,2,10,10,4,4,2,6,4,6,10,6,4,10,6,2,2,6,9,6,6,4,4,4
1390,4,4,2,10,10,2,2,4,2,2,4,2,2,6,6,2,4,4,4,2,2,2,2,2,2
1391,4,4,2,2,2,2,2,6,2,2,4,2,4,2,2,4,2,2,4,4,2,2,4,2,2
1392,2,4,4,2,2,4,2,9,4,2,4,2,6,2,2,2,2,2,2,2,2,2,2,4,4
1393,2,2,2,2,2,2,2,4,4,4,4,2,6,4,2,2,2,2,2,2,2,2,4,2,2
1394,2,2,4,2,2,4,4,2,2,4,10,4,2,4,4,4,4,4,4,2,6,6,2,4,4
1395,2,4,6,4,4,4,2,2,2,2,4,4,2,2,4,2,2,2,2,2,6,6,6,4,4
1396,4,2,4,2,2,2,2,2,2,2,2,4,2,4,4,2,2,2,2,2,2,2,4,2,2
1397,2,2,2,2,2,2,2,2,2,2,2,2,2,2,2,2,2,2,2,2,2,2,2,2,2
1398,2,2,2,2,2,2,2,2,2,2,2,2,2,2,2,2,2,2,2,2,2,2,2,2,2
1399,2,2,2,2,2,2,2,2,2,2,2,2,2,2,2,2,2,2,2,2,2,2,2,2,2
1400,2,4,2,4,4,2,4,2,2,2,2,2,2,4,2,2,4,4,2,4,2,2,2,2,2
1401,9,6,6,10,10,10,10,4,10,2,2,10,4,2,6,2,4,4,4,6,4,4,2,6,6
1402,6,6,2,10,10,4,4,2,6,4,6,10,6,4,10,6,2,2,6,9,6,6,4,4,4
1403,4,4,2,10,10,2,2,4,2,2,4,2,2,6,6,2,4,4,4,2,2,2,2,2,2
1404,4,4,2,2,2,2,2,6,2,2,4,2,4,2,2,4,2,2,4,4,2,2,4,2,2
1405,2,4,4,2,2,4,2,9,4,2,4,2,6,2,2,2,2,2,2,2,2,2,2,4,4
1406,2,2,2,2,2,2,2,4,4,4,4,2,6,4,2,2,2,2,2,2,2,2,4,2,2
1407,2,2,4,2,2,4,4,2,2,4,10,4,2,4,4,4,4,4,4,2,6,6,2,4,4
1408,2,4,6,4,4,4,2,2,2,2,4,4,2,2,4,2,2,2,2,2,6,6,6,4,4
1409,4,2,4,2,2,2,2,2,2,2,2,4,2,4,4,2,2,2,2,2,2,2,4,2,2
1410,4,4,2,2,2,6,4,2,4,2,2,4,2,2,2,2,4,4,2,2,4,4,4,6,6
1411,2,2,6,2,2,2,2,6,2,6,2,2,4,2,2,4,4,4,2,2,2,2,2,2,2
1412,4,2,2,2,2,4,2,2,6,10,2,2,2,4,2,4,4,4,4,2,2,2,2,4,4
1413,2,6,2,2,2,2,4,2,4,2,2,2,2,2,2,6,2,2,2,4,2,2,2,2,2
1414,2,2,2,2,2,4,2,2,2,10,4,2,4,2,2,2,4,4,4,4,2,2,2,2,2
1415,2,2,4,2,2,2,6,2,2,2,2,2,2,4,2,2,2,2,4,2,4,4,2,2,2
1416,2,2,4,2,2,2,2,2,2,2,2,2,2,4,2,2,4,4,4,2,4,4,2,2,2
1417,2,2,2,2,2,2,2,2,2,2,2,2,2,2,2,4,4,4,2,2,2,2,2,2,2
1418,2,2,2,2,2,2,2,2,2,2,2,2,2,2,2,2,2,2,2,2,2,2,2,2,2
1419,2,2,2,2,2,2,2,2,2,2,2,2,2,2,2,2,2,2,2,2,2,2,2,2,2
1420,2,2,2,2,2,2,2,2,2,2,2,2,2,2,2,2,2,2,2,2,2,2,2,2,2
1421,2,4,2,4,4,2,4,2,2,2,2,2,2,4,2,2,4,4,2,4,2,2,2,2,2
1422,9,6,6,10,10,10,10,4,10,2,2,10,4,2,6,2,4,4,4,6,4,4,2,6,6
1423,6,6,2,10,10,4,4,2,6,4,6,10,6,4,10,6,2,2,6,9,6,6,4,4,4
1424,4,4,2,10,10,2,2,4,2,2,4,2,2,6,6,2,4,4,4,2,2,2,2,2,2
1425,4,4,2,2,2,2,2,6,2,2,4,2,4,2,2,4,2,2,4,4,2,2,4,2,2
1426,2,4,4,2,2,4,2,9,4,2,4,2,6,2,2,2,2,2,2,2,2,2,2,4,4
1427,2,2,2,2,2,2,2,4,4,4,4,2,6,4,2,2,2,2,2,2,2,2,4,2,2
1428,2,2,4,2,2,4,4,2,2,4,10,4,2,4,4,4,4,4,4,2,6,6,2,4,4
1429,2,4,6,4,4,4,2,2,2,2,4,4,2,2,4,2,2,2,2,2,6,6,6,4,4
1430,4,2,4,2,2,2,2,2,2,2,2,4,2,4,4,2,2,2,2,2,2,2,4,2,2
1431,4,4,2,2,2,6,4,2,4,2,2,4,2,2,2,2,4,4,2,2,4,4,4,6,6
1432,2,2,6,2,2,2,2,6,2,6,2,2,4,2,2,4,4,4,2,2,2,2,2,2,2
1433,4,2,2,2,2,4,2,2,6,10,2,2,2,4,2,4,4,4,4,2,2,2,2,4,4
1434,2,6,2,2,2,2,4,2,4,2,2,2,2,2,2,6,2,2,2,4,2,2,2,2,2
1435,2,2,2,2,2,4,2,2,2,10,4,2,4,2,2,2,4,4,4,4,2,2,2,2,2
1436,2,2,4,2,2,2,6,2,2,2,2,2,2,4,2,2,2,2,4,2,4,4,2,2,2
1437,2,2,4,2,2,2,2,2,2,2,2,2,2,4,2,2,4,4,4,2,4,4,2,2,2
1438,2,2,2,2,2,2,2,2,2,2,2,2,2,2,2,4,4,4,2,2,2,2,2,2,2
1439,2,2,2,2,2,2,2,2,2,2,2,2,2,2,2,2,2,2,2,2,2,2,2,2,2
1440,2,2,2,2,2,2,2,2,2,2,2,2,2,2,2,2,2,2,2,2,2,2,2,2,2
1441,2,2,2,2,2,2,2,2,2,2,2,2,2,2,2,2,2,2,2,2,2,2,2,2,2
1442,2,4,2,4,4,2,4,2,2,2,2,2,2,4,2,2,4,4,2,4,2,2,2,2,2
1443,9,6,6,10,10,10,10,4,10,2,2,10,4,2,6,2,4,4,4,6,4,4,2,6,6
1444,6,6,2,10,10,4,4,2,6,4,6,10,6,4,10,6,2,2,6,9,6,6,4,4,4
1445,4,4,2,10,10,2,2,4,2,2,4,2,2,6,6,2,4,4,4,2,2,2,2,2,2
1446,4,4,2,2,2,2,2,6,2,2,4,2,4,2,2,4,2,2,4,4,2,2,4,2,2
1447,2,4,4,2,2,4,2,9,4,2,4,2,6,2,2,2,2,2,2,2,2,2,2,4,4
1448,2,2,2,2,2,2,2,4,4,4,4,2,6,4,2,2,2,2,2,2,2,2,4,2,2
1449,2,2,4,2,2,4,4,2,2,4,10,4,2,4,4,4,4,4,4,2,6,6,2,4,4
1450,2,4,6,4,4,4,2,2,2,2,4,4,2,2,4,2,2,2,2,2,6,6,6,4,4
1451,4,2,4,2,2,2,2,2,2,2,2,4,2,4,4,2,2,2,2,2,2,2,4,2,2
1452,4,4,2,2,2,6,4,2,4,2,2,4,2,2,2,2,4,4,2,2,4,4,4,6,6
1453,2,2,6,2,2,2,2,6,2,6,2,2,4,2,2,4,4,4,2,2,2,2,2,2,2
1454,4,2,2,2,2,4,2,2,6,10,2,2,2,4,2,4,4,4,4,2,2,2,2,4,4
1455,2,6,2,2,2,2,4,2,4,2,2,2,2,2,2,6,2,2,2,4,2,2,2,2,2
1456,2,2,2,2,2,4,2,2,2,10,4,2,4,2,2,2,4,4,4,4,2,2,2,2,2
1457,2,2,4,2,2,2,6,2,2,2,2,2,2,4,2,2,2,2,4,2,4,4,2,2,2
1458,2,2,4,2,2,2,2,2,2,2,2,2,2,4,2,2,4,4,4,2,4,4,2,2,2
1459,2,2,2,2,2,2,2,2,2,2,2,2,2,2,2,4,4,4,2,2,2,2,2,2,2
1460,2,2,2,2,2,2,2,2,2,2,2,2,2,2,2,2,2,2,2,2,2,2,2,2,2
1461,2,2,2,2,2,2,2,2,2,2,2,2,2,2,2,2,2,2,2,2,2,2,2,2,2
1462,2,2,2,2,2,2,2,2,2,2,2,2,2,2,2,2,2,2,2,2,2,2,2,2,2
1463,2,4,2,4,4,2,4,2,2,2,2,2,2,4,2,2,4,4,2,4,2,2,2,2,2
1464,9,6,6,10,10,10,10,4,10,2,2,10,4,2,6,2,4,4,4,6,4,4,2,6,6
1465,6,6,2,10,10,4,4,2,6,4,6,10,6,4,10,6,2,2,6,9,6,6,4,4,4
1466,4,4,2,10,10,2,2,4,2,2,4,2,2,6,6,2,4,4,4,2,2,2,2,2,2
1467,4,4,2,2,2,2,2,6,2,2,4,2,4,2,2,4,2,2,4,4,2,2,4,2,2
1468,2,4,4,2,2,4,2,9,4,2,4,2,6,2,2,2,2,2,2,2,2,2,2,4,4
1469,2,2,2,2,2,2,2,4,4,4,4,2,6,4,2,2,2,2,2,2,2,2,4,2,2
1470,2,2,4,2,2,4,4,2,2,4,10,4,2,4,4,4,4,4,4,2,6,6,2,4,4
1471,2,4,6,4,4,4,2,2,2,2,4,4,2,2,4,2,2,2,2,2,6,6,6,4,4
1472,4,2,4,2,2,2,2,2,2,2,2,4,2,4,4,2,2,2,2,2,2,2,4,2,2
1473,4,4,2,2,2,6,4,2,4,2,2,4,2,2,2,2,4,4,2,2,4,4,4,6,6
1474,2,2,6,2,2,2,2,6,2,6,2,2,4,2,2,4,4,4,2,2,2,2,2,2,2
1475,4,2,2,2,2,4,2,2,6,10,2,2,2,4,2,4,4,4,4,2,2,2,2,4,4
1476,2,6,2,2,2,2,4,2,4,2,2,2,2,2,2,6,2,2,2,4,2,2,2,2,2
1477,2,2,2,2,2,4,2,2,2,10,4,2,4,2,2,2,4,4,4,4,2,2,2,2,2
1478,2,2,4,2,2,2,6,2,2,2,2,2,2,4,2,2,2,2,4,2,4,4,2,2,2
1479,2,2,4,2,2,2,2,2,2,2,2,2,2,4,2,2,4,4,4,2,4,4,2,2,2
1480,2,2,2,2,2,2,2,2,2,2,2,2,2,2,2,4,4,4,2,2,2,2,2,2,2
1481,2,2,2,2,2,2,2,2,2,2,2,2,2,2,2,2,2,2,2,2,2,2,2,2,2
1482,2,2,2,2,2,2,2,2,2,2,2,2,2,2,2,2,2,2,2,2,2,2,2,2,2
1483,2,2,2,2,2,2,2,2,2,2,2,2,2,2,2,2,2,2,2,2,2,2,2,2,2
1484,2,4,2,4,4,2,4,2,2,2,2,2,2,4,2,2,4,4,2,4,2,2,2,2,2
1485,9,6,6,10,10,10,10,4,10,2,2,10,4,2,6,2,4,4,4,6,4,4,2,6,6
1486,6,6,2,10,10,4,4,2,6,4,6,10,6,4,10,6,2,2,6,9,6,6,4,4,4
1487,4,4,2,10,10,2,2,4,2,2,4,2,2,6,6,2,4,4,4,2,2,2,2,2,2
1488,4,4,2,2,2,2,2,6,2,2,4,2,4,2,2,4,2,2,4,4,2,2,4,2,2
1489,2,4,4,2,2,4,2,9,4,2,4,2,6,2,2,2,2,2,2,2,2,2,2,4,4
1490,2,2,2,2,2,2,2,4,4,4,4,2,6,4,2,2,2,2,2,2,2,2,4,2,2
1491,2,2,4,2,2,4,4,2,2,4,10,4,2,4,4,4,4,4,4,2,6,6,2,4,4
1492,2,4,6,4,4,4,2,2,2,2,4,4,2,2,4,2,2,2,2,2,6,6,6,4,4
1493,4,2,4,2,2,2,2,2,2,2,2,4,2,4,4,2,2,2,2,2,2,2,4,2,2
1494,4,4,2,2,2,6,4,2,4,2,2,4,2,2,2,2,4,4,2,2,4,4,4,6,6
1495,2,2,6,2,2,2,2,6,2,6,2,2,4,2,2,4,4,4,2,2,2,2,2,2,2
1496,4,2,2,2,2,4,2,2,6,10,2,2,2,4,2,4,4,4,4,2,2,2,2,4,4
1497,2,6,2,2,2,2,4,2,4,2,2,2,2,2,2,6,2,2,2,4,2,2,2,2,2
1498,2,2,2,2,2,4,2,2,2,10,4,2,4,2,2,2,4,4,4,4,2,2,2,2,2
1499,2,2,4,2,2,2,6,2,2,2,2,2,2,4,2,2,2,2,4,2,4,4,2,2,2
1500,2,2,4,2,2,2,2,2,2,2,2,2,2,4,2,2,4,4,4,2,4,4,2,2,2
1501,2,2,2,2,2,2,2,2,2,2,2,2,2,2,2,4,4,4,2,2,2,2,2,2,2
1502,2,2,2,2,2,2,2,2,2,2,2,2,2,2,2,2,2,2,2,2,2,2,2,2,2
1503,2,2,2,2,2,2,2,2,2,2,2,2,2,2,2,2,2,2,2,2,2,2,2,2,2
1504,2,2,2,2,2,2,2,2,2,2,2,2,2,2,2,2,2,2,2,2,2,2,2,2,2
1505,2,4,2,4,4,2,4,2,2,2,2,2,2,4,2,2,4,4,2,4,2,2,2,2,2
1506,9,6,6,10,10,10,10,4,10,2,2,10,4,2,6,2,4,4,4,6,4,4,2,6,6
1507,6,6,2,10,10,4,4,2,6,4,6,10,6,4,10,6,2,2,6,9,6,6,4,4,4
1508,4,4,2,10,10,2,2,4,2,2,4,2,2,6,6,2,4,4,4,2,2,2,2,2,2
1509,4,4,2,2,2,2,2,6,2,2,4,2,4,2,2,4,2,2,4,4,2,2,4,2,2
1510,2,4,4,2,2,4,2,9,4,2,4,2,6,2,2,2,2,2,2,2,2,2,2,4,4
1511,2,2,2,2,2,2,2,4,4,4,4,2,6,4,2,2,2,2,2,2,2,2,4,2,2
1512,2,2,4,2,2,4,4,2,2,4,10,4,2,4,4,4,4,4,4,2,6,6,2,4,4
1513,2,4,6,4,4,4,2,2,2,2,4,4,2,2,4,2,2,2,2,2,6,6,6,4,4
1514,4,2,4,2,2,2,2,2,2,2,2,4,2,4,4,2,2,2,2,2,2,2,4,2,2
1515,4,4,2,2,2,6,4,2,4,2,2,4,2,2,2,2,4,4,2,2,4,4,4,6,6
1516,2,2,6,2,2,2,2,6,2,6,2,2,4,2,2,4,4,4,2,2,2,2,2,2,2
1517,4,2,2,2,2,4,2,2,6,10,2,2,2,4,2,4,4,4,4,2,2,2,2,4,4
1518,2,6,2,2,2,2,4,2,4,2,2,2,2,2,2,6,2,2,2,4,2,2,2,2,2
1519,2,2,2,2,2,4,2,2,2,10,4,2,4,2,2,2,4,4,4,4,2,2,2,2,2
1520,2,2,4,2,2,2,6,2,2,2,2,2,2,4,2,2,2,2,4,2,4,4,2,2,2
1521,2,2,4,2,2,2,2,2,2,2,2,2,2,4,2,2,4,4,4,2,4,4,2,2,2
1522,2,2,2,2,2,2,2,2,2,2,2,2,2,2,2,4,4,4,2,2,2,2,2,2,2
1523,2,2,2,2,2,2,2,2,2,2,2,2,2,2,2,2,2,2,2,2,2,2,2,2,2
1524,2,2,2,2,2,2,2,2,2,2,2,2,2,2,2,2,2,2,2,2,2,2,2,2,2
1525,2,2,2,2,2,2,2,2,2,2,2,2,2,2,2,2,2,2,2,2,2,2,2,2,2
1526,2,4,2,4,4,2,4,2,2,2,2,2,2,4,2,2,4,4,2,4,2,2,2,2,2
1527,9,6,6,10,10,10,10,4,10,2,2,10,4,2,6,2,4,4,4,6,4,4,2,6,6
1528,6,6,2,10,10,4,4,2,6,4,6,10,6,4,10,6,2,2,6,9,6,6,4,4,4
1529,4,4,2,10,10,2,2,4,2,2,4,2,2,6,6,2,4,4,4,2,2,2,2,2,2
1530,4,4,2,2,2,2,2,6,2,2,4,2,4,2,2,4,2,2,4,4,2,2,4,2,2
1531,2,4,4,2,2,4,2,9,4,2,4,2,6,2,2,2,2,2,2,2,2,2,2,4,4
1532,2,2,2,2,2,2,2,4,4,4,4,2,6,4,2,2,2,2,2,2,2,2,4,2,2
1533,2,2,4,2,2,4,4,2,2,4,10,4,2,4,4,4,4,4,4,2,6,6,2,4,4
1534,2,4,6,4,4,4,2,2,2,2,4,4,2,2,4,2,2,2,2,2,6,6,6,4,4
1535,4,2,4,2,2,2,2,2,2,2,2,4,2,4,4,2,2,2,2,2,2,2,4,2,2
1536,4,4,2,2,2,6,4,2,4,2,2,4,2,2,2,2,4,4,2,2,4,4,4,6,6
1537,2,2,6,2,2,2,2,6,2,6,2,2,4,2,2,4,4,4,2,2,2,2,2,2,2
1538,4,2,2,2,2,4,2,2,6,10,2,2,2,4,2,4,4,4,4,2,2,2,2,4,4
1539,2,6,2,2,2,2,4,2,4,2,2,2,2,2,2,6,2,2,2,4,2,2,2,2,2
1540,2,2,2,2,2,4,2,2,2,10,4,2,4,2,2,2,4,4,4,4,2,2,2,2,2
1541,2,2,4,2,2,2,6,2,2,2,2,2,2,4,2,2,2,2,4,2,4,4,2,2,2
1542,2,2,4,2,2,2,2,2,2,2,2,2,2,4,2,2,4,4,4,2,4,4,2,2,2
1543,2,2,2,2,2,2,2,2,2,2,2,2,2,2,2,4,4,4,2,2,2,2,2,2,2
1544,2,2,2,2,2,2,2,2,2,2,2,2,2,2,2,2,2,2,2,2,2,2,2,2,2
1545,2,2,2,2,2,2,2,2,2,2,2,2,2,2,2,2,2,2,2,2,2,2,2,2,2
1546,2,2,2,2,2,2,2,2,2,2,2,2,2,2,2,2,2,2,2,2,2,2,2,2,2
1547,2,4,2,4,4,2,4,2,2,2,2,2,2,4,2,2,4,4,2,4,2,2,2,2,2
1548,9,6,6,10,10,10,10,4,10,2,2,10,4,2,6,2,4,4,4,6,4,4,2,6,6
1549,6,6,2,10,10,4,4,2,6,4,6,10,6,4,10,6,2,2,6,9,6,6,4,4,4
1550,4,4,2,10,10,2,2,4,2,2,4,2,2,6,6,2,4,4,4,2,2,2,2,2,2
1551,4,4,2,2,2,2,2,6,2,2,4,2,4,2,2,4,2,2,4,4,2,2,4,2,2
1552,2,4,4,2,2,4,2,9,4,2,4,2,6,2,2,2,2,2,2,2,2,2,2,4,4
1553,2,2,2,2,2,2,2,4,4,4,4,2,6,4,2,2,2,2,2,2,2,2,4,2,2
1554,2,2,4,2,2,4,4,2,2,4,10,4,2,4,4,4,4,4,4,2,6,6,2,4,4
1555,2,4,6,4,4,4,2,2,2,2,4,4,2,2,4,2,2,2,2,2,6,6,6,4,4
1556,4,2,4,2,2,2,2,2,2,2,2,4,2,4,4,2,2,2,2,2,2,2,4,2,2
1557,4,4,2,2,2,6,4,2,4,2,2,4,2,2,2,2,4,4,2,2,4,4,4,6,6
1558,2,2,6,2,2,2,2,6,2,6,2,2,4,2,2,4,4,4,2,2,2,2,2,2,2
1559,4,2,2,2,2,4,2,2,6,10,2,2,2,4,2,4,4,4,4,2,2,2,2,4,4
1560,2,6,2,2,2,2,4,2,4,2,2,2,2,2,2,6,2,2,2,4,2,2,2,2,2
1561,2,2,2,2,2,4,2,2,2,10,4,2,4,2,2,2,4,4,4,4,2,2,2,2,2
1562,2,2,4,2,2,2,6,2,2,2,2,2,2,4,2,2,2,2,4,2,4,4,2,2,2
1563,2,2,4,2,2,2,2,2,2,2,2,2,2,4,2,2,4,4,4,2,4,4,2,2,2
1564,2,2,2,2,2,2,2,2,2,2,2,2,2,2,2,4,4,4,2,2,2,2,2,2,2
1565,2,2,2,2,2,2,2,2,2,2,2,2,2,2,2,2,2,2,2,2,2,2,2,2,2
1566,2,2,2,2,2,2,2,2,2,2,2,2,2,2,2,2,2,2,2,2,2,2,2,2,2
1567,2,2,2,2,2,2,2,2,2,2,2,2,2,2,2,2,2,2,2,2,2,2,2,2,2
1568,2,4,2,4,4,2,4,2,2,2,2,2,2,4,2,2,4,4,2,4,2,2,2,2,2
1569,9,6,6,10,10,10,10,4,10,2,2,10,4,2,6,2,4,4,4,6,4,4,2,6,6
1570,6,6,2,10,10,4,4,2,6,4,6,10,6,4,10,6,2,2,6,9,6,6,4,4,4
1571,4,4,2,10,10,2,2,4,2,2,4,2,2,6,6,2,4,4,4,2,2,2,2,2,2
1572,4,4,2,2,2,2,2,6,2,2,4,2,4,2,2,4,2,2,4,4,2,2,4,2,2
1573,2,4,4,2,2,4,2,9,4,2,4,2,6,2,2,2,2,2,2,2,2,2,2,4,4
1574,2,2,2,2,2,2,2,4,4,4,4,2,6,4,2,2,2,2,2,2,2,2,4,2,2
1575,2,2,4,2,2,4,4,2,2,4,10,4,2,4,4,4,4,4,4,2,6,6,2,4,4
1576,2,4,6,4,4,4,2,2,2,2,4,4,2,2,4,2,2,2,2,2,6,6,6,4,4
1577,4,2,4,2,2,2,2,2,2,2,2,4,2,4,4,2,2,2,2,2,2,2,4,2,2
1578,4,4,2,2,2,6,4,2,4,2,2,4,2,2,2,2,4,4,2,2,4,4,4,6,6
1579,2,2,6,2,2,2,2,6,2,6,2,2,4,2,2,4,4,4,2,2,2,2,2,2,2
1580,4,2,2,2,2,4,2,2,6,10,2,2,2,4,2,4,4,4,4,2,2,2,2,4,4
1581,2,6,2,2,2,2,4,2,4,2,2,2,2,2,2,6,2,2,2,4,2,2,2,2,2
1582,2,2,2,2,2,4,2,2,2,10,4,2,4,2,2,2,4,4,4,4,2,2,2,2,2
1583,2,2,4,2,2,2,6,2,2,2,2,2,2,4,2,2,2,2,4,2,4,4,2,2,2
1584,2,2,4,2,2,2,2,2,2,2,2,2,2,4,2,2,4,4,4,2,4,4,2,2,2
1585,2,2,2,2,2,2,2,2,2,2,2,2,2,2,2,4,4,4,2,2,2,2,2,2,2
1586,2,2,2,2,2,2,2,2,2,2,2,2,2,2,2,2,2,2,2,2,2,2,2,2,2
1587,2,2,2,2,2,2,2,2,2,2,2,2,2,2,2,2,2,2,2,2,2,2,2,2,2
1588,2,2,2,2,2,2,2,2,2,2,2,2,2,2,2,2,2,2,2,2,2,2,2,2,2
1589,2,4,2,4,4,2,4,2,2,2,2,2,2,4,2,2,4,4,2,4,2,2,2,2,2
1590,9,6,6,10,10,10,10,4,10,2,2,10,4,2,6,2,4,4,4,6,4,4,2,6,6
1591,6,6,2,10,10,4,4,2,6,4,6,10,6,4,10,6,2,2,6,9,6,6,4,4,4
1592,4,4,2,10,10,2,2,4,2,2,4,2,2,6,6,2,4,4,4,2,2,2,2,2,2
1593,4,4,2,2,2,2,2,6,2,2,4,2,4,2,2,4,2,2,4,4,2,2,4,2,2
1594,2,4,4,2,2,4,2,9,4,2,4,2,6,2,2,2,2,2,2,2,2,2,2,4,4
1595,2,2,2,2,2,2,2,4,4,4,4,2,6,4,2,2,2,2,2,2,2,2,4,2,2
1596,2,2,4,2,2,4,4,2,2,4,10,4,2,4,4,4,4,4,4,2,6,6,2,4,4
1597,2,4,6,4,4,4,2,2,2,2,4,4,2,2,4,2,2,2,2,2,6,6,6,4,4
1598,4,2,4,2,2,2,2,2,2,2,2,4,2,4,4,2,2,2,2,2,2,2,4,2,2
1599,4,4,2,2,2,6,4,2,4,2,2,4,2,2,2,2,4,4,2,2,4,4,4,6,6
1600,2,2,6,2,2,2,2,6,2,6,2,2,4,2,2,4,4,4,2,2,2,2,2,2,2
1601,4,2,2,2,2,4,2,2,6,10,2,2,2,4,2,4,4,4,4,2,2,2,2,4,4
1602,2,6,2,2,2,2,4,2,4,2,2,2,2,2,2,6,2,2,2,4,2,2,2,2,2
1603,2,2,2,2,2,4,2,2,2,10,4,2,4,2,2,2,4,4,4,4,2,2,2,2,2
1604,2,2,4,2,2,2,6,2,2,2,2,2,2,4,2,2,2,2,4,2,4,4,2,2,2
1605,2,2,4,2,2,2,2,2,2,2,2,2,2,4,2,2,4,4,4,2,4,4,2,2,2
1606,2,2,2,2,2,2,2,2,2,2,2,2,2,2,2,4,4,4,2,2,2,2,2,2,2
1607,2,2,2,2,2,2,2,2,2,2,2,2,2,2,2,2,2,2,2,2,2,2,2,2,2
1608,2,2,2,2,2,2,2,2,2,2,2,2,2,2,2,2,2,2,2,2,2,2,2,2,2
1609,2,2,2,2,2,2,2,2,2,2,2,2,2,2,2,2,2,2,2,2,2,2,2,2,2
1610,2,4,2,4,4,2,4,2,2,2,2,2,2,4,2,2,4,4,2,4,2,2,2,2,2
1611,9,6,6,10,10,10,10,4,10,2,2,10,4,2,6,2,4,4,4,6,4,4,2,6,6
1612,6,6,2,10,10,4,4,2,6,4,6,10,6,4,10,6,2,2,6,9,6,6,4,4,4
1613,4,4,2,10,10,2,2,4,2,2,4,2,2,6,6,2,4,4,4,2,2,2,2,2,2
1614,4,4,2,2,2,2,2,6,2,2,4,2,4,2,2,4,2,2,4,4,2,2,4,2,2
1615,2,4,4,2,2,4,2,9,4,2,4,2,6,2,2,2,2,2,2,2,2,2,2,4,4
1616,2,2,2,2,2,2,2,4,4,4,4,2,6,4,2,2,2,2,2,2,2,2,4,2,2
1617,2,2,4,2,2,4,4,2,2,4,10,4,2,4,4,4,4,4,4,2,6,6,2,4,4
1618,2,4,6,4,4,4,2,2,2,2,4,4,2,2,4,2,2,2,2,2,6,6,6,4,4
1619,4,2,4,2,2,2,2,2,2,2,2,4,2,4,4,2,2,2,2,2,2,2,4,2,2
1620,4,4,2,2,2,6,4,2,4,2,2,4,2,2,2,2,4,4,2,2,4,4,4,6,6
1621,2,2,6,2,2,2,2,6,2,6,2,2,4,2,2,4,4,4,2,2,2,2,2,2,2
1622,4,2,2,2,2,4,2,2,6,10,2,2,2,4,2,4,4,4,4,2,2,2,2,4,4
1623,2,6,2,2,2,2,4,2,4,2,2,2,2,2,2,6,2,2,2,4,2,2,2,2,2
1624,2,2,2,2,2,4,2,2,2,10,4,2,4,2,2,2,4,4,4,4,2,2,2,2,2
1625,2,2,4,2,2,2,6,2,2,2,2,2,2,4,2,2,2,2,4,2,4,4,2,2,2
1626,2,2,4,2,2,2,2,2,2,2,2,2,2,4,2,2,4,4,4,2,4,4,2,2,2
1627,2,2,2,2,2,2,2,2,2,2,2,2,2,2,2,4,4,4,2,2,2,2,2,2,2
1628,2,2,2,2,2,2,2,2,2,2,2,2,2,2,2,2,2,2,2,2,2,2,2,2,2
1629,2,2,2,2,2,2,2,2,2,2,2,2,2,2,2,2,2,2,2,2,2,2,2,2,2
1630,2,2,2,2,2,2,2,2,2,2,2,2,2,2,2,2,2,2,2,2,2,2,2,2,2
1631,2,4,2,4,4,2,4,2,2,2,2,2,2,4,2,2,4,4,2,4,2,2,2,2,2
1632,9,6,6,10,10,10,10,4,10,2,2,10,4,2,6,2,4,4,4,6,4,4,2,6,6
1633,6,6,2,10,10,4,4,2,6,4,6,10,6,4,10,6,2,2,6,9,6,6,4,4,4
1634,4,4,2,10,10,2,2,4,2,2,4,2,2,6,6,2,4,4,4,2,2,2,2,2,2
1635,4,4,2,2,2,2,2,6,2,2,4,2,4,2,2,4,2,2,4,4,2,2,4,2,2
1636,2,4,4,2,2,4,2,9,4,2,4,2,6,2,2,2,2,2,2,2,2,2,2,4,4
1637,2,2,2,2,2,2,2,4,4,4,4,2,6,4,2,2,2,2,2,2,2,2,4,2,2
1638,2,2,4,2,2,4,4,2,2,4,10,4,2,4,4,4,4,4,4,2,6,6,2,4,4
1639,2,4,6,4,4,4,2,2,2,2,4,4,2,2,4,2,2,2,2,2,6,6,6,4,4
1640,4,2,4,2,2,2,2,2,2,2,2,4,2,4,4,2,2,2,2,2,2,2,4,2,2
1641,4,4,2,2,2,6,4,2,4,2,2,4,2,2,2,2,4,4,2,2,4,4,4,6,6
1642,2,2,6,2,2,2,2,6,2,6,2,2,4,2,2,4,4,4,2,2,2,2,2,2,2
1643,4,2,2,2,2,4,2,2,6,10,2,2,2,4,2,4,4,4,4,2,2,2,2,4,4
1644,2,6,2,2,2,2,4,2,4,2,2,2,2,2,2,6,2,2,2,4,2,2,2,2,2
1645,2,2,2,2,2,4,2,2,2,10,4,2,4,2,2,2,4,4,4,4,2,2,2,2,2
1646,2,2,4,2,2,2,6,2,2,2,2,2,2,4,2,2,2,2,4,2,4,4,2,2,2
1647,2,2,4,2,2,2,2,2,2,2,2,2,2,4,2,2,4,4,4,2,4,4,2,2,2
1648,2,2,2,2,2,2,2,2,2,2,2,2,2,2,2,4,4,4,2,2,2,2,2,2,2
1649,2,2,2,2,2,2,2,2,2,2,2,2,2,2,2,2,2,2,2,2,2,2,2,2,2
1650,2,2,2,2,2,2,2,2,2,2,2,2,2,2,2,2,2,2,2,2,2,2,2,2,2
1651,2,2,2,2,2,2,2,2,2,2,2,2,2,2,2,2,2,2,2,2,2,2,2,2,2
1652,2,4,2,4,4,2,4,2,2,2,2,2,2,4,2,2,4,4,2,4,2,2,2,2,2
1653,9,6,6,10,10,10,10,4,10,2,2,10,4,2,6,2,4,4,4,6,4,4,2,6,6
1654,6,6,2,10,10,4,4,2,6,4,6,10,6,4,10,6,2,2,6,9,6,6,4,4,4
1655,4,4,2,10,10,2,2,4,2,2,4,2,2,6,6,2,4,4,4,2,2,2,2,2,2
1656,4,4,2,2,2,2,2,6,2,2,4,2,4,2,2,4,2,2,4,4,2,2,4,2,2
1657,2,4,4,2,2,4,2,9,4,2,4,2,6,2,2,2,2,2,2,2,2,2,2,4,4
1658,2,2,2,2,2,2,2,4,4,4,4,2,6,4,2,2,2,2,2,2,2,2,4,2,2
1659,2,2,4,2,2,4,4,2,2,4,10,4,2,4,4,4,4,4,4,2,6,6,2,4,4
1660,2,4,6,4,4,4,2,2,2,2,4,4,2,2,4,2,2,2,2,2,6,6,6,4,4
1661,4,2,4,2,2,2,2,2,2,2,2,4,2,4,4,2,2,2,2,2,2,2,4,2,2
1662,4,4,2,2,2,6,4,2,4,2,2,4,2,2,2,2,4,4,2,2,4,4,4,6,6
1663,2,2,6,2,2,2,2,6,2,6,2,2,4,2,2,4,4,4,2,2,2,2,2,2,2
1664,4,2,2,2,2,4,2,2,6,10,2,2,2,4,2,4,4,4,4,2,2,2,2,4,4
1665,2,6,2,2,2,2,4,2,4,2,2,2,2,2,2,6,2,2,2,4,2,2,2,2,2
1666,2,2,2,2,2,4,2,2,2,10,4,2,4,2,2,2,4,4,4,4,2,2,2,2,2
1667,2,2,4,2,2,2,6,2,2,2,2,2,2,4,2,2,2,2,4,2,4,4,2,2,2
1668,2,2,4,2,2,2,2,2,2,2,2,2,2,4,2,2,4,4,4,2,4,4,2,2,2
1669,2,2,2,2,2,2,2,2,2,2,2,2,2,2,2,4,4,4,2,2,2,2,2,2,2
1670,2,2,2,2,2,2,2,2,2,2,2,2,2,2,2,2,2,2,2,2,2,2,2,2,2
1671,2,2,2,2,2,2,2,2,2,2,2,2,2,2,2,2,2,2,2,2,2,2,2,2,2
1672,2,2,2,2,2,2,2,2,2,2,2,2,2,2,2,2,2,2,2,2,2,2,2,2,2
1673,2,4,2,4,4,2,4,2,2,2,2,2,2,4,2,2,4,4,2,4,2,2,2,2,2
1674,9,6,6,10,10,10,10,4,10,2,2,10,4,2,6,2,4,4,4,6,4,4,2,6,6
1675,6,6,2,10,10,4,4,2,6,4,6,10,6,4,10,6,2,2,6,9,6,6,4,4,4
1676,4,4,2,10,10,2,2,4,2,2,4,2,2,6,6,2,4,4,4,2,2,2,2,2,2
1677,4,4,2,2,2,2,2,6,2,2,4,2,4,2,2,4,2,2,4,4,2,2,4,2,2
1678,2,4,4,2,2,4,2,9,4,2,4,2,6,2,2,2,2,2,2,2,2,2,2,4,4
1679,2,2,2,2,2,2,2,4,4,4,4,2,6,4,2,2,2,2,2,2,2,2,4,2,2
1680,2,2,4,2,2,4,4,2,2,4,10,4,2,4,4,4,4,4,4,2,6,6,2,4,4
1681,2,4,6,4,4,4,2,2,2,2,4,4,2,2,4,2,2,2,2,2,6,6,6,4,4
1682,4,2,4,2,2,2,2,2,2,2,2,4,2,4,4,2,2,2,2,2,2,2,4,2,2
1683,4,4,2,2,2,6,4,2,4,2,2,4,2,2,2,2,4,4,2,2,4,4,4,6,6
1684,2,2,6,2,2,2,2,6,2,6,2,2,4,2,2,4,4,4,2,2,2,2,2,2,2
1685,4,2,2,2,2,4,2,2,6,10,2,2,2,4,2,4,4,4,4,2,2,2,2,4,4
1686,2,6,2,2,2,2,4,2,4,2,2,2,2,2,2,6,2,2,2,4,2,2,2,2,2
1687,2,2,2,2,2,4,2,2,2,10,4,2,4,2,2,2,4,4,4,4,2,2,2,2,2
1688,2,2,4,2,2,2,6,2,2,2,2,2,2,4,2,2,2,2,4,2,4,4,2,2,2
1689,2,2,4,2,2,2,2,2,2,2,2,2,2,4,2,2,4,4,4,2,4,4,2,2,2
1690,2,2,2,2,2,2,2,2,2,2,2,2,2,2,2,4,4,4,2,2,2,2,2,2,2
1691,2,2,2,2,2,2,2,2,2,2,2,2,2,2,2,2,2,2,2,2,2,2,2,2,2
1692,2,2,2,2,2,2,2,2,2,2,2,2,2,2,2,2,2,2,2,2,2,2,2,2,2
1693,2,2,2,2,2,2,2,2,2,2,2,2,2,2,2,2,2,2,2,2,2,2,2,2,2
1694,2,4,2,4,4,2,4,2,2,2,2,2,2,4,2,2,4,4,2,4,2,2,2,2,2
1695,9,6,6,10,10,10,10,4,10,2,2,10,4,2,6,2,4,4,4,6,4,4,2,6,6
1696,6,6,2,10,10,4,4,2,6,4,6,10,6,4,10,6,2,2,6,9,6,6,4,4,4
1697,4,4,2,10,10,2,2,4,2,2,4,2,2,6,6,2,4,4,4,2,2,2,2,2,2
1698,4,4,2,2,2,2,2,6,2,2,4,2,4,2,2,4,2,2,4,4,2,2,4,2,2
1699,2,4,4,2,2,4,2,9,4,2,4,2,6,2,2,2,2,2,2,2,2,2,2,4,4
1700,2,2,2,2,2,2,2,4,4,4,4,2,6,4,2,2,2,2,2,2,2,2,4,2,2
1701,2,2,4,2,2,4,4,2,2,4,10,4,2,4,4,4,4,4,4,2,6,6,2,4,4
1702,2,4,6,4,4,4,2,2,2,2,4,4,2,2,4,2,2,2,2,2,6,6,6,4,4
1703,4,2,4,2,2,2,2,2,2,2,2,4,2,4,4,2,2,2,2,2,2,2,4,2,2
1704,4,4,2,2,2,6,4,2,4,2,2,4,2,2,2,2,4,4,2,2,4,4,4,6,6
1705,2,2,6,2,2,2,2,6,2,6,2,2,4,2,2,4,4,4,2,2,2,2,2,2,2
1706,4,2,2,2,2,4,2,2,6,10,2,2,2,4,2,4,4,4,4,2,2,2,2,4,4
1707,2,6,2,2,2,2,4,2,4,2,2,2,2,2,2,6,2,2,2,4,2,2,2,2,2
1708,2,2,2,2,2,4,2,2,2,10,4,2,4,2,2,2,4,4,4,4,2,2,2,2,2
1709,2,2,4,2,2,2,6,2,2,2,2,2,2,4,2,2,2,2,4,2,4,4,2,2,2
1710,2,2,4,2,2,2,2,2,2,2,2,2,2,4,2,2,4,4,4,2,4,4,2,2,2
1711,2,2,2,2,2,2,2,2,2,2,2,2,2,2,2,4,4,4,2,2,2,2,2,2,2
1712,2,2,2,2,2,2,2,2,2,2,2,2,2,2,2,2,2,2,2,2,2,2,2,2,2
1713,2,2,2,2,2,2,2,2,2,2,2,2,2,2,2,2,2,2,2,2,2,2,2,2,2
1714,2,2,2,2,2,2,2,2,2,2,2,2,2,2,2,2,2,2,2,2,2,2,2,2,2
1715,2,4,2,4,4,2,4,2,2,2,2,2,2,4,2,2,4,4,2,4,2,2,2,2,2
1716,9,6,6,10,10,10,10,4,10,2,2,10,4,2,6,2,4,4,4,6,4,4,2,6,6
1717,6,6,2,10,10,4,4,2,6,4,6,10,6,4,10,6,2,2,6,9,6,6,4,4,4
1718,4,4,2,10,10,2,2,4,2,2,4,2,2,6,6,2,4,4,4,2,2,2,2,2,2
1719,4,4,2,2,2,2,2,6,2,2,4,2,4,2,2,4,2,2,4,4,2,2,4,2,2
1720,2,4,4,2,2,4,2,9,4,2,4,2,6,2,2,2,2,2,2,2,2,2,2,4,4
1721,2,2,2,2,2,2,2,4,4,4,4,2,6,4,2,2,2,2,2,2,2,2,4,2,2
1722,2,2,4,2,2,4,4,2,2,4,10,4,2,4,4,4,4,4,4,2,6,6,2,4,4
1723,2,4,6,4,4,4,2,2,2,2,4,4,2,2,4,2,2,2,2,2,6,6,6,4,4
1724,4,2,4,2,2,2,2,2,2,2,2,4,2,4,4,2,2,2,2,2,2,2,4,2,2
1725,4,4,2,2,2,6,4,2,4,2,2,4,2,2,2,2,4,4,2,2,4,4,4,6,6
1726,2,2,6,2,2,2,2,6,2,6,2,2,4,2,2,4,4,4,2,2,2,2,2,2,2
1727,4,2,2,2,2,4,2,2,6,10,2,2,2,4,2,4,4,4,4,2,2,2,2,4,4
1728,2,6,2,2,2,2,4,2,4,2,2,2,2,2,2,6,2,2,2,4,2,2,2,2,2
1729,2,2,2,2,2,4,2,2,2,10,4,2,4,2,2,2,4,4,4,4,2,2,2,2,2
1730,2,2,4,2,2,2,6,2,2,2,2,2,2,4,2,2,2,2,4,2,4,4,2,2,2
1731,2,2,4,2,2,2,2,2,2,2,2,2,2,4,2,2,4,4,4,2,4,4,2,2,2
1732,2,2,2,2,2,2,2,2,2,2,2,2,2,2,2,4,4,4,2,2,2,2,2,2,2
1733,2,2,2,2,2,2,2,2,2,2,2,2,2,2,2,2,2,2,2,2,2,2,2,2,2
1734,2,2,2,2,2,2,2,2,2,2,2,2,2,2,2,2,2,2,2,2,2,2,2,2,2
1735,2,2,2,2,2,2,2,2,2,2,2,2,2,2,2,2,2,2,2,2,2,2,2,2,2
1736,2,4,2,4,4,2,4,2,2,2,2,2,2,4,2,2,4,4,2,4,2,2,2,2,2
1737,9,6,6,10,10,10,10,4,10,2,2,10,4,2,6,2,4,4,4,6,4,4,2,6,6
1738,6,6,2,10,10,4,4,2,6,4,6,10,6,4,10,6,2,2,6,9,6,6,4,4,4
1739,4,4,2,10,10,2,2,4,2,2,4,2,2,6,6,2,4,4,4,2,2,2,2,2,2
1740,4,4,2,2,2,2,2,6,2,2,4,2,4,2,2,4,2,2,4,4,2,2,4,2,2
1741,2,4,4,2,2,4,2,9,4,2,4,2,6,2,2,2,2,2,2,2,2,2,2,4,4
1742,2,2,2,2,2,2,2,4,4,4,4,2,6,4,2,2,2,2,2,2,2,2,4,2,2
1743,2,2,4,2,2,4,4,2,2,4,10,4,2,4,4,4,4,4,4,2,6,6,2,4,4
1744,2,4,6,4,4,4,2,2,2,2,4,4,2,2,4,2,2,2,2,2,6,6,6,4,4
1745,4,2,4,2,2,2,2,2,2,2,2,4,2,4,4,2,2,2,2,2,2,2,4,2,2