1,2,3,4,5,6,7,8,9,10,11,12,13,14,15,16,17,18,19,20,21,22,23,24,25,26,27,28,29,30,31,32,33,34,35,36,37,38,39,40,41,42,43,44,45,46,47,48,49,50,51,52,53,54,55,56,57,58,59,60,61,62,63,64,65,66,67,68,69,70,71,72,73,74,75,76,77,78,79,80,81,82,83,84,85,86,87,88,89,90,91,92,93,94,95,96,97,98,99,100,101,102,103,104,105,106,107,108,109
1,1,1,18,1,18,1,1,1,62,26,7,7,7,7,7,7,7,7,7,12,12,12,12,12,10,10,10,10,30,361,5,2,1,2,10,13,240,363,3,33,435,2,1,1,1,13,1,1,1,15,114,115,1,22,3,1,1,1,1,1,1,1,1,1,1,1,1,1,1,1,1,1,1,1,1,1,1,1,1,1,1,1,1,1,1,1,1,1,1,1,1,1,1,1,1,1,1,1,1,1,1,1,1,1,1,1,1,1
1,1,1,19,2,19,1,1,1,113,26,7,7,7,7,7,7,7,7,7,12,12,12,12,12,10,10,10,10,30,219,12,2,1,2,10,3,251,420,5,33,116,14,1,1,1,13,1,1,1,15,109,117,1,22,3,1,1,1,1,1,1,1,1,1,1,1,1,1,1,1,1,1,1,1,1,1,1,1,1,1,1,1,1,1,1,1,1,1,1,1,1,1,1,1,1,1,1,1,1,1,1,1,1,1,1,1,1,1
1,1,1,26,7,26,1,1,1,115,26,7,7,7,7,7,7,7,7,7,12,12,12,12,12,10,10,10,10,30,363,60,44,1,1,10,20,252,421,1,33,436,48,21,1,6,13,1,1,1,15,108,118,1,22,3,1,1,1,1,1,1,1,1,1,1,1,1,1,1,1,1,1,1,1,1,1,1,1,1,1,1,1,1,1,1,1,1,1,1,1,1,1,1,1,1,1,1,1,1,1,1,1,1,1,1,1,1,1
1,1,1,21,5,21,1,1,1,62,26,7,7,7,7,7,7,7,7,7,12,12,12,12,12,10,10,10,10,30,361,5,2,1,2,10,21,239,422,5,33,437,27,1,1,1,13,1,1,1,15,110,118,1,22,3,1,1,1,1,1,1,1,1,1,1,1,1,1,1,1,1,1,1,1,1,1,1,1,1,1,1,1,1,1,1,1,1,1,1,1,1,1,1,1,1,1,1,1,1,1,1,1,1,1,1,1,1,1
1,1,1,22,6,22,1,1,1,115,26,7,7,7,7,7,7,7,7,7,12,12,12,12,12,10,10,10,10,30,225,19,8,1,1,10,4,420,415,5,33,436,48,21,1,6,13,1,1,1,15,109,114,1,22,3,1,1,1,1,1,1,1,1,1,1,1,1,1,1,1,1,1,1,1,1,1,1,1,1,1,1,1,1,1,1,1,1,1,1,1,1,1,1,1,1,1,1,1,1,1,1,1,1,1,1,1,1,1
1,1,1,23,4,23,1,1,1,58,26,7,7,7,7,7,7,7,7,7,12,12,12,12,12,10,10,10,10,30,364,14,2,1,2,10,10,239,422,5,33,437,27,1,1,1,13,1,1,1,15,116,118,1,22,3,1,1,1,1,1,1,1,1,1,1,1,1,1,1,1,1,1,1,1,1,1,1,1,1,1,1,1,1,1,1,1,1,1,1,1,1,1,1,1,1,1,1,1,1,1,1,1,1,1,1,1,1,1
1,1,1,1,1,1,1,1,1,3,26,7,7,7,7,7,7,7,7,7,12,12,12,12,12,10,10,10,10,30,4,4,4,2,3,10,2,4,3,4,33,3,3,2,2,2,13,2,3,1,15,4,3,1,22,3,1,1,1,1,1,1,1,1,1,1,1,1,1,1,1,1,1,1,1,1,1,1,1,1,1,1,1,1,1,1,1,1,1,1,1,1,1,1,1,1,1,1,1,1,1,1,1,1,1,1,1,1,1
1,1,1,2,2,2,1,1,1,16,26,7,7,7,7,7,7,7,7,7,12,12,12,12,12,10,10,10,10,30,365,77,60,3,10,10,22,421,258,16,33,438,92,59,3,4,13,1,1,1,15,117,114,1,22,3,2,29,14,2,71,1,1,1,1,1,1,1,1,1,1,1,1,1,1,1,1,1,1,1,1,1,1,1,1,1,1,1,1,1,1,1,1,1,1,1,1,1,1,1,1,1,1,1,1,1,1,1,1
1,1,1,27,7,27,1,1,1,49,26,7,7,7,7,7,7,7,7,7,12,12,12,12,12,10,10,10,10,30,366,127,110,3,5,10,57,422,423,7,33,439,145,109,3,15,13,1,1,1,15,19,113,1,22,3,41,4,47,2,42,1,1,1,1,1,1,1,1,1,1,1,1,1,1,1,1,1,1,1,1,1,1,1,1,1,1,1,1,1,1,1,1,1,1,1,1,1,1,1,1,1,1,1,1,1,1,1,1
1,1,1,29,5,29,1,1,1,5,26,7,7,7,7,7,7,7,7,7,12,12,12,12,12,10,10,10,10,30,220,1,1,1,1,10,52,423,424,7,33,440,37,16,1,6,13,1,1,1,15,70,116,1,22,3,1,1,1,1,1,1,1,1,1,1,1,1,1,1,1,1,1,1,1,1,1,1,1,1,1,1,1,1,1,1,1,1,1,1,1,1,1,1,1,1,1,1,1,1,1,1,1,1,1,1,1,1,1
1,1,1,30,6,30,1,1,1,81,26,7,7,7,7,7,7,7,7,7,12,12,12,12,12,10,10,10,10,30,4,4,4,2,3,10,2,4,3,4,33,3,3,2,2,2,13,2,2,1,15,4,3,1,22,3,1,1,1,1,1,1,1,1,1,1,1,1,1,1,1,1,1,1,1,1,1,1,1,1,1,1,1,1,1,1,1,1,1,1,1,1,1,1,1,1,1,1,1,1,1,1,1,1,1,1,1,1,1
1,1,1,4,4,4,1,1,1,58,26,7,7,7,7,7,7,7,7,7,12,12,12,12,12,10,10,10,10,30,367,40,26,3,12,10,5,424,425,8,33,441,146,110,3,16,13,1,1,1,15,124,114,1,22,3,2,47,3,2,72,1,1,1,1,1,1,1,1,1,1,1,1,1,1,1,1,1,1,1,1,1,1,1,1,1,1,1,1,1,1,1,1,1,1,1,1,1,1,1,1,1,1,1,1,1,1,1,1
1,1,1,5,1,5,1,1,1,70,26,7,7,7,7,7,7,7,7,7,12,12,12,12,12,10,10,10,10,30,368,128,111,3,12,10,50,425,426,5,33,442,147,111,3,9,13,1,1,1,15,9,66,1,22,3,2,48,2,2,2,1,1,1,1,1,1,1,1,1,1,1,1,1,1,1,1,1,1,1,1,1,1,1,1,1,1,1,1,1,1,1,1,1,1,1,1,1,1,1,1,1,1,1,1,1,1,1,1
1,1,1,6,2,6,1,1,1,13,26,7,7,7,7,7,7,7,7,7,12,12,12,12,12,10,10,10,10,30,369,109,92,3,6,10,13,426,427,5,33,443,51,24,3,10,13,1,1,1,15,114,118,1,22,3,2,4,3,2,54,1,1,1,1,1,1,1,1,1,1,1,1,1,1,1,1,1,1,1,1,1,1,1,1,1,1,1,1,1,1,1,1,1,1,1,1,1,1,1,1,1,1,1,1,1,1,1,1
1,1,1,28,7,28,1,1,1,16,26,7,7,7,7,7,7,7,7,7,12,12,12,12,12,10,10,10,10,30,213,2,2,1,2,10,13,427,428,3,33,116,14,1,1,1,13,1,1,1,15,114,115,1,22,3,1,1,1,1,1,1,1,1,1,1,1,1,1,1,1,1,1,1,1,1,1,1,1,1,1,1,1,1,1,1,1,1,1,1,1,1,1,1,1,1,1,1,1,1,1,1,1,1,1,1,1,1,1
1,1,1,31,5,31,1,1,1,48,26,7,7,7,7,7,7,7,7,7,12,12,12,12,12,10,10,10,10,30,219,12,2,1,2,10,7,415,416,8,33,430,78,1,1,3,13,1,1,1,15,131,113,1,22,3,1,1,1,1,1,1,1,1,1,1,1,1,1,1,1,1,1,1,1,1,1,1,1,1,1,1,1,1,1,1,1,1,1,1,1,1,1,1,1,1,1,1,1,1,1,1,1,1,1,1,1,1,1
1,1,1,8,3,8,1,1,1,56,27,8,8,8,8,8,8,8,8,8,1,1,1,1,1,1,1,1,1,22,274,13,2,1,2,6,14,428,429,8,34,444,78,1,1,3,12,1,1,1,5,39,67,1,7,1,1,1,1,1,1,1,1,1,1,1,1,1,1,1,1,1,1,1,1,1,1,1,1,1,1,1,1,1,1,1,1,1,1,1,1,1,1,1,1,1,1,1,1,1,1,1,1,1,1,1,1,1,1
1,1,1,9,5,9,1,1,1,9,28,16,16,16,16,16,12,12,12,12,1,1,1,1,1,1,1,1,1,31,370,17,2,1,1,3,18,341,430,9,35,190,11,1,1,3,10,1,1,1,16,118,108,1,22,3,1,1,1,1,1,1,1,1,1,1,1,1,1,1,1,1,1,1,1,1,1,1,1,1,1,1,1,1,1,1,1,1,1,1,1,1,1,1,1,1,1,1,1,1,1,1,1,1,1,1,1,1,1
1,1,1,10,6,10,1,1,1,116,28,16,16,16,16,16,12,12,12,12,1,1,1,1,1,1,1,1,1,31,371,129,2,1,14,3,18,129,408,14,35,197,109,1,1,3,10,1,1,1,16,115,108,1,22,3,1,1,1,1,1,1,1,1,1,1,1,1,1,1,1,1,1,1,1,1,1,1,1,1,1,1,1,1,1,1,1,1,1,1,1,1,1,1,1,1,1,1,1,1,1,1,1,1,1,1,1,1,1
1,1,1,11,4,11,1,1,1,82,28,16,16,16,16,16,12,12,12,12,1,1,1,1,1,1,1,1,1,31,356,13,2,1,2,3,8,409,179,15,35,445,15,1,1,3,10,1,1,1,16,109,117,1,22,3,1,1,1,1,1,1,1,1,1,1,1,1,1,1,1,1,1,1,1,1,1,1,1,1,1,1,1,1,1,1,1,1,1,1,1,1,1,1,1,1,1,1,1,1,1,1,1,1,1,1,1,1,1
1,1,1,12,1,12,1,1,1,21,28,16,16,16,16,16,12,12,12,12,1,1,1,1,1,1,1,1,1,31,306,15,2,1,2,3,18,144,183,8,35,426,89,1,1,3,10,1,1,1,16,132,115,1,22,3,1,1,1,1,1,1,1,1,1,1,1,1,1,1,1,1,1,1,1,1,1,1,1,1,1,1,1,1,1,1,1,1,1,1,1,1,1,1,1,1,1,1,1,1,1,1,1,1,1,1,1,1,1
1,1,1,13,2,13,1,1,1,8,28,16,16,16,16,16,12,12,12,12,1,1,1,1,1,1,1,1,1,31,107,2,2,1,2,3,14,429,181,7,35,198,25,1,1,3,10,1,1,1,16,109,102,1,22,3,1,1,1,1,1,1,1,1,1,1,1,1,1,1,1,1,1,1,1,1,1,1,1,1,1,1,1,1,1,1,1,1,1,1,1,1,1,1,1,1,1,1,1,1,1,1,1,1,1,1,1,1,1
1,1,1,14,3,14,1,1,1,90,28,16,16,16,16,16,12,12,12,12,1,1,1,1,1,1,1,1,1,31,159,57,2,1,14,3,18,44,431,9,35,194,110,1,1,3,10,1,1,1,16,124,118,1,22,3,1,1,1,1,1,1,1,1,1,1,1,1,1,1,1,1,1,1,1,1,1,1,1,1,1,1,1,1,1,1,1,1,1,1,1,1,1,1,1,1,1,1,1,1,1,1,1,1,1,1,1,1,1
1,1,1,25,7,25,1,1,1,63,28,16,16,16,16,16,12,12,12,12,1,1,1,1,1,1,1,1,1,31,370,17,2,1,1,3,3,131,432,29,35,362,46,1,1,1,10,1,1,1,16,105,107,1,22,3,1,1,1,1,1,1,1,1,1,1,1,1,1,1,1,1,1,1,1,1,1,1,1,1,1,1,1,1,1,1,1,1,1,1,1,1,1,1,1,1,1,1,1,1,1,1,1,1,1,1,1,1,1
1,1,1,15,5,15,1,1,1,66,28,16,16,16,16,16,12,12,12,12,1,1,1,1,1,1,1,1,1,31,356,13,2,1,2,3,14,116,321,35,35,446,14,1,1,1,10,1,1,1,16,105,110,1,22,3,1,1,1,1,1,1,1,1,1,1,1,1,1,1,1,1,1,1,1,1,1,1,1,1,1,1,1,1,1,1,1,1,1,1,1,1,1,1,1,1,1,1,1,1,1,1,1,1,1,1,1,1,1
1,1,1,16,6,16,1,1,1,62,28,16,16,16,16,16,12,12,12,12,1,1,1,1,1,1,1,1,1,31,305,1,1,1,1,3,18,430,181,29,35,446,14,1,1,1,10,1,1,1,16,110,107,1,22,3,1,1,1,1,1,1,1,1,1,1,1,1,1,1,1,1,1,1,1,1,1,1,1,1,1,1,1,1,1,1,1,1,1,1,1,1,1,1,1,1,1,1,1,1,1,1,1,1,1,1,1,1,1
1,1,1,17,4,17,1,1,1,57,28,16,16,16,16,16,12,12,12,12,1,1,1,1,1,1,1,1,1,31,356,13,2,1,2,3,19,137,413,5,35,424,148,1,1,3,10,1,1,1,16,132,108,1,22,3,1,1,1,1,1,1,1,1,1,1,1,1,1,1,1,1,1,1,1,1,1,1,1,1,1,1,1,1,1,1,1,1,1,1,1,1,1,1,1,1,1,1,1,1,1,1,1,1,1,1,1,1,1
1,1,1,18,1,18,1,1,1,47,28,16,16,16,16,16,12,12,12,12,1,1,1,1,1,1,1,1,1,31,372,14,2,1,2,3,18,116,433,5,35,332,44,1,1,3,10,1,1,1,16,133,115,1,22,3,1,1,1,1,1,1,1,1,1,1,1,1,1,1,1,1,1,1,1,1,1,1,1,1,1,1,1,1,1,1,1,1,1,1,1,1,1,1,1,1,1,1,1,1,1,1,1,1,1,1,1,1,1
1,1,1,19,2,19,1,1,1,13,28,16,16,16,16,16,12,12,12,12,1,1,1,1,1,1,1,1,1,31,373,25,12,3,4,3,15,120,434,3,35,340,40,1,1,1,10,1,1,1,16,133,116,1,22,3,1,1,1,1,1,1,1,1,1,1,1,1,1,1,1,1,1,1,1,1,1,1,1,1,1,1,1,1,1,1,1,1,1,1,1,1,1,1,1,1,1,1,1,1,1,1,1,1,1,1,1,1,1
1,1,1,20,3,20,1,1,1,64,28,16,16,16,16,16,12,12,12,12,1,1,1,1,1,1,1,1,1,31,374,48,34,1,1,3,58,349,219,3,35,230,149,112,3,4,10,1,1,1,16,47,93,1,22,3,2,4,48,2,5,1,1,1,1,1,1,1,1,1,1,1,1,1,1,1,1,1,1,1,1,1,1,1,1,1,1,1,1,1,1,1,1,1,1,1,1,1,1,1,1,1,1,1,1,1,1,1,1
1,1,1,26,7,26,1,1,1,2,28,16,16,16,16,16,12,12,12,12,1,1,1,1,1,1,1,1,1,31,356,13,2,1,2,3,18,107,409,10,35,190,11,1,1,3,10,1,1,1,16,110,109,1,22,3,1,1,1,1,1,1,1,1,1,1,1,1,1,1,1,1,1,1,1,1,1,1,1,1,1,1,1,1,1,1,1,1,1,1,1,1,1,1,1,1,1,1,1,1,1,1,1,1,1,1,1,1,1
1,1,1,21,5,21,1,1,1,103,28,16,16,16,16,16,12,12,12,12,1,1,1,1,1,1,1,1,1,31,375,5,2,1,2,3,5,431,322,8,35,427,28,1,1,3,10,1,1,1,16,121,107,1,22,3,1,1,1,1,1,1,1,1,1,1,1,1,1,1,1,1,1,1,1,1,1,1,1,1,1,1,1,1,1,1,1,1,1,1,1,1,1,1,1,1,1,1,1,1,1,1,1,1,1,1,1,1,1
1,1,1,22,6,22,1,1,1,69,28,16,16,16,16,16,12,12,12,12,1,1,1,1,1,1,1,1,1,31,376,93,76,1,1,3,38,432,135,7,35,447,34,15,1,6,10,1,1,1,16,25,109,1,22,3,1,1,1,1,1,1,1,1,1,1,1,1,1,1,1,1,1,1,1,1,1,1,1,1,1,1,1,1,1,1,1,1,1,1,1,1,1,1,1,1,1,1,1,1,1,1,1,1,1,1,1,1,1
1,1,1,23,4,23,1,1,1,44,28,16,16,16,16,16,12,12,12,12,1,1,1,1,1,1,1,1,1,31,107,2,2,1,2,3,9,409,186,5,35,195,91,1,1,3,10,1,1,1,16,134,116,1,22,3,1,1,1,1,1,1,1,1,1,1,1,1,1,1,1,1,1,1,1,1,1,1,1,1,1,1,1,1,1,1,1,1,1,1,1,1,1,1,1,1,1,1,1,1,1,1,1,1,1,1,1,1,1
1,1,1,1,1,1,1,1,1,67,28,16,16,16,16,16,12,12,12,12,1,1,1,1,1,1,1,1,1,31,375,5,2,1,2,3,12,122,140,1,35,338,17,7,1,6,10,1,1,1,16,30,106,1,22,3,1,1,1,1,1,1,1,1,1,1,1,1,1,1,1,1,1,1,1,1,1,1,1,1,1,1,1,1,1,1,1,1,1,1,1,1,1,1,1,1,1,1,1,1,1,1,1,1,1,1,1,1,1
1,1,1,2,2,2,1,1,1,66,28,16,16,16,16,16,12,12,12,12,1,1,1,1,1,1,1,1,1,31,194,41,27,3,4,3,15,127,435,14,35,448,43,19,1,6,10,1,1,1,16,123,110,1,22,3,1,1,1,1,1,1,1,1,1,1,1,1,1,1,1,1,1,1,1,1,1,1,1,1,1,1,1,1,1,1,1,1,1,1,1,1,1,1,1,1,1,1,1,1,1,1,1,1,1,1,1,1,1
1,1,1,3,3,3,1,1,1,23,28,16,16,16,16,16,12,12,12,12,1,1,1,1,1,1,1,1,1,31,377,75,58,3,4,3,9,433,317,8,35,449,48,21,1,6,10,1,1,1,16,132,118,1,22,3,1,1,1,1,1,1,1,1,1,1,1,1,1,1,1,1,1,1,1,1,1,1,1,1,1,1,1,1,1,1,1,1,1,1,1,1,1,1,1,1,1,1,1,1,1,1,1,1,1,1,1,1,1
1,1,1,27,7,27,1,1,1,56,28,16,16,16,16,16,12,12,12,12,1,1,1,1,1,1,1,1,1,31,372,14,2,1,2,3,3,431,436,2,35,366,30,1,1,1,10,1,1,1,16,117,118,1,22,3,1,1,1,1,1,1,1,1,1,1,1,1,1,1,1,1,1,1,1,1,1,1,1,1,1,1,1,1,1,1,1,1,1,1,1,1,1,1,1,1,1,1,1,1,1,1,1,1,1,1,1,1,1
1,1,1,29,5,29,1,1,1,66,28,16,16,16,16,16,12,12,12,12,1,1,1,1,1,1,1,1,1,31,378,81,64,3,4,3,10,434,189,5,35,146,59,31,3,7,10,1,1,1,16,123,108,1,22,3,2,4,3,2,73,1,1,1,1,1,1,1,1,1,1,1,1,1,1,1,1,1,1,1,1,1,1,1,1,1,1,1,1,1,1,1,1,1,1,1,1,1,1,1,1,1,1,1,1,1,1,1,1
1,1,1,30,6,30,1,1,1,42,28,16,16,16,16,16,12,12,12,12,1,1,1,1,1,1,1,1,1,31,379,7,5,3,4,3,8,435,437,30,35,450,108,75,3,10,10,1,1,1,16,30,101,1,22,3,2,4,23,2,58,1,1,1,1,1,1,1,1,1,1,1,1,1,1,1,1,1,1,1,1,1,1,1,1,1,1,1,1,1,1,1,1,1,1,1,1,1,1,1,1,1,1,1,1,1,1,1,1
1,1,1,4,4,4,1,1,1,7,28,16,16,16,16,16,12,12,12,12,1,1,1,1,1,1,1,1,1,31,108,96,79,3,4,3,1,122,438,15,35,338,17,7,1,6,10,1,1,1,16,116,110,1,22,3,1,1,1,1,1,1,1,1,1,1,1,1,1,1,1,1,1,1,1,1,1,1,1,1,1,1,1,1,1,1,1,1,1,1,1,1,1,1,1,1,1,1,1,1,1,1,1,1,1,1,1,1,1
1,1,1,5,1,5,1,1,1,43,28,16,16,16,16,16,12,12,12,12,1,1,1,1,1,1,1,1,1,31,309,130,112,3,7,3,1,224,439,13,35,135,80,49,3,5,10,1,1,1,16,106,108,1,22,3,20,4,3,2,74,1,1,1,1,1,1,1,1,1,1,1,1,1,1,1,1,1,1,1,1,1,1,1,1,1,1,1,1,1,1,1,1,1,1,1,1,1,1,1,1,1,1,1,1,1,1,1,1
1,1,1,6,2,6,1,1,1,88,28,16,16,16,16,16,12,12,12,12,1,1,1,1,1,1,1,1,1,31,310,131,113,3,7,3,14,348,439,14,35,158,111,76,3,4,10,1,1,1,16,110,109,1,22,3,2,4,3,2,63,1,1,1,1,1,1,1,1,1,1,1,1,1,1,1,1,1,1,1,1,1,1,1,1,1,1,1,1,1,1,1,1,1,1,1,1,1,1,1,1,1,1,1,1,1,1,1,1
1,1,1,7,3,7,1,1,1,21,28,16,16,16,16,16,12,12,12,12,1,1,1,1,1,1,1,1,1,31,373,25,12,3,4,3,17,436,191,19,35,139,51,24,3,10,10,1,1,1,16,33,106,1,22,3,2,4,29,2,12,1,1,1,1,1,1,1,1,1,1,1,1,1,1,1,1,1,1,1,1,1,1,1,1,1,1,1,1,1,1,1,1,1,1,1,1,1,1,1,1,1,1,1,1,1,1,1,1
1,1,1,28,7,28,1,1,1,81,28,16,16,16,16,16,12,12,12,12,1,1,1,1,1,1,1,1,1,31,107,2,2,1,2,3,7,128,440,8,35,204,36,1,1,3,10,1,1,1,16,132,108,1,22,3,1,1,1,1,1,1,1,1,1,1,1,1,1,1,1,1,1,1,1,1,1,1,1,1,1,1,1,1,1,1,1,1,1,1,1,1,1,1,1,1,1,1,1,1,1,1,1,1,1,1,1,1,1
1,1,1,31,5,31,1,1,1,56,28,16,16,16,16,16,12,12,12,12,1,1,1,1,1,1,1,1,1,31,39,16,2,1,2,3,14,437,409,3,35,201,39,1,1,3,10,1,1,1,16,114,110,1,22,3,1,1,1,1,1,1,1,1,1,1,1,1,1,1,1,1,1,1,1,1,1,1,1,1,1,1,1,1,1,1,1,1,1,1,1,1,1,1,1,1,1,1,1,1,1,1,1,1,1,1,1,1,1
1,1,1,8,3,8,1,1,1,105,29,7,7,7,7,7,7,7,7,7,13,13,13,13,13,11,11,11,11,32,380,15,2,1,2,7,13,303,185,6,36,49,24,1,1,1,10,1,1,1,18,15,26,1,23,2,1,1,1,1,1,1,1,1,1,1,1,1,1,1,1,1,1,1,1,1,1,1,1,1,1,1,1,1,1,1,1,1,1,1,1,1,1,1,1,1,1,1,1,1,1,1,1,1,1,1,1,1,1
1,1,1,24,7,24,1,1,1,92,29,7,7,7,7,7,7,7,7,7,13,13,13,13,13,11,11,11,11,21,264,35,21,1,1,7,14,300,315,6,4,451,54,27,1,6,4,1,1,1,18,9,8,1,23,2,1,1,1,1,1,1,1,1,1,1,1,1,1,1,1,1,1,1,1,1,1,1,1,1,1,1,1,1,1,1,1,1,1,1,1,1,1,1,1,1,1,1,1,1,1,1,1,1,1,1,1,1,1
1,1,1,9,5,9,1,1,1,78,29,7,7,7,7,7,7,7,7,7,13,13,13,13,13,11,11,11,11,21,381,94,77,3,4,7,9,174,431,11,4,333,65,37,3,7,4,1,1,1,18,36,8,1,23,2,2,4,3,2,59,1,1,1,1,1,1,1,1,1,1,1,1,1,1,1,1,1,1,1,1,1,1,1,1,1,1,1,1,1,1,1,1,1,1,1,1,1,1,1,1,1,1,1,1,1,1,1,1
1,1,1,10,6,10,1,1,1,101,29,7,7,7,7,7,7,7,7,7,13,13,13,13,13,11,11,11,11,21,262,2,2,1,2,7,15,438,55,5,4,327,66,1,1,1,4,1,1,1,18,35,9,1,23,2,1,1,1,1,1,1,1,1,1,1,1,1,1,1,1,1,1,1,1,1,1,1,1,1,1,1,1,1,1,1,1,1,1,1,1,1,1,1,1,1,1,1,1,1,1,1,1,1,1,1,1,1,1
1,1,1,11,4,11,1,1,1,33,29,7,7,7,7,7,7,7,7,7,13,13,13,13,13,11,11,11,11,21,266,5,2,1,2,7,20,299,50,11,4,59,1,1,1,1,4,1,1,1,18,9,12,1,23,2,1,1,1,1,1,1,1,1,1,1,1,1,1,1,1,1,1,1,1,1,1,1,1,1,1,1,1,1,1,1,1,1,1,1,1,1,1,1,1,1,1,1,1,1,1,1,1,1,1,1,1,1,1
1,1,1,12,1,12,1,1,1,30,29,7,7,7,7,7,7,7,7,7,13,13,13,13,13,11,11,11,11,21,263,13,2,1,2,7,1,295,441,6,4,43,2,1,1,1,4,1,1,1,18,36,14,1,23,2,1,1,1,1,1,1,1,1,1,1,1,1,1,1,1,1,1,1,1,1,1,1,1,1,1,1,1,1,1,1,1,1,1,1,1,1,1,1,1,1,1,1,1,1,1,1,1,1,1,1,1,1,1
1,1,1,13,2,13,1,1,1,78,29,7,7,7,7,7,7,7,7,7,13,13,13,13,13,11,11,11,11,21,154,15,2,1,2,7,13,173,407,7,4,418,24,1,1,1,4,1,1,1,18,15,9,1,23,2,1,1,1,1,1,1,1,1,1,1,1,1,1,1,1,1,1,1,1,1,1,1,1,1,1,1,1,1,1,1,1,1,1,1,1,1,1,1,1,1,1,1,1,1,1,1,1,1,1,1,1,1,1
1,1,1,14,3,14,1,1,1,13,29,7,7,7,7,7,7,7,7,7,13,13,13,13,13,11,11,11,11,32,152,19,8,1,1,7,15,439,431,6,36,417,54,27,1,6,10,1,1,1,18,36,12,1,23,2,1,1,1,1,1,1,1,1,1,1,1,1,1,1,1,1,1,1,1,1,1,1,1,1,1,1,1,1,1,1,1,1,1,1,1,1,1,1,1,1,1,1,1,1,1,1,1,1,1,1,1,1,1
1,1,1,25,7,25,1,1,1,95,29,7,7,7,7,7,7,7,7,7,13,13,13,13,13,11,11,11,11,21,382,27,13,3,4,7,1,171,175,7,4,331,34,15,1,6,4,1,1,1,18,14,10,1,23,2,1,1,1,1,1,1,1,1,1,1,1,1,1,1,1,1,1,1,1,1,1,1,1,1,1,1,1,1,1,1,1,1,1,1,1,1,1,1,1,1,1,1,1,1,1,1,1,1,1,1,1,1,1
1,1,1,15,5,15,1,1,1,34,29,7,7,7,7,7,7,7,7,7,13,13,13,13,13,11,11,11,11,21,148,6,2,1,2,7,14,438,442,6,4,58,23,1,1,1,4,1,1,1,18,14,12,1,23,2,1,1,1,1,1,1,1,1,1,1,1,1,1,1,1,1,1,1,1,1,1,1,1,1,1,1,1,1,1,1,1,1,1,1,1,1,1,1,1,1,1,1,1,1,1,1,1,1,1,1,1,1,1
1,1,1,16,6,16,1,1,1,39,29,7,7,7,7,7,7,7,7,7,13,13,13,13,13,11,11,11,11,21,238,12,2,1,2,7,18,440,350,6,4,360,29,1,1,3,4,1,1,1,18,40,10,1,23,2,1,1,1,1,1,1,1,1,1,1,1,1,1,1,1,1,1,1,1,1,1,1,1,1,1,1,1,1,1,1,1,1,1,1,1,1,1,1,1,1,1,1,1,1,1,1,1,1,1,1,1,1,1
1,1,1,17,4,17,1,1,1,32,29,7,7,7,7,7,7,7,7,7,13,13,13,13,13,11,11,11,11,21,266,5,2,1,2,7,13,167,442,6,4,58,23,1,1,1,4,1,1,1,18,10,11,1,23,2,1,1,1,1,1,1,1,1,1,1,1,1,1,1,1,1,1,1,1,1,1,1,1,1,1,1,1,1,1,1,1,1,1,1,1,1,1,1,1,1,1,1,1,1,1,1,1,1,1,1,1,1,1
1,1,1,18,1,18,1,1,1,30,29,7,7,7,7,7,7,7,7,7,13,13,13,13,13,11,11,11,11,21,149,20,9,1,1,7,20,175,407,5,4,48,20,1,1,6,4,1,1,1,18,35,7,1,23,2,1,1,1,1,1,1,1,1,1,1,1,1,1,1,1,1,1,1,1,1,1,1,1,1,1,1,1,1,1,1,1,1,1,1,1,1,1,1,1,1,1,1,1,1,1,1,1,1,1,1,1,1,1
1,1,1,19,2,19,1,1,1,92,29,7,7,7,7,7,7,7,7,7,13,13,13,13,13,11,11,11,11,21,262,2,2,1,2,7,1,299,41,5,4,57,27,1,1,1,4,1,1,1,18,10,7,1,23,2,1,1,1,1,1,1,1,1,1,1,1,1,1,1,1,1,1,1,1,1,1,1,1,1,1,1,1,1,1,1,1,1,1,1,1,1,1,1,1,1,1,1,1,1,1,1,1,1,1,1,1,1,1
1,1,1,20,3,20,1,1,1,56,29,7,7,7,7,7,7,7,7,7,13,13,13,13,13,11,11,11,11,32,150,3,3,1,1,7,5,441,431,11,36,333,48,21,1,6,10,1,1,1,18,15,9,1,23,2,1,1,1,1,1,1,1,1,1,1,1,1,1,1,1,1,1,1,1,1,1,1,1,1,1,1,1,1,1,1,1,1,1,1,1,1,1,1,1,1,1,1,1,1,1,1,1,1,1,1,1,1,1
1,1,1,26,7,26,1,1,1,120,29,7,7,7,7,7,7,7,7,7,13,13,13,13,13,11,11,11,11,21,146,14,2,1,2,7,10,442,316,7,4,327,66,1,1,1,4,1,1,1,18,50,10,1,23,2,1,1,1,1,1,1,1,1,1,1,1,1,1,1,1,1,1,1,1,1,1,1,1,1,1,1,1,1,1,1,1,1,1,1,1,1,1,1,1,1,1,1,1,1,1,1,1,1,1,1,1,1,1
1,1,1,21,5,21,1,1,1,20,29,7,7,7,7,7,7,7,7,7,13,13,13,13,13,11,11,11,11,21,262,2,2,1,2,7,8,167,46,5,4,326,55,28,1,6,4,1,1,1,18,42,29,1,23,2,1,1,1,1,1,1,1,1,1,1,1,1,1,1,1,1,1,1,1,1,1,1,1,1,1,1,1,1,1,1,1,1,1,1,1,1,1,1,1,1,1,1,1,1,1,1,1,1,1,1,1,1,1
1,1,1,22,6,22,1,1,1,34,29,7,7,7,7,7,7,7,7,7,13,13,13,13,13,11,11,11,11,21,262,2,2,1,2,7,10,176,443,6,4,48,20,1,1,6,4,1,1,1,18,12,11,1,23,2,1,1,1,1,1,1,1,1,1,1,1,1,1,1,1,1,1,1,1,1,1,1,1,1,1,1,1,1,1,1,1,1,1,1,1,1,1,1,1,1,1,1,1,1,1,1,1,1,1,1,1,1,1
1,1,1,23,4,23,1,1,1,87,29,7,7,7,7,7,7,7,7,7,13,13,13,13,13,11,11,11,11,21,381,94,77,3,4,7,1,172,318,7,4,417,26,12,3,7,4,1,1,1,18,11,14,1,23,2,20,4,20,2,2,1,1,1,1,1,1,1,1,1,1,1,1,1,1,1,1,1,1,1,1,1,1,1,1,1,1,1,1,1,1,1,1,1,1,1,1,1,1,1,1,1,1,1,1,1,1,1,1
1,1,1,1,1,1,1,1,1,76,29,7,7,7,7,7,7,7,7,7,13,13,13,13,13,11,11,11,11,21,147,1,1,1,1,7,10,296,314,21,4,203,33,14,3,7,4,1,1,1,18,43,26,1,23,2,2,4,9,2,2,1,1,1,1,1,1,1,1,1,1,1,1,1,1,1,1,1,1,1,1,1,1,1,1,1,1,1,1,1,1,1,1,1,1,1,1,1,1,1,1,1,1,1,1,1,1,1,1
1,1,1,2,2,2,1,1,1,94,29,7,7,7,7,7,7,7,7,7,13,13,13,13,13,11,11,11,11,21,272,110,93,3,6,7,17,328,192,6,4,366,79,48,3,4,4,1,1,1,18,54,8,1,23,2,2,6,46,2,62,1,1,1,1,1,1,1,1,1,1,1,1,1,1,1,1,1,1,1,1,1,1,1,1,1,1,1,1,1,1,1,1,1,1,1,1,1,1,1,1,1,1,1,1,1,1,1,1
1,1,1,3,3,3,1,1,1,3,29,7,7,7,7,7,7,7,7,7,13,13,13,13,13,11,11,11,11,32,158,14,2,1,2,7,14,443,47,7,36,53,2,1,1,1,10,1,1,1,18,14,11,1,23,2,1,1,1,1,1,1,1,1,1,1,1,1,1,1,1,1,1,1,1,1,1,1,1,1,1,1,1,1,1,1,1,1,1,1,1,1,1,1,1,1,1,1,1,1,1,1,1,1,1,1,1,1,1
1,1,1,27,7,27,1,1,1,71,29,7,7,7,7,7,7,7,7,7,13,13,13,13,13,11,11,11,11,21,146,14,2,1,2,7,8,295,41,8,4,59,1,1,1,1,4,1,1,1,18,35,9,1,23,2,1,1,1,1,1,1,1,1,1,1,1,1,1,1,1,1,1,1,1,1,1,1,1,1,1,1,1,1,1,1,1,1,1,1,1,1,1,1,1,1,1,1,1,1,1,1,1,1,1,1,1,1,1
1,1,1,29,5,29,1,1,1,26,29,7,7,7,7,7,7,7,7,7,13,13,13,13,13,11,11,11,11,21,383,80,63,3,6,7,23,180,444,11,4,452,143,108,3,5,4,1,1,1,18,81,26,1,23,2,2,49,44,2,2,1,1,1,1,1,1,1,1,1,1,1,1,1,1,1,1,1,1,1,1,1,1,1,1,1,1,1,1,1,1,1,1,1,1,1,1,1,1,1,1,1,1,1,1,1,1,1,1
1,1,1,30,6,30,1,1,1,57,29,7,7,7,7,7,7,7,7,7,13,13,13,13,13,11,11,11,11,21,238,12,2,1,2,7,59,410,445,11,4,453,96,63,3,4,4,1,1,1,18,102,9,1,23,2,2,4,30,2,2,1,1,1,1,1,1,1,1,1,1,1,1,1,1,1,1,1,1,1,1,1,1,1,1,1,1,1,1,1,1,1,1,1,1,1,1,1,1,1,1,1,1,1,1,1,1,1,1
1,1,1,4,4,4,1,1,1,86,29,7,7,7,7,7,7,7,7,7,13,13,13,13,13,11,11,11,11,21,315,132,114,3,11,7,46,444,446,3,4,278,150,113,3,12,4,1,1,1,18,75,26,1,23,2,2,50,36,2,32,1,1,1,1,1,1,1,1,1,1,1,1,1,1,1,1,1,1,1,1,1,1,1,1,1,1,1,1,1,1,1,1,1,1,1,1,1,1,1,1,1,1,1,1,1,1,1,1
1,1,1,5,1,5,1,1,1,40,29,7,7,7,7,7,7,7,7,7,13,13,13,13,13,11,11,11,11,21,298,78,61,3,6,7,15,336,447,9,4,446,123,88,3,4,4,1,1,1,18,21,36,1,23,2,2,13,18,2,75,1,1,1,1,1,1,1,1,1,1,1,1,1,1,1,1,1,1,1,1,1,1,1,1,1,1,1,1,1,1,1,1,1,1,1,1,1,1,1,1,1,1,1,1,1,1,1,1
1,1,1,6,2,6,1,1,1,73,29,7,7,7,7,7,7,7,7,7,13,13,13,13,13,11,11,11,11,21,376,112,95,3,16,7,28,211,231,18,4,454,151,114,3,12,4,1,1,1,18,8,10,1,23,2,2,51,49,2,45,7,7,7,1,1,1,1,1,1,1,1,1,1,1,1,1,1,1,1,1,1,1,1,1,1,1,1,1,1,1,1,1,1,1,1,1,1,1,1,1,1,1,1,1,1,1,1,1
1,1,1,7,3,7,1,1,1,9,29,7,7,7,7,7,7,7,7,7,13,13,13,13,13,11,11,11,11,32,384,2,2,1,2,7,20,179,185,17,36,201,26,12,3,7,10,1,1,1,18,71,28,1,23,2,2,4,6,2,2,1,1,1,1,1,1,1,1,1,1,1,1,1,1,1,1,1,1,1,1,1,1,1,1,1,1,1,1,1,1,1,1,1,1,1,1,1,1,1,1,1,1,1,1,1,1,1,1
1,1,1,28,7,28,1,1,1,58,29,7,7,7,7,7,7,7,7,7,13,13,13,13,13,11,11,11,11,21,264,35,21,1,1,7,4,168,448,8,4,365,21,10,1,6,4,1,1,1,18,17,7,1,23,2,1,1,1,1,1,1,1,1,1,1,1,1,1,1,1,1,1,1,1,1,1,1,1,1,1,1,1,1,1,1,1,1,1,1,1,1,1,1,1,1,1,1,1,1,1,1,1,1,1,1,1,1,1
1,1,1,31,5,31,1,1,1,36,29,7,7,7,7,7,7,7,7,7,13,13,13,13,13,11,11,11,11,21,158,19,8,1,1,7,14,443,443,1,4,326,55,28,1,6,4,1,1,1,18,10,14,1,23,2,1,1,1,1,1,1,1,1,1,1,1,1,1,1,1,1,1,1,1,1,1,1,1,1,1,1,1,1,1,1,1,1,1,1,1,1,1,1,1,1,1,1,1,1,1,1,1,1,1,1,1,1,1
1,1,1,24,7,24,1,1,1,116,30,7,7,7,7,7,7,7,7,7,14,14,14,14,14,9,9,9,9,33,385,13,2,1,2,15,47,445,449,6,37,455,16,1,1,1,15,1,1,1,9,53,34,1,24,2,1,1,1,1,1,1,1,1,1,1,1,1,1,1,1,1,1,1,1,1,1,1,1,1,1,1,1,1,1,1,1,1,1,1,1,1,1,1,1,1,1,1,1,1,1,1,1,1,1,1,1,1,1
1,1,1,9,5,9,1,1,1,83,30,7,7,7,7,7,7,7,7,7,14,14,14,14,14,9,9,9,9,33,386,26,2,1,2,15,50,446,450,6,37,456,20,1,1,6,15,1,1,1,9,81,32,1,24,2,1,1,1,1,1,1,1,1,1,1,1,1,1,1,1,1,1,1,1,1,1,1,1,1,1,1,1,1,1,1,1,1,1,1,1,1,1,1,1,1,1,1,1,1,1,1,1,1,1,1,1,1,1
1,1,1,10,6,10,1,1,1,81,30,7,7,7,7,7,7,7,7,7,14,14,14,14,14,9,9,9,9,33,353,5,2,1,2,15,7,94,451,7,37,271,45,1,1,3,15,1,1,1,9,12,30,1,24,2,1,1,1,1,1,1,1,1,1,1,1,1,1,1,1,1,1,1,1,1,1,1,1,1,1,1,1,1,1,1,1,1,1,1,1,1,1,1,1,1,1,1,1,1,1,1,1,1,1,1,1,1,1
1,1,1,11,4,11,1,1,1,80,30,7,7,7,7,7,7,7,7,7,14,14,14,14,14,9,9,9,9,33,387,14,2,1,2,15,26,447,452,7,37,457,31,1,1,1,15,1,1,1,9,43,32,1,24,2,1,1,1,1,1,1,1,1,1,1,1,1,1,1,1,1,1,1,1,1,1,1,1,1,1,1,1,1,1,1,1,1,1,1,1,1,1,1,1,1,1,1,1,1,1,1,1,1,1,1,1,1,1
1,1,1,12,1,12,1,1,1,6,30,7,7,7,7,7,7,7,7,7,14,14,14,14,14,9,9,9,9,33,353,5,2,1,2,15,21,417,453,11,37,458,1,1,1,1,15,1,1,1,9,39,29,1,24,2,1,1,1,1,1,1,1,1,1,1,1,1,1,1,1,1,1,1,1,1,1,1,1,1,1,1,1,1,1,1,1,1,1,1,1,1,1,1,1,1,1,1,1,1,1,1,1,1,1,1,1,1,1
1,1,1,13,2,13,1,1,1,78,30,7,7,7,7,7,7,7,7,7,14,14,14,14,14,9,9,9,9,33,388,2,2,1,2,15,15,257,454,8,37,118,27,1,1,1,15,1,1,1,9,22,60,1,24,2,1,1,1,1,1,1,1,1,1,1,1,1,1,1,1,1,1,1,1,1,1,1,1,1,1,1,1,1,1,1,1,1,1,1,1,1,1,1,1,1,1,1,1,1,1,1,1,1,1,1,1,1,1
1,1,1,25,7,25,1,1,1,84,30,7,7,7,7,7,7,7,7,7,14,14,14,14,14,9,9,9,9,33,389,61,45,3,4,15,13,448,455,6,37,141,19,9,3,7,15,1,1,1,9,51,59,1,24,2,11,4,3,2,2,1,1,1,1,1,1,1,1,1,1,1,1,1,1,1,1,1,1,1,1,1,1,1,1,1,1,1,1,1,1,1,1,1,1,1,1,1,1,1,1,1,1,1,1,1,1,1,1
1,1,1,15,5,15,1,1,1,47,30,7,7,7,7,7,7,7,7,7,14,14,14,14,14,9,9,9,9,33,390,6,2,1,2,15,18,246,456,11,37,459,2,1,1,1,15,1,1,1,9,125,27,1,24,2,1,1,1,1,1,1,1,1,1,1,1,1,1,1,1,1,1,1,1,1,1,1,1,1,1,1,1,1,1,1,1,1,1,1,1,1,1,1,1,1,1,1,1,1,1,1,1,1,1,1,1,1,1
1,1,1,16,6,16,1,1,1,65,30,7,7,7,7,7,7,7,7,7,14,14,14,14,14,9,9,9,9,33,388,2,2,1,2,15,18,449,457,7,37,460,8,1,1,1,15,1,1,1,9,125,32,1,24,2,1,1,1,1,1,1,1,1,1,1,1,1,1,1,1,1,1,1,1,1,1,1,1,1,1,1,1,1,1,1,1,1,1,1,1,1,1,1,1,1,1,1,1,1,1,1,1,1,1,1,1,1,1
1,1,1,17,4,17,1,1,1,56,30,7,7,7,7,7,7,7,7,7,14,14,14,14,14,9,9,9,9,33,388,2,2,1,2,15,10,450,450,6,37,456,20,1,1,6,15,1,1,1,9,38,33,1,24,2,1,1,1,1,1,1,1,1,1,1,1,1,1,1,1,1,1,1,1,1,1,1,1,1,1,1,1,1,1,1,1,1,1,1,1,1,1,1,1,1,1,1,1,1,1,1,1,1,1,1,1,1,1
1,1,1,18,1,18,1,1,1,46,30,7,7,7,7,7,7,7,7,7,14,14,14,14,14,9,9,9,9,33,385,13,2,1,2,15,1,449,458,7,37,461,12,1,1,1,15,1,1,1,9,37,27,1,24,2,1,1,1,1,1,1,1,1,1,1,1,1,1,1,1,1,1,1,1,1,1,1,1,1,1,1,1,1,1,1,1,1,1,1,1,1,1,1,1,1,1,1,1,1,1,1,1,1,1,1,1,1,1
1,1,1,19,2,19,1,1,1,115,30,7,7,7,7,7,7,7,7,7,14,14,14,14,14,9,9,9,9,33,386,26,2,1,2,15,22,407,256,7,37,462,40,1,1,1,15,1,1,1,9,43,33,1,24,2,1,1,1,1,1,1,1,1,1,1,1,1,1,1,1,1,1,1,1,1,1,1,1,1,1,1,1,1,1,1,1,1,1,1,1,1,1,1,1,1,1,1,1,1,1,1,1,1,1,1,1,1,1
1,1,1,26,7,26,1,1,1,1,30,7,7,7,7,7,7,7,7,7,14,14,14,14,14,9,9,9,9,33,353,5,2,1,2,15,18,451,266,6,37,463,5,1,1,3,15,1,1,1,9,15,25,1,24,2,1,1,1,1,1,1,1,1,1,1,1,1,1,1,1,1,1,1,1,1,1,1,1,1,1,1,1,1,1,1,1,1,1,1,1,1,1,1,1,1,1,1,1,1,1,1,1,1,1,1,1,1,1
1,1,1,21,5,21,1,1,1,5,30,7,7,7,7,7,7,7,7,7,14,14,14,14,14,9,9,9,9,33,353,5,2,1,2,15,15,449,459,8,37,464,23,1,1,1,15,1,1,1,9,22,60,1,24,2,1,1,1,1,1,1,1,1,1,1,1,1,1,1,1,1,1,1,1,1,1,1,1,1,1,1,1,1,1,1,1,1,1,1,1,1,1,1,1,1,1,1,1,1,1,1,1,1,1,1,1,1,1
1,1,1,22,6,22,1,1,1,18,30,7,7,7,7,7,7,7,7,7,14,14,14,14,14,9,9,9,9,33,369,15,2,1,2,15,3,248,460,7,37,465,55,28,1,6,15,1,1,1,9,71,56,1,24,2,1,1,1,1,1,1,1,1,1,1,1,1,1,1,1,1,1,1,1,1,1,1,1,1,1,1,1,1,1,1,1,1,1,1,1,1,1,1,1,1,1,1,1,1,1,1,1,1,1,1,1,1,1
1,1,1,23,4,23,1,1,1,81,30,7,7,7,7,7,7,7,7,7,14,14,14,14,14,9,9,9,9,33,4,4,4,2,3,15,2,4,3,4,37,3,3,2,2,2,15,2,3,1,9,4,3,1,24,2,1,1,1,1,1,1,1,1,1,1,1,1,1,1,1,1,1,1,1,1,1,1,1,1,1,1,1,1,1,1,1,1,1,1,1,1,1,1,1,1,1,1,1,1,1,1,1,1,1,1,1,1,1
1,1,1,1,1,1,1,1,1,18,30,7,7,7,7,7,7,7,7,7,14,14,14,14,14,9,9,9,9,33,4,4,4,2,3,15,2,4,3,4,37,3,3,2,2,2,15,2,3,1,9,4,3,1,24,2,1,1,1,1,1,1,1,1,1,1,1,1,1,1,1,1,1,1,1,1,1,1,1,1,1,1,1,1,1,1,1,1,1,1,1,1,1,1,1,1,1,1,1,1,1,1,1,1,1,1,1,1,1
1,1,1,2,2,2,1,1,1,2,30,7,7,7,7,7,7,7,7,7,14,14,14,14,14,9,9,9,9,33,391,102,85,3,13,15,1,452,461,8,37,39,137,102,3,16,15,1,1,1,9,56,31,1,24,2,2,52,3,2,2,1,1,1,1,1,1,1,1,1,1,1,1,1,1,1,1,1,1,1,1,1,1,1,1,1,1,1,1,1,1,1,1,1,1,1,1,1,1,1,1,1,1,1,1,1,1,1,1
1,1,1,27,7,27,1,1,1,57,30,7,7,7,7,7,7,7,7,7,14,14,14,14,14,9,9,9,9,33,390,6,2,1,2,15,4,248,449,7,37,466,66,1,1,1,15,1,1,1,9,39,29,1,24,2,1,1,1,1,1,1,1,1,1,1,1,1,1,1,1,1,1,1,1,1,1,1,1,1,1,1,1,1,1,1,1,1,1,1,1,1,1,1,1,1,1,1,1,1,1,1,1,1,1,1,1,1,1
1,1,1,29,5,29,1,1,1,14,30,7,7,7,7,7,7,7,7,7,14,14,14,14,14,9,9,9,9,33,392,1,1,1,1,15,8,426,449,8,37,467,46,1,1,1,15,1,1,1,9,37,27,1,24,2,1,1,1,1,1,1,1,1,1,1,1,1,1,1,1,1,1,1,1,1,1,1,1,1,1,1,1,1,1,1,1,1,1,1,1,1,1,1,1,1,1,1,1,1,1,1,1,1,1,1,1,1,1
1,1,1,30,6,30,1,1,1,57,30,7,7,7,7,7,7,7,7,7,14,14,14,14,14,9,9,9,9,33,393,108,91,3,6,15,33,453,462,11,37,337,10,5,1,6,15,1,1,1,9,30,28,1,24,2,1,1,1,1,1,1,1,1,1,1,1,1,1,1,1,1,1,1,1,1,1,1,1,1,1,1,1,1,1,1,1,1,1,1,1,1,1,1,1,1,1,1,1,1,1,1,1,1,1,1,1,1,1
1,1,1,4,4,4,1,1,1,4,30,7,7,7,7,7,7,7,7,7,14,14,14,14,14,9,9,9,9,33,394,133,115,3,11,15,21,454,463,7,37,468,152,115,3,12,15,1,1,1,9,77,71,1,24,2,2,53,50,2,2,1,1,1,1,1,1,1,1,1,1,1,1,1,1,1,1,1,1,1,1,1,1,1,1,1,1,1,1,1,1,1,1,1,1,1,1,1,1,1,1,1,1,1,1,1,1,1,1
1,1,1,5,1,5,1,1,1,17,30,7,7,7,7,7,7,7,7,7,14,14,14,14,14,9,9,9,9,33,395,100,83,3,5,15,8,455,464,3,37,469,153,116,3,11,15,1,1,1,9,53,67,1,24,2,2,54,14,2,35,1,1,1,1,1,1,1,1,1,1,1,1,1,1,1,1,1,1,1,1,1,1,1,1,1,1,1,1,1,1,1,1,1,1,1,1,1,1,1,1,1,1,1,1,1,1,1,1
1,1,1,6,2,6,1,1,1,41,30,7,7,7,7,7,7,7,7,7,14,14,14,14,14,9,9,9,9,33,396,134,116,3,12,15,37,24,465,6,37,470,154,117,3,15,15,1,1,1,9,75,29,1,24,2,2,55,21,2,57,1,1,1,1,1,1,1,1,1,1,1,1,1,1,1,1,1,1,1,1,1,1,1,1,1,1,1,1,1,1,1,1,1,1,1,1,1,1,1,1,1,1,1,1,1,1,1,1
1,1,1,28,7,28,1,1,1,88,30,7,7,7,7,7,7,7,7,7,14,14,14,14,14,9,9,9,9,33,397,106,89,1,1,15,13,456,323,11,37,420,21,10,1,6,15,1,1,1,9,54,67,1,24,2,1,1,1,1,1,1,1,1,1,1,1,1,1,1,1,1,1,1,1,1,1,1,1,1,1,1,1,1,1,1,1,1,1,1,1,1,1,1,1,1,1,1,1,1,1,1,1,1,1,1,1,1,1
1,1,1,31,5,31,1,1,1,51,30,7,7,7,7,7,7,7,7,7,14,14,14,14,14,9,9,9,9,33,398,35,21,1,1,15,3,457,455,11,37,471,59,31,3,7,15,1,1,1,9,59,72,1,24,2,2,4,25,2,61,1,1,1,1,1,1,1,1,1,1,1,1,1,1,1,1,1,1,1,1,1,1,1,1,1,1,1,1,1,1,1,1,1,1,1,1,1,1,1,1,1,1,1,1,1,1,1,1
1,1,1,8,3,8,1,1,1,6,31,17,17,17,17,17,13,13,13,13,15,15,15,15,15,12,12,12,12,34,179,12,2,1,2,8,49,458,466,8,38,234,60,32,3,7,12,1,1,1,4,72,28,1,25,2,2,4,45,2,2,1,1,1,1,1,1,1,1,1,1,1,1,1,1,1,1,1,1,1,1,1,1,1,1,1,1,1,1,1,1,1,1,1,1,1,1,1,1,1,1,1,1,1,1,1,1,1,1
1,1,1,24,7,24,1,1,1,1,31,17,17,17,17,17,13,13,13,13,15,15,15,15,15,12,12,12,12,34,179,12,2,1,2,8,1,459,388,9,38,214,14,1,1,1,12,1,1,1,4,12,9,1,25,2,1,1,1,1,1,1,1,1,1,1,1,1,1,1,1,1,1,1,1,1,1,1,1,1,1,1,1,1,1,1,1,1,1,1,1,1,1,1,1,1,1,1,1,1,1,1,1,1,1,1,1,1,1
1,1,1,9,5,9,1,1,1,57,31,17,17,17,17,17,13,13,13,13,15,15,15,15,15,12,12,12,12,34,399,15,2,1,2,8,8,460,206,5,38,472,2,1,1,1,12,1,1,1,4,35,12,1,25,2,1,1,1,1,1,1,1,1,1,1,1,1,1,1,1,1,1,1,1,1,1,1,1,1,1,1,1,1,1,1,1,1,1,1,1,1,1,1,1,1,1,1,1,1,1,1,1,1,1,1,1,1,1
1,1,1,10,6,10,1,1,1,86,31,17,17,17,17,17,13,13,13,13,15,15,15,15,15,12,12,12,12,34,400,16,2,1,2,8,8,461,198,3,38,224,29,1,1,3,12,1,1,1,4,12,8,1,25,2,1,1,1,1,1,1,1,1,1,1,1,1,1,1,1,1,1,1,1,1,1,1,1,1,1,1,1,1,1,1,1,1,1,1,1,1,1,1,1,1,1,1,1,1,1,1,1,1,1,1,1,1,1
1,1,1,11,4,11,1,1,1,88,31,17,17,17,17,17,13,13,13,13,15,15,15,15,15,12,12,12,12,34,401,17,2,1,1,8,1,462,388,1,38,473,12,1,1,1,12,1,1,1,4,35,7,1,25,2,1,1,1,1,1,1,1,1,1,1,1,1,1,1,1,1,1,1,1,1,1,1,1,1,1,1,1,1,1,1,1,1,1,1,1,1,1,1,1,1,1,1,1,1,1,1,1,1,1,1,1,1,1
1,1,1,12,1,12,1,1,1,46,31,17,17,17,17,17,13,13,13,13,15,15,15,15,15,12,12,12,12,34,402,20,9,1,1,8,15,462,209,2,38,280,66,1,1,1,12,1,1,1,4,12,12,1,25,2,1,1,1,1,1,1,1,1,1,1,1,1,1,1,1,1,1,1,1,1,1,1,1,1,1,1,1,1,1,1,1,1,1,1,1,1,1,1,1,1,1,1,1,1,1,1,1,1,1,1,1,1,1
1,1,1,13,2,13,1,1,1,49,31,17,17,17,17,17,13,13,13,13,15,15,15,15,15,12,12,12,12,34,403,14,2,1,2,8,8,463,209,3,38,474,35,1,1,1,12,1,1,1,4,29,25,1,25,2,1,1,1,1,1,1,1,1,1,1,1,1,1,1,1,1,1,1,1,1,1,1,1,1,1,1,1,1,1,1,1,1,1,1,1,1,1,1,1,1,1,1,1,1,1,1,1,1,1,1,1,1,1
1,1,1,14,3,14,1,1,1,70,31,17,17,17,17,17,13,13,13,13,15,15,15,15,15,12,12,12,12,34,179,12,2,1,2,8,18,464,195,3,38,177,25,1,1,3,12,1,1,1,4,36,14,1,25,2,1,1,1,1,1,1,1,1,1,1,1,1,1,1,1,1,1,1,1,1,1,1,1,1,1,1,1,1,1,1,1,1,1,1,1,1,1,1,1,1,1,1,1,1,1,1,1,1,1,1,1,1,1
1,1,1,25,7,25,1,1,1,8,31,17,17,17,17,17,13,13,13,13,15,15,15,15,15,12,12,12,12,34,273,135,117,3,16,8,8,297,289,18,38,475,155,118,3,14,12,1,1,1,4,41,32,1,25,2,25,4,20,2,76,1,1,1,1,1,1,1,1,1,1,1,1,1,1,1,1,1,1,1,1,1,1,1,1,1,1,1,1,1,1,1,1,1,1,1,1,1,1,1,1,1,1,1,1,1,1,1,1
1,1,1,15,5,15,1,1,1,113,31,17,17,17,17,17,13,13,13,13,15,15,15,15,15,12,12,12,12,34,404,6,2,1,2,8,7,464,209,10,38,476,24,1,1,1,12,1,1,1,4,37,16,1,25,2,1,1,1,1,1,1,1,1,1,1,1,1,1,1,1,1,1,1,1,1,1,1,1,1,1,1,1,1,1,1,1,1,1,1,1,1,1,1,1,1,1,1,1,1,1,1,1,1,1,1,1,1,1
1,1,1,16,6,16,1,1,1,48,31,17,17,17,17,17,13,13,13,13,15,15,15,15,15,12,12,12,12,34,405,65,49,3,4,8,16,465,467,8,38,477,113,78,3,10,12,1,1,1,4,47,11,1,25,2,37,4,39,2,2,1,1,1,1,1,1,1,1,1,1,1,1,1,1,1,1,1,1,1,1,1,1,1,1,1,1,1,1,1,1,1,1,1,1,1,1,1,1,1,1,1,1,1,1,1,1,1,1
1,1,1,17,4,17,1,1,1,5,31,17,17,17,17,17,13,13,13,13,15,15,15,15,15,12,12,12,12,34,170,61,45,3,4,8,18,466,468,2,38,303,93,60,3,7,12,1,1,1,4,21,8,1,25,2,42,4,3,2,2,1,1,1,1,1,1,1,1,1,1,1,1,1,1,1,1,1,1,1,1,1,1,1,1,1,1,1,1,1,1,1,1,1,1,1,1,1,1,1,1,1,1,1,1,1,1,1,1
1,1,1,18,1,18,1,1,1,44,31,17,17,17,17,17,13,13,13,13,15,15,15,15,15,12,12,12,12,34,399,15,2,1,2,8,14,459,206,16,38,478,23,1,1,1,12,1,1,1,4,34,26,1,25,2,1,1,1,1,1,1,1,1,1,1,1,1,1,1,1,1,1,1,1,1,1,1,1,1,1,1,1,1,1,1,1,1,1,1,1,1,1,1,1,1,1,1,1,1,1,1,1,1,1,1,1,1,1
1,1,1,19,2,19,1,1,1,70,31,17,17,17,17,17,13,13,13,13,15,15,15,15,15,12,12,12,12,34,406,1,1,1,1,8,18,467,208,16,38,479,40,1,1,1,12,1,1,1,4,29,25,1,25,2,1,1,1,1,1,1,1,1,1,1,1,1,1,1,1,1,1,1,1,1,1,1,1,1,1,1,1,1,1,1,1,1,1,1,1,1,1,1,1,1,1,1,1,1,1,1,1,1,1,1,1,1,1
1,1,1,20,3,20,1,1,1,70,31,17,17,17,17,17,13,13,13,13,15,15,15,15,15,12,12,12,12,34,407,96,79,3,4,8,7,468,469,5,38,480,48,21,1,6,12,1,1,1,4,9,8,1,25,2,1,1,1,1,1,1,1,1,1,1,1,1,1,1,1,1,1,1,1,1,1,1,1,1,1,1,1,1,1,1,1,1,1,1,1,1,1,1,1,1,1,1,1,1,1,1,1,1,1,1,1,1,1
1,1,1,26,7,26,1,1,1,21,31,17,17,17,17,17,13,13,13,13,15,15,15,15,15,12,12,12,12,34,179,12,2,1,2,8,14,463,198,1,38,218,30,1,1,1,12,1,1,1,4,15,9,1,25,2,1,1,1,1,1,1,1,1,1,1,1,1,1,1,1,1,1,1,1,1,1,1,1,1,1,1,1,1,1,1,1,1,1,1,1,1,1,1,1,1,1,1,1,1,1,1,1,1,1,1,1,1,1
1,1,1,21,5,21,1,1,1,21,31,17,17,17,17,17,13,13,13,13,15,15,15,15,15,12,12,12,12,34,286,5,2,1,2,8,22,469,205,15,38,481,17,7,1,6,12,1,1,1,4,45,15,1,25,2,1,1,1,1,1,1,1,1,1,1,1,1,1,1,1,1,1,1,1,1,1,1,1,1,1,1,1,1,1,1,1,1,1,1,1,1,1,1,1,1,1,1,1,1,1,1,1,1,1,1,1,1,1
1,1,1,22,6,22,1,1,1,22,31,17,17,17,17,17,13,13,13,13,15,15,15,15,15,12,12,12,12,34,399,15,2,1,2,8,20,470,470,16,38,482,37,16,1,6,12,1,1,1,4,45,33,1,25,2,1,1,1,1,1,1,1,1,1,1,1,1,1,1,1,1,1,1,1,1,1,1,1,1,1,1,1,1,1,1,1,1,1,1,1,1,1,1,1,1,1,1,1,1,1,1,1,1,1,1,1,1,1
1,1,1,23,4,23,1,1,1,45,31,17,17,17,17,17,13,13,13,13,15,15,15,15,15,12,12,12,12,34,179,12,2,1,2,8,14,463,195,8,38,211,9,1,1,3,12,1,1,1,4,74,7,1,25,2,1,1,1,1,1,1,1,1,1,1,1,1,1,1,1,1,1,1,1,1,1,1,1,1,1,1,1,1,1,1,1,1,1,1,1,1,1,1,1,1,1,1,1,1,1,1,1,1,1,1,1,1,1
1,1,1,1,1,1,1,1,1,104,31,17,17,17,17,17,13,13,13,13,15,15,15,15,15,12,12,12,12,34,286,5,2,1,2,8,7,389,195,3,38,177,25,1,1,3,12,1,1,1,4,11,9,1,25,2,1,1,1,1,1,1,1,1,1,1,1,1,1,1,1,1,1,1,1,1,1,1,1,1,1,1,1,1,1,1,1,1,1,1,1,1,1,1,1,1,1,1,1,1,1,1,1,1,1,1,1,1,1
1,1,1,2,2,2,1,1,1,17,31,17,17,17,17,17,13,13,13,13,15,15,15,15,15,12,12,12,12,34,399,15,2,1,2,8,39,471,471,5,38,483,112,77,1,6,12,1,1,1,4,41,28,1,25,2,1,1,1,1,1,1,1,1,1,1,1,1,1,1,1,1,1,1,1,1,1,1,1,1,1,1,1,1,1,1,1,1,1,1,1,1,1,1,1,1,1,1,1,1,1,1,1,1,1,1,1,1,1
1,1,1,3,3,3,1,1,1,69,31,17,17,17,17,17,13,13,13,13,15,15,15,15,15,12,12,12,12,34,408,90,73,3,10,8,52,472,272,19,38,484,122,87,3,11,12,1,1,1,4,44,15,1,25,2,2,4,2,2,77,1,1,1,1,1,1,1,1,1,1,1,1,1,1,1,1,1,1,1,1,1,1,1,1,1,1,1,1,1,1,1,1,1,1,1,1,1,1,1,1,1,1,1,1,1,1,1,1
1,1,1,27,7,27,1,1,1,118,31,17,17,17,17,17,13,13,13,13,15,15,15,15,15,12,12,12,12,34,399,15,2,1,2,8,9,473,215,8,38,177,25,1,1,3,12,1,1,1,4,28,14,1,25,2,1,1,1,1,1,1,1,1,1,1,1,1,1,1,1,1,1,1,1,1,1,1,1,1,1,1,1,1,1,1,1,1,1,1,1,1,1,1,1,1,1,1,1,1,1,1,1,1,1,1,1,1,1
1,1,1,29,5,29,1,1,1,47,31,17,17,17,17,17,13,13,13,13,15,15,15,15,15,12,12,12,12,34,409,26,2,1,2,8,18,153,277,3,38,485,4,1,1,3,12,1,1,1,4,11,11,1,25,2,1,1,1,1,1,1,1,1,1,1,1,1,1,1,1,1,1,1,1,1,1,1,1,1,1,1,1,1,1,1,1,1,1,1,1,1,1,1,1,1,1,1,1,1,1,1,1,1,1,1,1,1,1
1,1,1,30,6,30,1,1,1,97,31,17,17,17,17,17,13,13,13,13,15,15,15,15,15,12,12,12,12,34,403,14,2,1,2,8,9,389,472,7,38,209,15,1,1,3,12,1,1,1,4,74,12,1,25,2,1,1,1,1,1,1,1,1,1,1,1,1,1,1,1,1,1,1,1,1,1,1,1,1,1,1,1,1,1,1,1,1,1,1,1,1,1,1,1,1,1,1,1,1,1,1,1,1,1,1,1,1,1
1,1,1,4,4,4,1,1,1,121,31,17,17,17,17,17,13,13,13,13,15,15,15,15,15,12,12,12,12,34,410,2,2,1,2,8,44,203,473,9,38,486,51,24,3,10,12,1,1,1,4,104,15,1,25,2,2,4,11,2,2,1,1,1,1,1,1,1,1,1,1,1,1,1,1,1,1,1,1,1,1,1,1,1,1,1,1,1,1,1,1,1,1,1,1,1,1,1,1,1,1,1,1,1,1,1,1,1,1
1,1,1,5,1,5,1,1,1,66,31,17,17,17,17,17,13,13,13,13,15,15,15,15,15,12,12,12,12,34,411,136,118,3,11,8,20,474,322,8,38,427,156,119,3,12,12,1,1,1,4,22,32,1,25,2,2,5,14,2,78,1,1,1,1,1,1,1,1,1,1,1,1,1,1,1,1,1,1,1,1,1,1,1,1,1,1,1,1,1,1,1,1,1,1,1,1,1,1,1,1,1,1,1,1,1,1,1,1
1,1,1,6,2,6,1,1,1,107,31,17,17,17,17,17,13,13,13,13,15,15,15,15,15,12,12,12,12,34,412,108,91,3,6,8,13,266,202,3,38,487,68,39,3,7,12,1,1,1,4,34,9,1,25,2,10,4,3,2,3,1,1,1,1,1,1,1,1,1,1,1,1,1,1,1,1,1,1,1,1,1,1,1,1,1,1,1,1,1,1,1,1,1,1,1,1,1,1,1,1,1,1,1,1,1,1,1,1
1,1,1,7,3,7,1,1,1,24,31,17,17,17,17,17,13,13,13,13,15,15,15,15,15,12,12,12,12,34,413,48,34,1,1,8,56,475,474,15,38,488,106,73,3,10,12,1,1,1,4,44,28,1,25,2,2,39,2,2,44,1,1,1,1,1,1,1,1,1,1,1,1,1,1,1,1,1,1,1,1,1,1,1,1,1,1,1,1,1,1,1,1,1,1,1,1,1,1,1,1,1,1,1,1,1,1,1,1
1,1,1,28,7,28,1,1,1,24,31,17,17,17,17,17,13,13,13,13,15,15,15,15,15,12,12,12,12,34,170,61,45,3,4,8,27,266,475,8,38,489,98,65,3,7,12,1,1,1,4,56,26,1,25,2,2,4,28,2,26,1,1,1,1,1,1,1,1,1,1,1,1,1,1,1,1,1,1,1,1,1,1,1,1,1,1,1,1,1,1,1,1,1,1,1,1,1,1,1,1,1,1,1,1,1,1,1,1
1,1,1,31,5,31,1,1,1,70,31,17,17,17,17,17,13,13,13,13,15,15,15,15,15,12,12,12,12,34,232,52,38,3,6,8,3,260,476,1,38,486,51,24,3,10,12,1,1,1,4,125,11,1,25,2,36,4,3,2,51,1,1,1,1,1,1,1,1,1,1,1,1,1,1,1,1,1,1,1,1,1,1,1,1,1,1,1,1,1,1,1,1,1,1,1,1,1,1,1,1,1,1,1,1,1,1,1,1
1,1,1,8,3,8,1,1,1,122,32,7,7,7,7,7,7,7,7,7,16,16,16,16,16,13,13,13,13,35,414,60,44,1,1,13,13,476,477,6,39,453,31,1,1,1,10,1,1,1,17,77,38,1,26,1,1,1,1,1,1,1,1,1,1,1,1,1,1,1,1,1,1,1,1,1,1,1,1,1,1,1,1,1,1,1,1,1,1,1,1,1,1,1,1,1,1,1,1,1,1,1,1,1,1,1,1,1,1
1,1,1,24,7,24,1,1,1,15,32,7,7,7,7,7,7,7,7,7,16,16,16,16,16,13,13,13,13,36,164,12,2,1,2,13,15,177,186,11,13,202,30,1,1,1,10,1,1,1,17,47,58,1,26,1,1,1,1,1,1,1,1,1,1,1,1,1,1,1,1,1,1,1,1,1,1,1,1,1,1,1,1,1,1,1,1,1,1,1,1,1,1,1,1,1,1,1,1,1,1,1,1,1,1,1,1,1,1
1,1,1,9,5,9,1,1,1,82,32,7,7,7,7,7,7,7,7,7,16,16,16,16,16,13,13,13,13,36,239,20,9,1,1,13,5,477,181,6,13,339,31,1,1,1,10,1,1,1,17,8,53,1,26,1,1,1,1,1,1,1,1,1,1,1,1,1,1,1,1,1,1,1,1,1,1,1,1,1,1,1,1,1,1,1,1,1,1,1,1,1,1,1,1,1,1,1,1,1,1,1,1,1,1,1,1,1,1
1,1,1,10,6,10,1,1,1,23,32,7,7,7,7,7,7,7,7,7,16,16,16,16,16,13,13,13,13,36,293,26,2,1,2,13,4,345,404,5,13,198,20,1,1,6,10,1,1,1,17,72,119,1,26,1,1,1,1,1,1,1,1,1,1,1,1,1,1,1,1,1,1,1,1,1,1,1,1,1,1,1,1,1,1,1,1,1,1,1,1,1,1,1,1,1,1,1,1,1,1,1,1,1,1,1,1,1,1
1,1,1,11,4,11,1,1,1,105,32,7,7,7,7,7,7,7,7,7,16,16,16,16,16,13,13,13,13,36,415,2,2,1,2,13,4,146,321,11,13,332,35,1,1,1,10,1,1,1,17,59,63,1,26,1,1,1,1,1,1,1,1,1,1,1,1,1,1,1,1,1,1,1,1,1,1,1,1,1,1,1,1,1,1,1,1,1,1,1,1,1,1,1,1,1,1,1,1,1,1,1,1,1,1,1,1,1,1
1,1,1,12,1,12,1,1,1,116,32,7,7,7,7,7,7,7,7,7,16,16,16,16,16,13,13,13,13,36,296,17,2,1,1,13,1,478,184,6,13,426,16,1,1,1,10,1,1,1,17,58,53,1,26,1,1,1,1,1,1,1,1,1,1,1,1,1,1,1,1,1,1,1,1,1,1,1,1,1,1,1,1,1,1,1,1,1,1,1,1,1,1,1,1,1,1,1,1,1,1,1,1,1,1,1,1,1,1
1,1,1,13,2,13,1,1,1,65,32,7,7,7,7,7,7,7,7,7,16,16,16,16,16,13,13,13,13,36,415,2,2,1,2,13,10,477,412,11,13,190,67,38,1,6,10,1,1,1,17,78,37,1,26,1,1,1,1,1,1,1,1,1,1,1,1,1,1,1,1,1,1,1,1,1,1,1,1,1,1,1,1,1,1,1,1,1,1,1,1,1,1,1,1,1,1,1,1,1,1,1,1,1,1,1,1,1,1
1,1,1,14,3,14,1,1,1,104,32,7,7,7,7,7,7,7,7,7,16,16,16,16,16,13,13,13,13,35,359,2,2,1,2,13,15,479,477,7,39,490,20,1,1,6,10,1,1,1,17,64,6,1,26,1,1,1,1,1,1,1,1,1,1,1,1,1,1,1,1,1,1,1,1,1,1,1,1,1,1,1,1,1,1,1,1,1,1,1,1,1,1,1,1,1,1,1,1,1,1,1,1,1,1,1,1,1,1
1,1,1,25,7,25,1,1,1,60,32,7,7,7,7,7,7,7,7,7,16,16,16,16,16,13,13,13,13,36,415,2,2,1,2,13,5,478,445,7,13,362,105,72,3,7,10,1,1,1,17,62,120,1,26,1,2,4,24,2,2,1,1,1,1,1,1,1,1,1,1,1,1,1,1,1,1,1,1,1,1,1,1,1,1,1,1,1,1,1,1,1,1,1,1,1,1,1,1,1,1,1,1,1,1,1,1,1,1
1,1,1,15,5,15,1,1,1,54,32,7,7,7,7,7,7,7,7,7,16,16,16,16,16,13,13,13,13,36,305,66,50,3,5,13,18,430,120,7,13,149,157,120,3,11,10,1,1,1,17,20,6,1,26,1,2,4,24,2,79,1,1,1,1,1,1,1,1,1,1,1,1,1,1,1,1,1,1,1,1,1,1,1,1,1,1,1,1,1,1,1,1,1,1,1,1,1,1,1,1,1,1,1,1,1,1,1,1
1,1,1,16,6,16,1,1,1,44,32,7,7,7,7,7,7,7,7,7,16,16,16,16,16,13,13,13,13,36,157,5,2,1,2,13,14,408,404,11,13,445,46,1,1,1,10,1,1,1,17,20,4,1,26,1,1,1,1,1,1,1,1,1,1,1,1,1,1,1,1,1,1,1,1,1,1,1,1,1,1,1,1,1,1,1,1,1,1,1,1,1,1,1,1,1,1,1,1,1,1,1,1,1,1,1,1,1,1
1,1,1,17,4,17,1,1,1,16,32,7,7,7,7,7,7,7,7,7,16,16,16,16,16,13,13,13,13,36,239,20,9,1,1,13,5,477,184,6,13,426,16,1,1,1,10,1,1,1,17,77,63,1,26,1,1,1,1,1,1,1,1,1,1,1,1,1,1,1,1,1,1,1,1,1,1,1,1,1,1,1,1,1,1,1,1,1,1,1,1,1,1,1,1,1,1,1,1,1,1,1,1,1,1,1,1,1,1
1,1,1,18,1,18,1,1,1,54,32,7,7,7,7,7,7,7,7,7,16,16,16,16,16,13,13,13,13,36,415,2,2,1,2,13,7,480,178,6,13,194,29,1,1,3,10,1,1,1,17,13,47,1,26,1,1,1,1,1,1,1,1,1,1,1,1,1,1,1,1,1,1,1,1,1,1,1,1,1,1,1,1,1,1,1,1,1,1,1,1,1,1,1,1,1,1,1,1,1,1,1,1,1,1,1,1,1,1
1,1,1,19,2,19,1,1,1,17,32,7,7,7,7,7,7,7,7,7,16,16,16,16,16,13,13,13,13,36,294,48,34,1,1,13,1,481,478,6,13,491,10,5,1,6,10,1,1,1,17,59,47,1,26,1,1,1,1,1,1,1,1,1,1,1,1,1,1,1,1,1,1,1,1,1,1,1,1,1,1,1,1,1,1,1,1,1,1,1,1,1,1,1,1,1,1,1,1,1,1,1,1,1,1,1,1,1,1
1,1,1,20,3,20,1,1,1,115,32,7,7,7,7,7,7,7,7,7,16,16,16,16,16,13,13,13,13,35,416,12,2,1,2,13,26,476,479,6,39,492,13,6,1,6,10,1,1,1,17,135,46,1,26,1,1,1,1,1,1,1,1,1,1,1,1,1,1,1,1,1,1,1,1,1,1,1,1,1,1,1,1,1,1,1,1,1,1,1,1,1,1,1,1,1,1,1,1,1,1,1,1,1,1,1,1,1,1
1,1,1,26,7,26,1,1,1,62,32,7,7,7,7,7,7,7,7,7,16,16,16,16,16,13,13,13,13,36,239,20,9,1,1,13,5,477,480,6,13,446,34,15,1,6,10,1,1,1,17,136,6,1,26,1,1,1,1,1,1,1,1,1,1,1,1,1,1,1,1,1,1,1,1,1,1,1,1,1,1,1,1,1,1,1,1,1,1,1,1,1,1,1,1,1,1,1,1,1,1,1,1,1,1,1,1,1,1
1,1,1,21,5,21,1,1,1,1,32,7,7,7,7,7,7,7,7,7,16,16,16,16,16,13,13,13,13,36,164,12,2,1,2,13,15,177,184,5,13,361,40,1,1,1,10,1,1,1,17,20,119,1,26,1,1,1,1,1,1,1,1,1,1,1,1,1,1,1,1,1,1,1,1,1,1,1,1,1,1,1,1,1,1,1,1,1,1,1,1,1,1,1,1,1,1,1,1,1,1,1,1,1,1,1,1,1,1
1,1,1,22,6,22,1,1,1,41,32,7,7,7,7,7,7,7,7,7,16,16,16,16,16,13,13,13,13,36,417,35,21,1,1,13,6,114,121,6,13,168,128,93,3,10,10,1,1,1,17,85,45,1,26,1,2,4,43,2,2,1,1,1,1,1,1,1,1,1,1,1,1,1,1,1,1,1,1,1,1,1,1,1,1,1,1,1,1,1,1,1,1,1,1,1,1,1,1,1,1,1,1,1,1,1,1,1,1
1,1,1,23,4,23,1,1,1,55,32,7,7,7,7,7,7,7,7,7,16,16,16,16,16,13,13,13,13,36,418,15,2,1,2,13,1,333,412,6,13,427,48,21,1,6,10,1,1,1,17,64,46,1,26,1,1,1,1,1,1,1,1,1,1,1,1,1,1,1,1,1,1,1,1,1,1,1,1,1,1,1,1,1,1,1,1,1,1,1,1,1,1,1,1,1,1,1,1,1,1,1,1,1,1,1,1,1,1
1,1,1,1,1,1,1,1,1,115,32,7,7,7,7,7,7,7,7,7,16,16,16,16,16,13,13,13,13,36,419,88,71,3,5,13,15,126,325,7,13,230,100,67,3,11,10,1,1,1,17,52,69,1,26,1,2,13,3,2,80,1,1,1,1,1,1,1,1,1,1,1,1,1,1,1,1,1,1,1,1,1,1,1,1,1,1,1,1,1,1,1,1,1,1,1,1,1,1,1,1,1,1,1,1,1,1,1,1
1,1,1,2,2,2,1,1,1,82,32,7,7,7,7,7,7,7,7,7,16,16,16,16,16,13,13,13,13,36,420,137,119,3,13,13,20,127,145,6,13,135,158,121,3,11,10,1,1,1,17,81,68,1,26,1,2,55,3,2,59,1,1,1,1,1,1,1,1,1,1,1,1,1,1,1,1,1,1,1,1,1,1,1,1,1,1,1,1,1,1,1,1,1,1,1,1,1,1,1,1,1,1,1,1,1,1,1,1
1,1,1,3,3,3,1,1,1,13,32,7,7,7,7,7,7,7,7,7,16,16,16,16,16,13,13,13,13,35,419,131,113,3,7,13,3,482,97,7,39,493,104,71,3,5,10,1,1,1,17,75,61,1,26,1,2,35,3,2,39,1,1,1,1,1,1,1,1,1,1,1,1,1,1,1,1,1,1,1,1,1,1,1,1,1,1,1,1,1,1,1,1,1,1,1,1,1,1,1,1,1,1,1,1,1,1,1,1
1,1,1,27,7,27,1,1,1,103,32,7,7,7,7,7,7,7,7,7,16,16,16,16,16,13,13,13,13,36,159,49,35,3,10,13,13,483,481,8,13,125,49,22,3,4,10,1,1,1,17,58,38,1,26,1,43,4,3,2,2,1,1,1,1,1,1,1,1,1,1,1,1,1,1,1,1,1,1,1,1,1,1,1,1,1,1,1,1,1,1,1,1,1,1,1,1,1,1,1,1,1,1,1,1,1,1,1,1
1,1,1,29,5,29,1,1,1,55,32,7,7,7,7,7,7,7,7,7,16,16,16,16,16,13,13,13,13,36,352,1,1,1,1,13,52,476,115,8,13,161,159,122,3,10,10,1,1,1,17,67,44,1,26,1,2,4,51,2,2,1,1,1,1,1,1,1,1,1,1,1,1,1,1,1,1,1,1,1,1,1,1,1,1,1,1,1,1,1,1,1,1,1,1,1,1,1,1,1,1,1,1,1,1,1,1,1,1
1,1,1,30,6,30,1,1,1,15,32,7,7,7,7,7,7,7,7,7,16,16,16,16,16,13,13,13,13,36,355,3,3,1,1,13,28,109,317,7,13,494,33,14,3,7,10,1,1,1,17,137,69,1,26,1,2,4,9,2,2,1,1,1,1,1,1,1,1,1,1,1,1,1,1,1,1,1,1,1,1,1,1,1,1,1,1,1,1,1,1,1,1,1,1,1,1,1,1,1,1,1,1,1,1,1,1,1,1
1,1,1,4,4,4,1,1,1,103,32,7,7,7,7,7,7,7,7,7,16,16,16,16,16,13,13,13,13,36,307,6,2,1,2,13,60,484,191,7,13,146,160,123,3,10,10,1,1,1,17,69,58,1,26,1,2,4,47,2,2,1,1,1,1,1,1,1,1,1,1,1,1,1,1,1,1,1,1,1,1,1,1,1,1,1,1,1,1,1,1,1,1,1,1,1,1,1,1,1,1,1,1,1,1,1,1,1,1
1,1,1,5,1,5,1,1,1,65,32,7,7,7,7,7,7,7,7,7,16,16,16,16,16,13,13,13,13,36,372,124,107,3,7,13,26,126,482,9,13,233,146,110,3,16,10,1,1,1,17,138,44,1,26,1,2,14,2,2,57,1,1,1,1,1,1,1,1,1,1,1,1,1,1,1,1,1,1,1,1,1,1,1,1,1,1,1,1,1,1,1,1,1,1,1,1,1,1,1,1,1,1,1,1,1,1,1,1
1,1,1,6,2,6,1,1,1,57,32,7,7,7,7,7,7,7,7,7,16,16,16,16,16,13,13,13,13,36,297,96,79,3,4,13,52,42,117,6,13,495,77,47,3,10,10,1,1,1,17,2,46,1,26,1,2,7,16,2,56,1,1,1,1,1,1,1,1,1,1,1,1,1,1,1,1,1,1,1,1,1,1,1,1,1,1,1,1,1,1,1,1,1,1,1,1,1,1,1,1,1,1,1,1,1,1,1,1
1,1,1,7,3,7,1,1,1,62,32,7,7,7,7,7,7,7,7,7,16,16,16,16,16,13,13,13,13,35,421,130,112,3,7,13,8,485,120,7,39,149,161,124,3,5,10,1,1,1,17,61,69,1,26,1,2,28,3,2,49,1,1,1,1,1,1,1,1,1,1,1,1,1,1,1,1,1,1,1,1,1,1,1,1,1,1,1,1,1,1,1,1,1,1,1,1,1,1,1,1,1,1,1,1,1,1,1,1
1,1,1,28,7,28,1,1,1,51,32,7,7,7,7,7,7,7,7,7,16,16,16,16,16,13,13,13,13,36,352,1,1,1,1,13,18,345,183,6,13,204,1,1,1,1,10,1,1,1,17,49,61,1,26,1,1,1,1,1,1,1,1,1,1,1,1,1,1,1,1,1,1,1,1,1,1,1,1,1,1,1,1,1,1,1,1,1,1,1,1,1,1,1,1,1,1,1,1,1,1,1,1,1,1,1,1,1,1
1,1,1,31,5,31,1,1,1,12,32,7,7,7,7,7,7,7,7,7,16,16,16,16,16,13,13,13,13,36,422,106,89,1,1,13,1,486,438,7,13,340,65,37,3,7,10,1,1,1,17,104,48,1,26,1,26,4,23,2,2,1,1,1,1,1,1,1,1,1,1,1,1,1,1,1,1,1,1,1,1,1,1,1,1,1,1,1,1,1,1,1,1,1,1,1,1,1,1,1,1,1,1,1,1,1,1,1,1
1,1,1,8,3,8,1,1,1,27,33,7,7,7,7,7,7,7,7,7,8,8,8,8,8,6,6,6,6,37,89,5,2,1,2,10,8,99,415,7,40,496,30,1,1,1,13,1,1,1,2,11,11,1,18,2,1,1,1,1,1,1,1,1,1,1,1,1,1,1,1,1,1,1,1,1,1,1,1,1,1,1,1,1,1,1,1,1,1,1,1,1,1,1,1,1,1,1,1,1,1,1,1,1,1,1,1,1,1
1,1,1,24,7,24,1,1,1,78,33,7,7,7,7,7,7,7,7,7,8,8,8,8,8,6,6,6,6,37,423,15,2,1,2,10,5,487,424,8,40,165,16,1,1,1,13,1,1,1,2,17,11,1,18,2,1,1,1,1,1,1,1,1,1,1,1,1,1,1,1,1,1,1,1,1,1,1,1,1,1,1,1,1,1,1,1,1,1,1,1,1,1,1,1,1,1,1,1,1,1,1,1,1,1,1,1,1,1
1,1,1,9,5,9,1,1,1,78,33,7,7,7,7,7,7,7,7,7,8,8,8,8,8,6,6,6,6,37,424,1,1,1,1,10,18,488,251,8,40,497,66,1,1,1,13,1,1,1,2,15,36,1,18,2,1,1,1,1,1,1,1,1,1,1,1,1,1,1,1,1,1,1,1,1,1,1,1,1,1,1,1,1,1,1,1,1,1,1,1,1,1,1,1,1,1,1,1,1,1,1,1,1,1,1,1,1,1
1,1,1,10,6,10,1,1,1,58,33,7,7,7,7,7,7,7,7,7,8,8,8,8,8,6,6,6,6,37,425,111,94,3,13,10,8,489,483,8,40,471,52,25,3,11,13,1,1,1,2,35,9,1,18,2,44,4,3,2,2,1,1,1,1,1,1,1,1,1,1,1,1,1,1,1,1,1,1,1,1,1,1,1,1,1,1,1,1,1,1,1,1,1,1,1,1,1,1,1,1,1,1,1,1,1,1,1,1
1,1,1,11,4,11,1,1,1,5,33,7,7,7,7,7,7,7,7,7,8,8,8,8,8,6,6,6,6,37,89,5,2,1,2,10,10,490,484,5,40,266,20,1,1,6,13,1,1,1,2,37,28,1,18,2,1,1,1,1,1,1,1,1,1,1,1,1,1,1,1,1,1,1,1,1,1,1,1,1,1,1,1,1,1,1,1,1,1,1,1,1,1,1,1,1,1,1,1,1,1,1,1,1,1,1,1,1,1
1,1,1,12,1,12,1,1,1,30,33,7,7,7,7,7,7,7,7,7,8,8,8,8,8,6,6,6,6,37,125,6,2,1,2,10,9,117,485,3,40,498,14,1,1,1,13,1,1,1,2,10,9,1,18,2,1,1,1,1,1,1,1,1,1,1,1,1,1,1,1,1,1,1,1,1,1,1,1,1,1,1,1,1,1,1,1,1,1,1,1,1,1,1,1,1,1,1,1,1,1,1,1,1,1,1,1,1,1
1,1,1,13,2,13,1,1,1,60,33,7,7,7,7,7,7,7,7,7,8,8,8,8,8,6,6,6,6,37,426,2,2,1,2,10,20,46,252,9,40,266,20,1,1,6,13,1,1,1,2,42,8,1,18,2,1,1,1,1,1,1,1,1,1,1,1,1,1,1,1,1,1,1,1,1,1,1,1,1,1,1,1,1,1,1,1,1,1,1,1,1,1,1,1,1,1,1,1,1,1,1,1,1,1,1,1,1,1
1,1,1,14,3,14,1,1,1,78,33,7,7,7,7,7,7,7,7,7,8,8,8,8,8,6,6,6,6,37,427,16,2,1,2,10,47,487,257,16,40,264,48,21,1,6,13,1,1,1,2,53,26,1,18,2,1,1,1,1,1,1,1,1,1,1,1,1,1,1,1,1,1,1,1,1,1,1,1,1,1,1,1,1,1,1,1,1,1,1,1,1,1,1,1,1,1,1,1,1,1,1,1,1,1,1,1,1,1
1,1,1,25,7,25,1,1,1,95,33,7,7,7,7,7,7,7,7,7,8,8,8,8,8,6,6,6,6,37,219,27,13,3,4,10,21,238,486,8,40,499,94,61,3,4,13,1,1,1,2,44,47,1,18,2,45,4,49,2,2,1,1,1,1,1,1,1,1,1,1,1,1,1,1,1,1,1,1,1,1,1,1,1,1,1,1,1,1,1,1,1,1,1,1,1,1,1,1,1,1,1,1,1,1,1,1,1,1
1,1,1,15,5,15,1,1,1,99,33,7,7,7,7,7,7,7,7,7,8,8,8,8,8,6,6,6,6,37,317,22,10,3,6,10,25,104,487,3,40,499,94,61,3,4,13,1,1,1,2,16,32,1,18,2,46,4,50,2,2,1,1,1,1,1,1,1,1,1,1,1,1,1,1,1,1,1,1,1,1,1,1,1,1,1,1,1,1,1,1,1,1,1,1,1,1,1,1,1,1,1,1,1,1,1,1,1,1
1,1,1,16,6,16,1,1,1,111,33,7,7,7,7,7,7,7,7,7,8,8,8,8,8,6,6,6,6,37,426,2,2,1,2,10,3,491,265,5,40,242,55,28,1,6,13,1,1,1,2,54,29,1,18,2,1,1,1,1,1,1,1,1,1,1,1,1,1,1,1,1,1,1,1,1,1,1,1,1,1,1,1,1,1,1,1,1,1,1,1,1,1,1,1,1,1,1,1,1,1,1,1,1,1,1,1,1,1
1,1,1,17,4,17,1,1,1,65,33,7,7,7,7,7,7,7,7,7,8,8,8,8,8,6,6,6,6,37,423,15,2,1,2,10,20,491,251,5,40,500,46,1,1,1,13,1,1,1,2,34,9,1,18,2,1,1,1,1,1,1,1,1,1,1,1,1,1,1,1,1,1,1,1,1,1,1,1,1,1,1,1,1,1,1,1,1,1,1,1,1,1,1,1,1,1,1,1,1,1,1,1,1,1,1,1,1,1
1,1,1,18,1,18,1,1,1,30,33,7,7,7,7,7,7,7,7,7,8,8,8,8,8,6,6,6,6,37,426,2,2,1,2,10,4,487,359,6,40,228,35,1,1,1,13,1,1,1,2,35,7,1,18,2,1,1,1,1,1,1,1,1,1,1,1,1,1,1,1,1,1,1,1,1,1,1,1,1,1,1,1,1,1,1,1,1,1,1,1,1,1,1,1,1,1,1,1,1,1,1,1,1,1,1,1,1,1
1,1,1,19,2,19,1,1,1,92,33,7,7,7,7,7,7,7,7,7,8,8,8,8,8,6,6,6,6,37,428,3,3,1,1,10,15,491,417,8,40,440,27,1,1,1,13,1,1,1,2,11,11,1,18,2,1,1,1,1,1,1,1,1,1,1,1,1,1,1,1,1,1,1,1,1,1,1,1,1,1,1,1,1,1,1,1,1,1,1,1,1,1,1,1,1,1,1,1,1,1,1,1,1,1,1,1,1,1
1,1,1,20,3,20,1,1,1,76,33,7,7,7,7,7,7,7,7,7,8,8,8,8,8,6,6,6,6,37,429,12,2,1,2,10,14,117,250,8,40,228,35,1,1,1,13,1,1,1,2,15,8,1,18,2,1,1,1,1,1,1,1,1,1,1,1,1,1,1,1,1,1,1,1,1,1,1,1,1,1,1,1,1,1,1,1,1,1,1,1,1,1,1,1,1,1,1,1,1,1,1,1,1,1,1,1,1,1
1,1,1,26,7,26,1,1,1,120,33,7,7,7,7,7,7,7,7,7,8,8,8,8,8,6,6,6,6,37,125,6,2,1,2,10,14,141,488,7,40,228,35,1,1,1,13,1,1,1,2,9,28,1,18,2,1,1,1,1,1,1,1,1,1,1,1,1,1,1,1,1,1,1,1,1,1,1,1,1,1,1,1,1,1,1,1,1,1,1,1,1,1,1,1,1,1,1,1,1,1,1,1,1,1,1,1,1,1
1,1,1,21,5,21,1,1,1,31,33,7,7,7,7,7,7,7,7,7,8,8,8,8,8,6,6,6,6,37,89,5,2,1,2,10,13,492,250,8,40,228,35,1,1,1,13,1,1,1,2,17,9,1,18,2,1,1,1,1,1,1,1,1,1,1,1,1,1,1,1,1,1,1,1,1,1,1,1,1,1,1,1,1,1,1,1,1,1,1,1,1,1,1,1,1,1,1,1,1,1,1,1,1,1,1,1,1,1
1,1,1,22,6,22,1,1,1,34,33,7,7,7,7,7,7,7,7,7,8,8,8,8,8,6,6,6,6,37,429,12,2,1,2,10,15,99,489,7,40,434,29,1,1,3,13,1,1,1,2,14,14,1,18,2,1,1,1,1,1,1,1,1,1,1,1,1,1,1,1,1,1,1,1,1,1,1,1,1,1,1,1,1,1,1,1,1,1,1,1,1,1,1,1,1,1,1,1,1,1,1,1,1,1,1,1,1,1
1,1,1,23,4,23,1,1,1,33,33,7,7,7,7,7,7,7,7,7,8,8,8,8,8,6,6,6,6,37,361,96,79,3,4,10,21,239,446,1,40,501,33,14,3,7,13,1,1,1,2,22,28,1,18,2,42,4,22,2,2,1,1,1,1,1,1,1,1,1,1,1,1,1,1,1,1,1,1,1,1,1,1,1,1,1,1,1,1,1,1,1,1,1,1,1,1,1,1,1,1,1,1,1,1,1,1,1,1
1,1,1,1,1,1,1,1,1,33,33,7,7,7,7,7,7,7,7,7,8,8,8,8,8,6,6,6,6,37,430,63,47,3,6,10,49,493,452,8,40,456,162,125,3,5,13,1,1,1,2,104,8,1,18,2,2,34,47,2,2,1,1,1,1,1,1,1,1,1,1,1,1,1,1,1,1,1,1,1,1,1,1,1,1,1,1,1,1,1,1,1,1,1,1,1,1,1,1,1,1,1,1,1,1,1,1,1,1
1,1,1,2,2,2,1,1,1,93,33,7,7,7,7,7,7,7,7,7,8,8,8,8,8,6,6,6,6,37,431,31,17,3,10,10,20,494,490,15,40,502,50,23,3,10,13,1,1,1,2,34,10,1,18,2,2,35,3,2,47,1,1,1,1,1,1,1,1,1,1,1,1,1,1,1,1,1,1,1,1,1,1,1,1,1,1,1,1,1,1,1,1,1,1,1,1,1,1,1,1,1,1,1,1,1,1,1,1
1,1,1,3,3,3,1,1,1,34,33,7,7,7,7,7,7,7,7,7,8,8,8,8,8,6,6,6,6,37,429,12,2,1,2,10,18,495,421,8,40,434,29,1,1,3,13,1,1,1,2,14,11,1,18,2,1,1,1,1,1,1,1,1,1,1,1,1,1,1,1,1,1,1,1,1,1,1,1,1,1,1,1,1,1,1,1,1,1,1,1,1,1,1,1,1,1,1,1,1,1,1,1,1,1,1,1,1,1
1,1,1,27,7,27,1,1,1,71,33,7,7,7,7,7,7,7,7,7,8,8,8,8,8,6,6,6,6,37,89,5,2,1,2,10,3,46,359,1,40,497,66,1,1,1,13,1,1,1,2,21,12,1,18,2,1,1,1,1,1,1,1,1,1,1,1,1,1,1,1,1,1,1,1,1,1,1,1,1,1,1,1,1,1,1,1,1,1,1,1,1,1,1,1,1,1,1,1,1,1,1,1,1,1,1,1,1,1
1,1,1,29,5,29,1,1,1,26,33,7,7,7,7,7,7,7,7,7,8,8,8,8,8,6,6,6,6,37,428,3,3,1,1,10,18,46,252,2,40,267,54,27,1,6,13,1,1,1,2,21,8,1,18,2,1,1,1,1,1,1,1,1,1,1,1,1,1,1,1,1,1,1,1,1,1,1,1,1,1,1,1,1,1,1,1,1,1,1,1,1,1,1,1,1,1,1,1,1,1,1,1,1,1,1,1,1,1
1,1,1,30,6,30,1,1,1,73,33,7,7,7,7,7,7,7,7,7,8,8,8,8,8,6,6,6,6,37,432,89,72,3,10,10,26,248,255,16,40,457,32,13,3,5,13,1,1,1,2,81,16,1,18,2,2,56,6,2,2,1,1,1,1,1,1,1,1,1,1,1,1,1,1,1,1,1,1,1,1,1,1,1,1,1,1,1,1,1,1,1,1,1,1,1,1,1,1,1,1,1,1,1,1,1,1,1,1
1,1,1,4,4,4,1,1,1,86,33,7,7,7,7,7,7,7,7,7,8,8,8,8,8,6,6,6,6,37,433,138,120,3,11,10,52,496,491,7,40,503,132,97,3,12,13,1,1,1,2,52,32,1,18,2,2,49,16,2,81,1,1,1,1,1,1,1,1,1,1,1,1,1,1,1,1,1,1,1,1,1,1,1,1,1,1,1,1,1,1,1,1,1,1,1,1,1,1,1,1,1,1,1,1,1,1,1,1
1,1,1,5,1,5,1,1,1,45,33,7,7,7,7,7,7,7,7,7,8,8,8,8,8,6,6,6,6,37,434,36,22,3,6,10,61,497,323,8,40,504,141,106,3,11,13,1,1,1,2,136,34,1,18,2,2,10,52,2,62,1,1,1,1,1,1,1,1,1,1,1,1,1,1,1,1,1,1,1,1,1,1,1,1,1,1,1,1,1,1,1,1,1,1,1,1,1,1,1,1,1,1,1,1,1,1,1,1
1,1,1,6,2,6,1,1,1,77,33,7,7,7,7,7,7,7,7,7,8,8,8,8,8,6,6,6,6,37,424,1,1,1,1,10,13,487,263,3,40,273,34,15,1,6,13,1,1,1,2,54,30,1,18,2,1,1,1,1,1,1,1,1,1,1,1,1,1,1,1,1,1,1,1,1,1,1,1,1,1,1,1,1,1,1,1,1,1,1,1,1,1,1,1,1,1,1,1,1,1,1,1,1,1,1,1,1,1
1,1,1,7,3,7,1,1,1,93,33,7,7,7,7,7,7,7,7,7,8,8,8,8,8,6,6,6,6,37,125,6,2,1,2,10,15,492,488,1,40,165,16,1,1,1,13,1,1,1,2,50,26,1,18,2,1,1,1,1,1,1,1,1,1,1,1,1,1,1,1,1,1,1,1,1,1,1,1,1,1,1,1,1,1,1,1,1,1,1,1,1,1,1,1,1,1,1,1,1,1,1,1,1,1,1,1,1,1
1,1,1,28,7,28,1,1,1,39,33,7,7,7,7,7,7,7,7,7,8,8,8,8,8,6,6,6,6,37,212,61,45,3,4,10,3,242,446,7,40,505,65,37,3,7,13,1,1,1,2,34,9,1,18,2,47,4,3,2,44,1,1,1,1,1,1,1,1,1,1,1,1,1,1,1,1,1,1,1,1,1,1,1,1,1,1,1,1,1,1,1,1,1,1,1,1,1,1,1,1,1,1,1,1,1,1,1,1
1,1,1,31,5,31,1,1,1,36,33,7,7,7,7,7,7,7,7,7,8,8,8,8,8,6,6,6,6,37,423,15,2,1,2,10,4,498,141,5,40,153,31,1,1,1,13,1,1,1,2,21,9,1,18,2,1,1,1,1,1,1,1,1,1,1,1,1,1,1,1,1,1,1,1,1,1,1,1,1,1,1,1,1,1,1,1,1,1,1,1,1,1,1,1,1,1,1,1,1,1,1,1,1,1,1,1,1,1
1,1,1,8,3,8,1,1,1,89,34,7,7,7,7,7,7,7,7,7,12,12,12,12,12,10,10,10,10,36,296,17,2,1,1,13,13,180,492,5,41,403,31,1,1,1,4,1,1,1,14,112,109,1,22,3,1,1,1,1,1,1,1,1,1,1,1,1,1,1,1,1,1,1,1,1,1,1,1,1,1,1,1,1,1,1,1,1,1,1,1,1,1,1,1,1,1,1,1,1,1,1,1,1,1,1,1,1,1
1,1,1,24,7,24,1,1,1,14,34,7,7,7,7,7,7,7,7,7,12,12,12,12,12,10,10,10,10,36,96,56,41,3,6,13,14,112,55,6,41,59,74,45,3,7,4,1,1,1,14,131,121,1,22,3,16,4,3,2,35,1,1,1,1,1,1,1,1,1,1,1,1,1,1,1,1,1,1,1,1,1,1,1,1,1,1,1,1,1,1,1,1,1,1,1,1,1,1,1,1,1,1,1,1,1,1,1,1
1,1,1,9,5,9,1,1,1,9,34,7,7,7,7,7,7,7,7,7,12,12,12,12,12,10,10,10,10,36,294,48,34,1,1,13,9,178,493,5,41,45,10,5,1,6,4,1,1,1,14,113,109,1,22,3,1,1,1,1,1,1,1,1,1,1,1,1,1,1,1,1,1,1,1,1,1,1,1,1,1,1,1,1,1,1,1,1,1,1,1,1,1,1,1,1,1,1,1,1,1,1,1,1,1,1,1,1,1
1,1,1,10,6,10,1,1,1,116,34,7,7,7,7,7,7,7,7,7,12,12,12,12,12,10,10,10,10,36,157,5,2,1,2,13,7,499,494,8,41,506,25,1,1,3,4,1,1,1,14,139,116,1,22,3,1,1,1,1,1,1,1,1,1,1,1,1,1,1,1,1,1,1,1,1,1,1,1,1,1,1,1,1,1,1,1,1,1,1,1,1,1,1,1,1,1,1,1,1,1,1,1,1,1,1,1,1,1
1,1,1,11,4,11,1,1,1,82,34,7,7,7,7,7,7,7,7,7,12,12,12,12,12,10,10,10,10,36,157,5,2,1,2,13,1,335,495,7,41,507,12,1,1,1,4,1,1,1,14,113,115,1,22,3,1,1,1,1,1,1,1,1,1,1,1,1,1,1,1,1,1,1,1,1,1,1,1,1,1,1,1,1,1,1,1,1,1,1,1,1,1,1,1,1,1,1,1,1,1,1,1,1,1,1,1,1,1
1,1,1,12,1,12,1,1,1,21,34,7,7,7,7,7,7,7,7,7,12,12,12,12,12,10,10,10,10,36,418,15,2,1,2,13,20,180,492,5,41,403,31,1,1,1,4,1,1,1,14,108,109,1,22,3,1,1,1,1,1,1,1,1,1,1,1,1,1,1,1,1,1,1,1,1,1,1,1,1,1,1,1,1,1,1,1,1,1,1,1,1,1,1,1,1,1,1,1,1,1,1,1,1,1,1,1,1,1
1,1,1,13,2,13,1,1,1,8,34,7,7,7,7,7,7,7,7,7,12,12,12,12,12,10,10,10,10,36,415,2,2,1,2,13,5,478,496,8,41,508,23,1,1,1,4,1,1,1,14,122,116,1,22,3,1,1,1,1,1,1,1,1,1,1,1,1,1,1,1,1,1,1,1,1,1,1,1,1,1,1,1,1,1,1,1,1,1,1,1,1,1,1,1,1,1,1,1,1,1,1,1,1,1,1,1,1,1
1,1,1,14,3,14,1,1,1,90,34,7,7,7,7,7,7,7,7,7,12,12,12,12,12,10,10,10,10,36,415,2,2,1,2,13,9,408,497,7,41,506,25,1,1,3,4,1,1,1,14,140,121,1,22,3,1,1,1,1,1,1,1,1,1,1,1,1,1,1,1,1,1,1,1,1,1,1,1,1,1,1,1,1,1,1,1,1,1,1,1,1,1,1,1,1,1,1,1,1,1,1,1,1,1,1,1,1,1
1,1,1,25,7,25,1,1,1,63,34,7,7,7,7,7,7,7,7,7,12,12,12,12,12,10,10,10,10,36,359,71,55,1,1,13,3,500,42,7,41,52,37,16,1,6,4,1,1,1,14,118,117,1,22,3,1,1,1,1,1,1,1,1,1,1,1,1,1,1,1,1,1,1,1,1,1,1,1,1,1,1,1,1,1,1,1,1,1,1,1,1,1,1,1,1,1,1,1,1,1,1,1,1,1,1,1,1,1
1,1,1,15,5,15,1,1,1,66,34,7,7,7,7,7,7,7,7,7,12,12,12,12,12,10,10,10,10,36,157,5,2,1,2,13,1,335,498,7,41,509,30,1,1,1,4,1,1,1,14,132,116,1,22,3,1,1,1,1,1,1,1,1,1,1,1,1,1,1,1,1,1,1,1,1,1,1,1,1,1,1,1,1,1,1,1,1,1,1,1,1,1,1,1,1,1,1,1,1,1,1,1,1,1,1,1,1,1
1,1,1,16,6,16,1,1,1,62,34,7,7,7,7,7,7,7,7,7,12,12,12,12,12,10,10,10,10,36,435,27,13,3,4,13,14,501,49,7,41,54,21,10,1,6,4,1,1,1,14,132,115,1,22,3,1,1,1,1,1,1,1,1,1,1,1,1,1,1,1,1,1,1,1,1,1,1,1,1,1,1,1,1,1,1,1,1,1,1,1,1,1,1,1,1,1,1,1,1,1,1,1,1,1,1,1,1,1
1,1,1,17,4,17,1,1,1,57,34,7,7,7,7,7,7,7,7,7,12,12,12,12,12,10,10,10,10,36,164,12,2,1,2,13,9,480,499,8,41,510,2,1,1,1,4,1,1,1,14,133,108,1,22,3,1,1,1,1,1,1,1,1,1,1,1,1,1,1,1,1,1,1,1,1,1,1,1,1,1,1,1,1,1,1,1,1,1,1,1,1,1,1,1,1,1,1,1,1,1,1,1,1,1,1,1,1,1
1,1,1,18,1,18,1,1,1,47,34,7,7,7,7,7,7,7,7,7,12,12,12,12,12,10,10,10,10,36,164,12,2,1,2,13,18,408,500,5,41,508,23,1,1,1,4,1,1,1,14,124,110,1,22,3,1,1,1,1,1,1,1,1,1,1,1,1,1,1,1,1,1,1,1,1,1,1,1,1,1,1,1,1,1,1,1,1,1,1,1,1,1,1,1,1,1,1,1,1,1,1,1,1,1,1,1,1,1
1,1,1,19,2,19,1,1,1,13,34,7,7,7,7,7,7,7,7,7,12,12,12,12,12,10,10,10,10,36,436,61,45,3,4,13,10,474,45,8,41,56,163,126,3,7,4,1,1,1,14,128,107,1,22,3,11,4,15,2,2,1,1,1,1,1,1,1,1,1,1,1,1,1,1,1,1,1,1,1,1,1,1,1,1,1,1,1,1,1,1,1,1,1,1,1,1,1,1,1,1,1,1,1,1,1,1,1,1
1,1,1,20,3,20,1,1,1,64,34,7,7,7,7,7,7,7,7,7,12,12,12,12,12,10,10,10,10,36,416,99,82,1,1,13,47,339,43,3,41,511,19,9,3,7,4,1,1,1,14,111,108,1,22,3,2,4,23,2,56,1,1,1,1,1,1,1,1,1,1,1,1,1,1,1,1,1,1,1,1,1,1,1,1,1,1,1,1,1,1,1,1,1,1,1,1,1,1,1,1,1,1,1,1,1,1,1,1
1,1,1,26,7,26,1,1,1,2,34,7,7,7,7,7,7,7,7,7,12,12,12,12,12,10,10,10,10,36,164,12,2,1,2,13,14,410,495,8,41,512,14,1,1,1,4,1,1,1,14,113,108,1,22,3,1,1,1,1,1,1,1,1,1,1,1,1,1,1,1,1,1,1,1,1,1,1,1,1,1,1,1,1,1,1,1,1,1,1,1,1,1,1,1,1,1,1,1,1,1,1,1,1,1,1,1,1,1
1,1,1,21,5,21,1,1,1,103,34,7,7,7,7,7,7,7,7,7,12,12,12,12,12,10,10,10,10,36,127,60,44,1,1,13,14,502,501,6,41,513,27,1,1,1,4,1,1,1,14,130,116,1,22,3,1,1,1,1,1,1,1,1,1,1,1,1,1,1,1,1,1,1,1,1,1,1,1,1,1,1,1,1,1,1,1,1,1,1,1,1,1,1,1,1,1,1,1,1,1,1,1,1,1,1,1,1,1
1,1,1,22,6,22,1,1,1,69,34,7,7,7,7,7,7,7,7,7,12,12,12,12,12,10,10,10,10,36,355,3,3,1,1,13,27,334,493,7,41,514,55,28,1,6,4,1,1,1,14,121,121,1,22,3,1,1,1,1,1,1,1,1,1,1,1,1,1,1,1,1,1,1,1,1,1,1,1,1,1,1,1,1,1,1,1,1,1,1,1,1,1,1,1,1,1,1,1,1,1,1,1,1,1,1,1,1,1
1,1,1,23,4,23,1,1,1,44,34,7,7,7,7,7,7,7,7,7,12,12,12,12,12,10,10,10,10,36,415,2,2,1,2,13,15,335,496,5,41,515,1,1,1,1,4,1,1,1,14,124,108,1,22,3,1,1,1,1,1,1,1,1,1,1,1,1,1,1,1,1,1,1,1,1,1,1,1,1,1,1,1,1,1,1,1,1,1,1,1,1,1,1,1,1,1,1,1,1,1,1,1,1,1,1,1,1,1
1,1,1,1,1,1,1,1,1,67,34,7,7,7,7,7,7,7,7,7,12,12,12,12,12,10,10,10,10,36,164,12,2,1,2,13,15,177,502,5,41,509,30,1,1,1,4,1,1,1,14,141,113,1,22,3,1,1,1,1,1,1,1,1,1,1,1,1,1,1,1,1,1,1,1,1,1,1,1,1,1,1,1,1,1,1,1,1,1,1,1,1,1,1,1,1,1,1,1,1,1,1,1,1,1,1,1,1,1
1,1,1,2,2,2,1,1,1,66,34,7,7,7,7,7,7,7,7,7,12,12,12,12,12,10,10,10,10,36,42,74,57,3,6,13,19,113,407,6,41,56,163,126,3,7,4,1,1,1,14,131,117,1,22,3,2,57,3,2,2,1,1,1,1,1,1,1,1,1,1,1,1,1,1,1,1,1,1,1,1,1,1,1,1,1,1,1,1,1,1,1,1,1,1,1,1,1,1,1,1,1,1,1,1,1,1,1,1
1,1,1,3,3,3,1,1,1,23,34,7,7,7,7,7,7,7,7,7,12,12,12,12,12,10,10,10,10,36,42,74,57,3,6,13,18,110,407,5,41,48,81,50,3,10,4,1,1,1,14,134,113,1,22,3,2,39,3,2,12,1,1,1,1,1,1,1,1,1,1,1,1,1,1,1,1,1,1,1,1,1,1,1,1,1,1,1,1,1,1,1,1,1,1,1,1,1,1,1,1,1,1,1,1,1,1,1,1
1,1,1,27,7,27,1,1,1,56,34,7,7,7,7,7,7,7,7,7,12,12,12,12,12,10,10,10,10,36,355,3,3,1,1,13,33,177,499,8,41,510,2,1,1,1,4,1,1,1,14,131,117,1,22,3,1,1,1,1,1,1,1,1,1,1,1,1,1,1,1,1,1,1,1,1,1,1,1,1,1,1,1,1,1,1,1,1,1,1,1,1,1,1,1,1,1,1,1,1,1,1,1,1,1,1,1,1,1
1,1,1,29,5,29,1,1,1,66,34,7,7,7,7,7,7,7,7,7,12,12,12,12,12,10,10,10,10,36,417,35,21,1,1,13,46,110,411,7,41,516,60,32,3,7,4,1,1,1,14,40,116,1,22,3,2,24,44,2,2,1,1,1,1,1,1,1,1,1,1,1,1,1,1,1,1,1,1,1,1,1,1,1,1,1,1,1,1,1,1,1,1,1,1,1,1,1,1,1,1,1,1,1,1,1,1,1,1
1,1,1,30,6,30,1,1,1,42,34,7,7,7,7,7,7,7,7,7,12,12,12,12,12,10,10,10,10,36,271,19,8,1,1,13,61,332,46,8,41,50,159,122,3,10,4,1,1,1,14,33,113,1,22,3,2,39,16,2,2,1,1,1,1,1,1,1,1,1,1,1,1,1,1,1,1,1,1,1,1,1,1,1,1,1,1,1,1,1,1,1,1,1,1,1,1,1,1,1,1,1,1,1,1,1,1,1,1
1,1,1,4,4,4,1,1,1,7,34,7,7,7,7,7,7,7,7,7,12,12,12,12,12,10,10,10,10,36,297,96,79,3,4,13,38,115,55,8,41,336,98,65,3,7,4,1,1,1,14,111,116,1,22,3,2,15,23,2,16,1,1,1,1,1,1,1,1,1,1,1,1,1,1,1,1,1,1,1,1,1,1,1,1,1,1,1,1,1,1,1,1,1,1,1,1,1,1,1,1,1,1,1,1,1,1,1,1
1,1,1,5,1,5,1,1,1,43,34,7,7,7,7,7,7,7,7,7,12,12,12,12,12,10,10,10,10,36,360,139,121,3,7,13,15,341,440,5,41,201,143,108,3,5,4,1,1,1,14,132,116,1,22,3,2,4,3,2,70,1,1,1,1,1,1,1,1,1,1,1,1,1,1,1,1,1,1,1,1,1,1,1,1,1,1,1,1,1,1,1,1,1,1,1,1,1,1,1,1,1,1,1,1,1,1,1,1
1,1,1,6,2,6,1,1,1,88,34,7,7,7,7,7,7,7,7,7,12,12,12,12,12,10,10,10,10,36,305,66,50,3,5,13,20,138,478,5,41,517,122,87,3,11,4,1,1,1,14,116,106,1,22,3,2,27,28,2,64,1,1,1,1,1,1,1,1,1,1,1,1,1,1,1,1,1,1,1,1,1,1,1,1,1,1,1,1,1,1,1,1,1,1,1,1,1,1,1,1,1,1,1,1,1,1,1,1
1,1,1,7,3,7,1,1,1,21,34,7,7,7,7,7,7,7,7,7,12,12,12,12,12,10,10,10,10,36,33,104,87,3,6,13,14,37,442,8,41,57,61,33,3,7,4,1,1,1,14,141,114,1,22,3,2,4,3,2,41,1,1,1,1,1,1,1,1,1,1,1,1,1,1,1,1,1,1,1,1,1,1,1,1,1,1,1,1,1,1,1,1,1,1,1,1,1,1,1,1,1,1,1,1,1,1,1,1
1,1,1,28,7,28,1,1,1,81,34,7,7,7,7,7,7,7,7,7,12,12,12,12,12,10,10,10,10,36,418,15,2,1,2,13,14,405,496,7,41,518,35,1,1,1,4,1,1,1,14,133,118,1,22,3,1,1,1,1,1,1,1,1,1,1,1,1,1,1,1,1,1,1,1,1,1,1,1,1,1,1,1,1,1,1,1,1,1,1,1,1,1,1,1,1,1,1,1,1,1,1,1,1,1,1,1,1,1
1,1,1,31,5,31,1,1,1,56,34,7,7,7,7,7,7,7,7,7,12,12,12,12,12,10,10,10,10,36,437,14,2,1,2,13,1,177,495,5,41,518,35,1,1,1,4,1,1,1,14,118,118,1,22,3,1,1,1,1,1,1,1,1,1,1,1,1,1,1,1,1,1,1,1,1,1,1,1,1,1,1,1,1,1,1,1,1,1,1,1,1,1,1,1,1,1,1,1,1,1,1,1,1,1,1,1,1,1
1,1,1,8,3,8,1,1,1,113,35,12,12,12,12,12,6,6,6,6,17,17,17,17,17,3,3,3,3,25,438,52,38,3,6,5,1,503,368,7,8,143,20,1,1,6,7,1,1,1,6,32,21,1,27,2,1,1,1,1,1,1,1,1,1,1,1,1,1,1,1,1,1,1,1,1,1,1,1,1,1,1,1,1,1,1,1,1,1,1,1,1,1,1,1,1,1,1,1,1,1,1,1,1,1,1,1,1,1
1,1,1,24,7,24,1,1,1,2,35,12,12,12,12,12,6,6,6,6,17,17,17,17,17,3,3,3,3,25,316,92,75,3,6,5,39,504,363,7,8,428,98,65,3,7,7,1,1,1,6,19,20,1,27,2,8,4,3,2,68,1,1,1,1,1,1,1,1,1,1,1,1,1,1,1,1,1,1,1,1,1,1,1,1,1,1,1,1,1,1,1,1,1,1,1,1,1,1,1,1,1,1,1,1,1,1,1,1
1,1,1,9,5,9,1,1,1,60,35,12,12,12,12,12,6,6,6,6,17,17,17,17,17,3,3,3,3,25,439,13,2,1,2,5,22,505,224,6,8,155,75,1,1,3,7,1,1,1,6,74,22,1,27,2,1,1,1,1,1,1,1,1,1,1,1,1,1,1,1,1,1,1,1,1,1,1,1,1,1,1,1,1,1,1,1,1,1,1,1,1,1,1,1,1,1,1,1,1,1,1,1,1,1,1,1,1,1
1,1,1,10,6,10,1,1,1,66,35,12,12,12,12,12,6,6,6,6,17,17,17,17,17,3,3,3,3,25,313,2,2,1,2,5,47,139,96,6,8,519,89,1,1,3,7,1,1,1,6,9,24,1,27,2,1,1,1,1,1,1,1,1,1,1,1,1,1,1,1,1,1,1,1,1,1,1,1,1,1,1,1,1,1,1,1,1,1,1,1,1,1,1,1,1,1,1,1,1,1,1,1,1,1,1,1,1,1
1,1,1,11,4,11,1,1,1,44,35,12,12,12,12,12,6,6,6,6,17,17,17,17,17,3,3,3,3,25,440,29,15,1,1,5,25,92,130,6,8,60,9,1,1,3,7,1,1,1,6,36,51,1,27,2,1,1,1,1,1,1,1,1,1,1,1,1,1,1,1,1,1,1,1,1,1,1,1,1,1,1,1,1,1,1,1,1,1,1,1,1,1,1,1,1,1,1,1,1,1,1,1,1,1,1,1,1,1
1,1,1,12,1,12,1,1,1,12,35,12,12,12,12,12,6,6,6,6,17,17,17,17,17,3,3,3,3,25,313,2,2,1,2,5,24,350,106,5,8,60,9,1,1,3,7,1,1,1,6,50,51,1,27,2,1,1,1,1,1,1,1,1,1,1,1,1,1,1,1,1,1,1,1,1,1,1,1,1,1,1,1,1,1,1,1,1,1,1,1,1,1,1,1,1,1,1,1,1,1,1,1,1,1,1,1,1,1
1,1,1,13,2,13,1,1,1,18,35,12,12,12,12,12,6,6,6,6,17,17,17,17,17,3,3,3,3,25,313,2,2,1,2,5,13,506,503,6,8,520,91,1,1,3,7,1,1,1,6,74,13,1,27,2,1,1,1,1,1,1,1,1,1,1,1,1,1,1,1,1,1,1,1,1,1,1,1,1,1,1,1,1,1,1,1,1,1,1,1,1,1,1,1,1,1,1,1,1,1,1,1,1,1,1,1,1,1
1,1,1,14,3,14,1,1,1,66,35,12,12,12,12,12,6,6,6,6,17,17,17,17,17,3,3,3,3,25,439,13,2,1,2,5,53,98,504,6,8,521,55,28,1,6,7,1,1,1,6,8,20,1,27,2,1,1,1,1,1,1,1,1,1,1,1,1,1,1,1,1,1,1,1,1,1,1,1,1,1,1,1,1,1,1,1,1,1,1,1,1,1,1,1,1,1,1,1,1,1,1,1,1,1,1,1,1,1
1,1,1,25,7,25,1,1,1,91,35,12,12,12,12,12,6,6,6,6,17,17,17,17,17,3,3,3,3,25,310,6,2,1,2,5,17,97,505,8,8,60,9,1,1,3,7,1,1,1,6,17,20,1,27,2,1,1,1,1,1,1,1,1,1,1,1,1,1,1,1,1,1,1,1,1,1,1,1,1,1,1,1,1,1,1,1,1,1,1,1,1,1,1,1,1,1,1,1,1,1,1,1,1,1,1,1,1,1
1,1,1,15,5,15,1,1,1,1,35,12,12,12,12,12,6,6,6,6,17,17,17,17,17,3,3,3,3,25,4,4,4,2,3,5,2,4,3,4,8,3,3,2,2,2,7,2,4,1,6,4,3,1,27,2,1,1,1,1,1,1,1,1,1,1,1,1,1,1,1,1,1,1,1,1,1,1,1,1,1,1,1,1,1,1,1,1,1,1,1,1,1,1,1,1,1,1,1,1,1,1,1,1,1,1,1,1,1