C_CUSTKEY,C_NAME,C_ADDRESS,C_PHONE,C_ACCTBAL,C_COMMENT,L_EXTENDEDPRICE,L_DISCOUNT,N_NAME
1,2,3,5,6,8,21,22,31
34,35,36,38,39,41,51,52,38
34,35,36,38,39,41,61,65,38
34,35,36,38,39,41,75,76,38
34,35,36,38,39,41,85,86,93
34,35,36,38,39,41,74,97,38
34,35,36,38,39,41,106,107,38
112,113,114,115,116,117,124,125,132
112,113,114,115,116,117,135,136,38
112,113,114,115,116,117,141,142,38
146,147,148,150,151,152,106,161,149
146,147,148,150,151,152,104,168,149
146,147,148,150,151,152,85,174,149
146,147,148,150,151,152,180,181,149
185,186,187,189,190,192,96,202,205
209,210,211,212,213,214,223,126,10
209,210,211,212,213,214,232,126,228
237,238,239,240,241,242,250,24,253
237,238,239,240,241,242,258,162,253
237,238,239,240,241,242,265,126,253
267,268,269,231,271,41,281,282,231
287,288,289,290,291,292,300,301,189
287,288,289,290,291,292,307,308,313
287,288,289,290,291,292,20,316,189
287,288,289,290,291,292,321,322,189
287,288,289,290,291,292,264,327,189
287,288,289,290,291,292,334,335,189
340,341,342,343,344,345,355,10,58
340,341,342,343,344,345,21,21,366
368,369,370,372,373,192,124,10,58
368,369,370,372,373,192,390,96,58
395,396,397,398,399,400,408,53,411
395,396,397,398,399,400,415,87,411
395,396,397,398,399,400,420,108,411
395,396,397,398,399,400,426,108,411
428,429,430,431,432,433,442,66,411
445,446,447,448,449,450,202,458,5
445,446,447,448,449,450,106,462,5
466,467,468,469,470,471,479,480,74
466,467,468,469,470,471,487,488,74
466,467,468,469,470,471,105,492,494
466,467,468,469,470,471,105,496,500
501,502,503,504,505,506,514,98,231
501,502,503,504,505,506,521,24,253
501,502,503,504,505,506,525,88,231
530,531,532,533,534,535,543,53,387
530,531,532,533,534,535,548,24,387
550,551,552,553,554,555,563,87,566
550,551,552,553,554,555,570,162,566
73,574,575,222,577,8,96,307,590
73,574,575,222,577,8,61,594,597
73,574,575,222,577,8,74,599,603
73,574,575,222,577,8,21,306,607
73,574,575,222,577,8,105,281,612
614,615,616,617,618,620,627,88,629
614,615,616,617,618,620,631,108,629
635,636,637,638,639,640,647,162,228
650,651,652,653,654,655,661,16,361
650,651,652,653,654,655,666,77,361
587,668,669,16,671,673,355,679,16
587,668,669,16,671,673,104,684,16
587,668,669,16,671,673,96,688,16
587,668,669,16,671,673,222,694,16
697,698,699,700,701,702,354,710,16
697,698,699,700,701,702,307,714,16
718,719,720,721,722,723,730,24,32
718,719,720,721,722,723,735,16,32
718,719,720,721,722,723,740,162,32
718,719,720,721,722,723,743,88,32
718,719,720,721,722,723,746,108,32
748,749,750,751,752,753,761,762,105
748,749,750,751,752,753,390,770,105
665,772,773,775,776,673,61,74,786
665,772,773,775,776,673,96,306,792
665,772,773,775,776,673,74,257,797
665,772,773,775,776,673,10,300,801
665,772,773,775,776,673,21,96,805
806,807,808,809,810,811,85,10,366
806,807,808,809,810,811,825,21,58
43,828,829,830,831,832,355,840,300
43,828,829,830,831,832,761,845,300
43,828,829,830,831,832,5,848,300
850,851,852,853,854,855,863,864,300
850,851,852,853,854,855,734,867,300
850,851,852,853,854,855,665,870,300
850,851,852,853,854,855,281,873,300
850,851,852,853,854,855,372,876,300
850,851,852,853,854,855,264,879,300
882,883,884,885,886,887,895,53,326
882,883,884,885,886,887,902,87,898
904,905,906,907,908,909,222,917,10
904,905,906,907,908,909,51,920,10
922,923,924,74,926,8,936,794,129
22,940,941,942,943,944,951,24,954
957,958,959,321,961,192,863,970,321
957,958,959,321,961,192,761,976,321
957,958,959,321,961,192,75,979,321
957,958,959,321,961,192,264,982,321
984,985,986,987,988,989,61,307,999
984,985,986,987,988,989,10,135,1002
984,985,986,987,988,989,105,594,1005
1006,1007,1008,1009,1010,1011,1018,87,300
1006,1007,1008,1009,1010,1011,1022,66,842
1006,1007,1008,1009,1010,1011,1025,126,842
1006,1007,1008,1009,1010,1011,1029,126,300
106,1032,1033,16,1035,673,189,1043,16
106,1032,1033,16,1035,673,202,1046,16
106,1032,1033,16,1035,673,761,1050,16
106,1032,1033,16,1035,673,20,1054,16
106,1032,1033,16,1035,673,38,1057,16
106,1032,1033,16,1035,673,257,1060,16
106,1032,1033,16,1035,673,326,1063,16
1066,1067,1068,1069,1070,1071,1078,98,387
1066,1067,1068,1069,1070,1071,1081,77,387
1083,1084,1085,1087,38,1089,96,257,1096
1083,1084,1085,1087,38,1089,105,306,1099
1100,1101,1102,1103,1104,1105,74,1113,326
1100,1101,1102,1103,1104,1105,222,1117,326
1120,1121,1122,1123,1124,1125,665,1132,96
1134,1135,1136,1137,1138,1139,1146,87,566
1134,1135,1136,1137,1138,1139,1150,108,566
1134,1135,1136,1137,1138,1139,1154,66,566
1134,1135,1136,1137,1138,1139,1157,162,566
1159,1160,1161,1162,1163,1164,280,1172,281
1177,1178,1179,1180,1181,1182,1189,66,629
1177,1178,1179,1180,1181,1182,1192,98,629
1177,1178,1179,1180,1181,1182,1195,108,629
1198,1199,1200,1201,1202,1203,263,1211,1213
1198,1199,1200,1201,1202,1203,105,1217,21
1219,1220,1221,1222,1223,1224,1230,126,1232
263,1234,1235,372,1237,673,38,1245,372
263,1234,1235,372,1237,673,61,1249,372
263,1234,1235,372,1237,673,734,1252,372
263,1234,1235,372,1237,673,356,1256,372
1258,1259,1260,1261,1262,1263,1267,98,264
1258,1259,1260,1261,1262,1263,1271,88,361
1258,1259,1260,1261,1262,1263,1276,77,264
1258,1259,1260,1261,1262,1263,1279,88,361
1258,1259,1260,1261,1262,1263,1282,24,361
1258,1259,1260,1261,1262,1263,1285,88,361
1287,1288,1289,1290,1291,1292,1299,24,898
1287,1288,1289,1290,1291,1292,1301,162,898
1303,1304,1305,1306,1307,1308,1315,98,206
1303,1304,1305,1306,1307,1308,1319,88,206
1321,1322,1323,1324,1325,1326,281,1333,16
1321,1322,1323,1324,1325,1326,51,1337,16
1321,1322,1323,1324,1325,1326,356,1340,1342
1321,1322,1323,1324,1325,1326,222,1344,16
1321,1322,1323,1324,1325,1326,141,1350,16
1352,1353,1354,1355,1356,1357,189,1365,326
1352,1353,1354,1355,1356,1357,124,1368,326
146,147,148,150,151,152,124,1376,149
1378,1379,1380,1381,1382,1383,1389,98,954
1391,1392,1393,300,1395,192,21,775,1405
1391,1392,1393,300,1395,192,10,222,1408
1409,1410,1411,149,1413,192,149,1421,149
1409,1410,1411,149,1413,192,307,1425,149
1427,1428,1429,1430,1431,1432,1438,77,1440
1427,1428,1429,1430,1431,1432,1443,87,1440
1427,1428,1429,1430,1431,1432,1446,53,1440
1427,1428,1429,1430,1431,1432,1449,66,307
1427,1428,1429,1430,1431,1432,1453,66,1440
1455,1456,1457,1458,1459,1460,1467,98,1214
1455,1456,1457,1458,1459,1460,1470,88,1214
1455,1456,1457,1458,1459,1460,1473,98,1214
1455,1456,1457,1458,1459,1460,1476,87,1214
1455,1456,1457,1458,1459,1460,1479,53,1214
1481,1482,1483,1484,1485,1486,280,1495,149
1481,1482,1483,1484,1485,1486,1498,1499,149
1481,1482,1483,1484,1485,1486,105,1501,149
1481,1482,1483,1484,1485,1486,10,1504,149
1506,1507,1508,1510,222,1512,729,74,70
1506,1507,1508,1510,222,1512,609,61,110
1506,1507,1508,1510,222,1512,202,105,58
1528,1529,1530,1531,1532,1533,326,105,1543
1528,1529,1530,1531,1532,1533,21,74,1547
1528,1529,1530,1531,1532,1533,74,105,1550
1528,1529,1530,1531,1532,1533,96,300,1553
1554,1555,1556,1558,372,1560,599,10,130
1554,1555,1556,1558,372,1560,761,96,101
1554,1555,1556,1558,372,1560,315,74,110
1554,1555,1556,1558,372,1560,513,21,366
1580,1581,1582,1583,1584,1585,1591,126,300
1593,1594,1595,1596,1597,1598,1603,98,387
1605,1606,1607,1608,1609,1610,1617,108,60
1619,1620,1621,1622,1623,1624,1630,98,766
1619,1620,1621,1622,1623,1624,1633,53,105
1619,1620,1621,1622,1623,1624,1637,16,766
1619,1620,1621,1622,1623,1624,1640,53,766
1619,1620,1621,1622,1623,1624,1643,24,105
1646,1647,1648,1649,1650,1651,1657,108,1440
1646,1647,1648,1649,1650,1651,1660,16,1440
1662,1663,1664,1666,51,1668,1677,1255,57
1680,1681,1682,281,1684,41,10,354,1694
1680,1681,1682,281,1684,41,21,390,1697
1680,1681,1682,281,1684,41,61,22,1700
1680,1681,1682,281,1684,41,96,104,1703
1704,1705,1706,1708,141,1710,487,74,30
1704,1705,1706,1708,141,1710,321,21,70
1704,1705,1706,1708,141,1710,326,10,366
1704,1705,1706,1708,141,1710,256,96,110
1728,1729,1730,356,1732,619,257,1739,356
1728,1729,1730,356,1732,619,665,1742,356
1728,1729,1730,356,1732,619,5,1744,356
1728,1729,1730,356,1732,619,180,1747,356
1728,1729,1730,356,1732,619,306,1749,356
1728,1729,1730,356,1732,619,75,1752,356
1754,1755,1756,1757,1758,1759,1766,108,1174
1754,1755,1756,1757,1758,1759,1769,77,1174
1771,1772,1773,1774,1775,1776,1783,88,1785
1771,1772,1773,1774,1775,1776,1788,87,1785
1771,1772,1773,1774,1775,1776,1791,53,61
1794,1795,1796,1797,1798,1799,1805,66,206
1794,1795,1796,1797,1798,1799,1807,108,206
1794,1795,1796,1797,1798,1799,1810,108,206
1794,1795,1796,1797,1798,1799,1813,108,206
1794,1795,1796,1797,1798,1799,1816,98,206
1794,1795,1796,1797,1798,1799,1819,87,206
1821,1822,1823,1824,1825,1826,306,1833,372
1836,1837,1838,1839,1840,1841,124,1848,21
1850,1851,1852,1853,1854,1855,1498,1861,21
1314,1863,1864,1865,1866,1867,257,1874,264
1876,1877,1878,1879,1880,1881,21,863,1890
1876,1877,1878,1879,1880,1881,10,74,1893
1894,1895,1896,1897,1898,1899,1905,88,591
1907,1908,1909,1910,1911,1912,21,222,1920
1907,1908,1909,1910,1911,1912,61,202,1923
1907,1908,1909,1910,1911,1912,96,96,1926
1907,1908,1909,1910,1911,1912,105,775,1930
1931,1932,1933,1934,1935,1936,5,1942,10
1931,1932,1933,1934,1935,1936,124,1945,10
1948,1949,1950,1951,1952,1953,1959,16,972
1519,1961,1962,61,1964,673,38,1973,61
1976,1977,1978,1979,1980,1981,75,1989,189
1976,1977,1978,1979,1980,1981,263,1992,189
1976,1977,1978,1979,1980,1981,761,1995,189
1997,1998,1999,326,2001,41,10,599,2011
1997,1998,1999,326,2001,41,21,231,2014
2015,2016,2017,2019,75,2021,124,10,130
2031,2032,2033,2034,2035,2036,2042,126,361
2031,2032,2033,2034,2035,2036,2046,126,361
2048,2049,2050,2051,2052,2053,280,2061,2063
2064,2065,2066,2067,2068,2069,2074,98,483
2064,2065,2066,2067,2068,2069,2077,126,483
2064,2065,2066,2067,2068,2069,2080,53,483
2064,2065,2066,2067,2068,2069,2083,77,483
2085,2086,2087,2088,2089,2090,74,2098,38
2085,2086,2087,2088,2089,2090,180,2101,38
2085,2086,2087,2088,2089,2090,231,2104,38
2106,2107,2108,2109,2110,2111,2117,77,5
2106,2107,2108,2109,2110,2111,2121,66,32
2106,2107,2108,2109,2110,2111,2124,108,32
2106,2107,2108,2109,2110,2111,2127,66,5
2106,2107,2108,2109,2110,2111,2131,77,32
334,2133,2134,2135,2136,2137,2144,98,629
334,2133,2134,2135,2136,2137,2147,98,629
334,2133,2134,2135,2136,2137,2150,66,629
334,2133,2134,2135,2136,2137,2153,66,629
334,2133,2134,2135,2136,2137,2156,87,629
916,2158,2159,2160,2161,270,105,135,2170
916,2158,2159,2160,2161,270,10,354,2173
916,2158,2159,2160,2161,270,96,189,2175
916,2158,2159,2160,2161,270,326,257,2178
916,2158,2159,2160,2161,270,21,75,2181
185,186,187,189,190,192,326,2187,189
280,2189,2190,2191,2192,2193,231,2199,105
280,2189,2190,2191,2192,2193,180,2202,105
280,2189,2190,2191,2192,2193,487,2206,105
280,2189,2190,2191,2192,2193,355,2209,105
280,2189,2190,2191,2192,2193,5,2212,2214
280,2189,2190,2191,2192,2193,1498,2216,2218
280,2189,2190,2191,2192,2193,264,2219,105
1554,1555,1556,1558,372,1560,307,21,366
1554,1555,1556,1558,372,1560,231,74,30
2230,2231,2232,2233,2234,2235,21,775,2244
95,2246,2247,222,2249,8,61,106,2259
95,2246,2247,222,2249,8,10,257,2261
95,2246,2247,222,2249,8,96,281,2265
95,2246,2247,222,2249,8,74,263,2268
95,2246,2247,222,2249,8,21,355,2271
2272,2273,2274,2275,2276,2277,2282,16,206
1445,2284,2285,21,2287,192,356,2295,2297
1445,2284,2285,21,2287,192,307,2299,21
2301,2302,2303,2304,2305,2306,2312,16,1174
2301,2302,2303,2304,2305,2306,2315,16,1174
2301,2302,2303,2304,2305,2306,2318,77,1174
2301,2302,2303,2304,2305,2306,2321,88,1174
2323,2324,2325,2326,2327,2328,307,2334,96
2323,2324,2325,2326,2327,2328,96,2337,96
2339,2340,2341,321,2343,192,334,2351,321
2339,2340,2341,321,2343,192,222,2355,321
2339,2340,2341,321,2343,192,326,2358,2360
2361,2362,2363,2364,2365,2366,2373,88,775
2375,2376,270,264,2378,41,222,2387,264
2375,2376,270,264,2378,41,257,2390,264
2392,2393,2394,2395,2396,2397,2403,98,206
2392,2393,2394,2395,2396,2397,2405,98,206
2407,2408,2409,2410,2411,2412,2419,88,1232
2407,2408,2409,2410,2411,2412,2422,24,1232
2407,2408,2409,2410,2411,2412,2425,98,1232
2407,2408,2409,2410,2411,2412,2429,126,1232
2431,2432,2433,2434,2435,2436,2441,24,766
2431,2432,2433,2434,2435,2436,2444,88,766
2431,2432,2433,2434,2435,2436,2447,98,766
2431,2432,2433,2434,2435,2436,2450,16,766
2452,2453,2454,2455,2456,2457,2464,126,842
2466,2467,2468,2469,2470,2471,2476,108,228
2466,2467,2468,2469,2470,2471,2478,98,228
2466,2467,2468,2469,2470,2471,2480,77,228
2466,2467,2468,2469,2470,2471,2483,77,228
2466,2467,2468,2469,2470,2471,2485,162,10
491,2488,2489,2490,2491,2492,2498,53,787
2500,2501,2502,2503,2504,2505,2510,77,842
2500,2501,2502,2503,2504,2505,2513,126,842
2500,2501,2502,2503,2504,2505,2516,66,842
2500,2501,2502,2503,2504,2505,2519,53,842
2500,2501,2502,2503,2504,2505,2522,162,842
237,238,239,240,241,242,2528,98,253
237,238,239,240,241,242,2531,88,253
2533,2534,2535,2536,2537,2538,2544,66,483
2533,2534,2535,2536,2537,2538,2547,87,483
2533,2534,2535,2536,2537,2538,2549,66,483
2551,2552,2553,2554,2555,2556,2562,126,1214
2551,2552,2553,2554,2555,2556,2565,53,1214
2551,2552,2553,2554,2555,2556,2567,24,1214
2569,2570,2571,2572,2573,2574,2580,66,411
2582,2583,2584,96,2586,192,61,863,2595
2582,2583,2584,96,2586,192,96,231,2598
2599,2600,2601,372,2602,673,334,2610,372
2599,2600,2601,372,2602,673,761,2613,2615
2599,2600,2601,372,2602,673,149,2617,372
2599,2600,2601,372,2602,673,202,2620,372
2622,2623,2624,96,2626,619,189,2633,96
2622,2623,2624,96,2626,619,665,2636,96
2622,2623,2624,96,2626,619,231,2638,96
2622,2623,2624,96,2626,619,390,2640,2642
478,2643,2644,21,2646,41,307,2654,2656
478,2643,2644,21,2646,41,75,2657,21
478,2643,2644,21,2646,41,300,2660,2662
1339,2663,2664,2665,2666,2667,2673,98,566
1339,2663,2664,2665,2666,2667,2676,24,566
2678,2679,2680,2681,2682,2683,2688,98,954
2678,2679,2680,2681,2682,2683,2691,53,954
2678,2679,2680,2681,2682,2683,2694,87,954
2678,2679,2680,2681,2682,2683,2696,126,954
2678,2679,2680,2681,2682,2683,2698,88,954
2678,2679,2680,2681,2682,2683,2701,126,954
1045,2703,2704,2705,2706,2707,10,2714,51
1198,1199,1200,1201,1202,1203,38,2720,21
1198,1199,1200,1201,1202,1203,189,2723,21
1198,1199,1200,1201,1202,1203,202,2726,21
1198,1199,1200,1201,1202,1203,141,2729,21
1198,1199,1200,1201,1202,1203,75,2732,21
2734,2735,2736,356,2738,41,281,2746,356
2734,2735,2736,356,2738,41,51,2749,356
2751,2752,2753,2754,2755,2756,2762,16,681
2751,2752,2753,2754,2755,2756,2765,162,681
2751,2752,2753,2754,2755,2756,2768,77,16
2771,2772,2773,2774,2775,2776,51,2749,326
2784,2785,2786,2787,2788,2789,104,2796,61
2798,2799,2800,2801,2802,2803,2809,98,206
2811,2812,2813,2814,2815,2816,2822,24,566
2811,2812,2813,2814,2815,2816,2825,24,566
2811,2812,2813,2814,2815,2816,2827,162,566
2811,2812,2813,2814,2815,2816,2830,88,566
2811,2812,2813,2814,2815,2816,2833,87,566
2811,2812,2813,2814,2815,2816,2836,98,566
2838,2839,2840,2842,356,2844,74,355,2852
2838,2839,2840,2842,356,2844,21,38,2856
2838,2839,2840,2842,356,2844,61,22,2859
2838,2839,2840,2842,356,2844,96,257,2863
2838,2839,2840,2842,356,2844,10,321,2866
2867,2868,2869,189,2871,41,75,2878,189
2880,2881,2882,2883,2884,2885,2890,77,387
2880,2881,2882,2883,2884,2885,2893,88,387
2895,2896,2897,222,2899,41,20,2907,222
2895,2896,2897,222,2899,41,135,2909,222
2895,2896,2897,222,2899,41,280,2912,222
2895,2896,2897,222,2899,41,734,2914,222
326,2916,2917,2918,2919,2920,326,257,2929
326,2916,2917,2918,2919,2920,105,20,2931
326,2916,2917,2918,2919,2920,61,355,2933
326,2916,2917,2918,2919,2920,96,334,2936
326,2916,2917,2918,2919,2920,10,202,2940
2176,2941,2942,2943,2944,2945,2951,77,681
2953,2954,2955,326,2957,192,355,2965,326
2953,2954,2955,326,2957,192,487,2967,326
2953,2954,2955,326,2957,192,263,2970,326
2972,2973,2974,2975,2976,2977,96,326,270
2972,2973,2974,2975,2976,2977,105,38,2988
1321,1322,1323,1324,1325,1326,61,141,2996
1321,1322,1323,1324,1325,1326,96,21,3000
1321,1322,1323,1324,1325,1326,21,135,3004
1321,1322,1323,1324,1325,1326,105,38,3006
1321,1322,1323,1324,1325,1326,10,307,3009
3010,3011,3012,3013,3014,3015,492,126,787
3010,3011,3012,3013,3014,3015,3023,24,787
3025,3026,3027,3028,3029,3030,3036,16,591
3038,3039,3040,372,3042,619,321,3050,372
3038,3039,3040,372,3042,619,180,3052,372
3038,3039,3040,372,3042,619,356,3055,372
3038,3039,3040,372,3042,619,51,3058,372
3060,3061,3062,3063,3064,3065,3072,53,681
1177,1178,1179,1180,1181,1182,3078,16,629
718,719,720,721,722,723,189,3086,5
3088,3089,3090,3091,3092,3093,3098,162,787
3088,3089,3090,3091,3092,3093,3100,87,787
3088,3089,3090,3091,3092,3093,3103,66,787
3088,3089,3090,3091,3092,3093,3106,108,787
3108,3109,3110,75,3112,192,38,3121,75
3108,3109,3110,75,3112,192,281,3124,75
3126,3127,3128,3129,3130,3131,3138,98,1174
3126,3127,3128,3129,3130,3131,3141,126,1174
3143,3144,3145,3146,3147,3148,3153,87,954
586,3155,3156,3157,3158,3159,124,3166,149
586,3155,3156,3157,3158,3159,263,3169,149
586,3155,3156,3157,3158,3159,189,3171,149
586,3155,3156,3157,3158,3159,734,3174,149
3176,3177,3178,3179,3180,3181,3186,24,228
3176,3177,3178,3179,3180,3181,3189,126,228
3176,3177,3178,3179,3180,3181,3192,162,228
3176,3177,3178,3179,3180,3181,3195,126,228
321,3197,3198,3199,3200,3201,3207,87,1232
321,3197,3198,3199,3200,3201,3210,87,1232
3213,3214,3215,3216,3217,3218,3223,98,228
3213,3214,3215,3216,3217,3218,3226,126,228
3213,3214,3215,3216,3217,3218,3229,66,228
3232,3233,3234,3235,3236,3237,96,3243,372
3232,3233,3234,3235,3236,3237,231,3246,372
3232,3233,3234,3235,3236,3237,96,3248,372
3232,3233,3234,3235,3236,3237,141,3252,3254
3232,3233,3234,3235,3236,3237,10,3256,372
3232,3233,3234,3235,3236,3237,321,3259,372
3261,3262,3263,307,3265,41,10,321,3275
3261,3262,3263,307,3265,41,21,149,3278
3279,3280,3281,51,3283,673,202,3291,51
3279,3280,3281,51,3283,673,104,3294,51
3279,3280,3281,51,3283,673,51,3296,51
3298,3299,3300,3301,3302,3303,10,85,3313
3298,3299,3300,3301,3302,3303,21,372,3316
3317,3318,3319,321,3321,8,21,665,3330
3317,3318,3319,321,3321,8,105,105,3333
3317,3318,3319,321,3321,8,96,106,3336
3317,3318,3319,321,3321,8,61,141,3338
3317,3318,3319,321,3321,8,10,222,3341
3343,3344,3345,3346,3347,3348,3354,24,629
3356,3357,3358,3359,3360,3361,3367,162,483
3369,3370,3371,3372,3373,3374,3379,88,1785
3369,3370,3371,3372,3373,3374,3384,87,1785
3369,3370,3371,3372,3373,3374,3386,66,1785
3369,3370,3371,3372,3373,3374,3388,66,1785
3369,3370,3371,3372,3373,3374,3391,98,1785
3369,3370,3371,3372,3373,3374,3394,66,1785
3369,3370,3371,3372,3373,3374,3397,162,1785
3399,3400,3401,3402,3403,3404,3409,88,954
3399,3400,3401,3402,3403,3404,3411,24,954
3399,3400,3401,3402,3403,3404,3414,126,954
3416,3417,3418,3420,141,3422,3430,160,81
3416,3417,3418,3420,141,3422,3433,256,81
3416,3417,3418,3420,141,3422,1639,38,129
3438,3439,3440,3441,3442,3443,3449,108,21
3438,3439,3440,3441,3442,3443,3452,53,1214
3438,3439,3440,3441,3442,3443,3455,162,1214
3438,3439,3440,3441,3442,3443,3458,24,1214
3438,3439,3440,3441,3442,3443,3461,16,1214
3463,3464,3465,3466,3467,3468,21,105,3476
3463,3464,3465,3466,3467,3468,10,51,3478
173,3479,3480,3481,3482,3483,3488,98,141
173,3479,3480,3481,3482,3483,3492,88,1232
3494,3495,3496,3497,3498,3499,3506,88,387
2838,2839,2840,2842,356,2844,96,222,3512
3514,3515,3516,3517,3518,3519,3525,77,972
141,3527,3528,96,3530,8,75,3538,96
1094,3540,3541,3542,3543,3544,180,3551,74
1094,3540,3541,3542,3543,3544,372,3554,74
1094,3540,3541,3542,3543,3544,487,3556,74
1094,3540,3541,3542,3543,3544,354,3559,74
1094,3540,3541,3542,3543,3544,189,3561,74
3563,3564,3565,3566,3567,3568,3573,162,361
3563,3564,3565,3566,3567,3568,3576,108,361
3563,3564,3565,3566,3567,3568,3579,87,361
3581,3582,3583,3584,3585,3586,3592,108,1785
3581,3582,3583,3584,3585,3586,3595,87,1785
3597,3598,3599,3600,3601,3602,3608,162,1174
3597,3598,3599,3600,3601,3602,3611,16,1174
3613,3614,3615,3617,3618,3619,333,96,366
2152,3629,3630,3631,3632,3633,321,3640,105
2152,3629,3630,3631,3632,3633,775,3643,105
2211,3645,3646,372,3648,192,479,3656,372
2211,3645,3646,372,3648,192,599,3659,372
2211,3645,3646,372,3648,192,124,3661,372
2211,3645,3646,372,3648,192,180,3664,372
3666,3667,3668,3669,3670,3671,96,356,3681
3666,3667,3668,3669,3670,3671,61,761,3684
3666,3667,3668,3669,3670,3671,21,734,3687
3666,3667,3668,3669,3670,3671,105,96,3690
3666,3667,3668,3669,3670,3671,74,321,3693
3694,3695,3696,16,3698,8,74,3706,16
3708,3709,3710,3711,3712,3713,189,3718,189
3708,3709,3710,3711,3712,3713,51,3720,189
3708,3709,3710,3711,3712,3713,222,3722,189
3708,3709,3710,3711,3712,3713,356,3724,189
3726,3727,3728,3729,3730,3731,20,3735,16
3737,3738,3739,75,3741,192,61,665,3750
1894,1895,1896,1897,1898,1899,3756,108,591
1894,1895,1896,1897,1898,1899,3758,87,591
1894,1895,1896,1897,1898,1899,3761,24,591
1894,1895,1896,1897,1898,1899,3764,126,591
978,3766,3767,3768,3769,3770,3775,108,566
978,3766,3767,3768,3769,3770,3777,126,566
978,3766,3767,3768,3769,3770,3780,53,96
978,3766,3767,3768,3769,3770,3784,162,566
3088,3089,3090,3091,3092,3093,3791,87,787
3088,3089,3090,3091,3092,3093,3794,88,787
3088,3089,3090,3091,3092,3093,3797,88,787
2085,2086,2087,2088,2089,2090,281,3804,3805
1303,1304,1305,1306,1307,1308,3812,16,206
3814,3815,3816,264,3818,673,61,487,3826
3814,3815,3816,264,3818,673,96,124,3829
3814,3815,3816,264,3818,673,10,761,3831
3814,3815,3816,264,3818,673,105,734,3834
3814,3815,3816,264,3818,673,21,180,3837
3814,3815,3816,264,3818,673,74,104,3840
3841,3842,3843,3844,3845,3846,3851,77,954
3841,3842,3843,3844,3845,3846,3853,98,954
3841,3842,3843,3844,3845,3846,3856,162,954
1427,1428,1429,1430,1431,1432,96,38,3866
1427,1428,1429,1430,1431,1432,10,149,3869
3870,3871,3872,3873,3874,3875,3880,162,228
3870,3871,3872,3873,3874,3875,3883,98,228
3870,3871,3872,3873,3874,3875,3886,66,228
3870,3871,3872,3873,3874,3875,3889,16,228
3870,3871,3872,3873,3874,3875,3892,98,228
3870,3871,3872,3873,3874,3875,3895,24,228
3870,3871,3872,3873,3874,3875,3898,98,228
3900,3901,3902,3903,3904,3905,10,104,3914
3915,3916,3917,300,3919,619,264,3926,300
3915,3916,3917,300,3919,619,306,3929,3931
3915,3916,3917,300,3919,619,135,3932,300
3915,3916,3917,300,3919,619,479,3935,300
3937,3938,3939,3941,38,3943,441,21,70
3937,3938,3939,3941,38,3943,50,10,130
3937,3938,3939,3941,38,3943,461,74,58
3937,3938,3939,3941,38,3943,61,61,58
3937,3938,3939,3941,38,3943,665,96,130
3937,3938,3939,3941,38,3943,975,326,130
3937,3938,3939,3941,38,3943,1017,105,110
3968,3969,3970,3971,3972,3973,3979,77,972
3981,3982,3983,326,3985,673,105,863,3994
3981,3982,3983,326,3985,673,74,356,3996
3981,3982,3983,326,3985,673,10,264,3999
3981,3982,3983,326,3985,673,96,355,4002
263,1234,1235,372,1237,673,390,4008,372
4010,4011,4012,10,4014,619,355,4021,10
4010,4011,4012,10,4014,619,75,4024,10
4010,4011,4012,10,4014,619,104,4026,10
4010,4011,4012,10,4014,619,599,4029,10
321,3197,3198,3199,3200,3201,4035,77,1232
321,3197,3198,3199,3200,3201,4038,66,1232
1809,4040,4041,4042,4043,4044,10,135,4053
1809,4040,4041,4042,4043,4044,96,189,4057
4058,4059,4060,4061,4062,4063,4069,87,1440
4058,4059,4060,4061,4062,4063,4072,162,1440
4058,4059,4060,4061,4062,4063,4075,88,1440
4077,4078,4079,4080,4081,4082,4087,24,1232
4077,4078,4079,4080,4081,4082,4090,87,1232
4077,4078,4079,4080,4081,4082,4092,98,1232
4077,4078,4079,4080,4081,4082,4095,16,1232
604,4097,270,4099,51,4101,10,356,4108
604,4097,270,4099,51,4101,21,390,4111
3378,4112,4113,4114,4115,4116,4121,126,566
3378,4112,4113,4114,4115,4116,4124,16,566
3378,4112,4113,4114,4115,4116,4126,88,566
4128,4129,4130,141,4132,673,21,5,4142
4143,4144,4145,326,4147,673,61,96,4155
4143,4144,4145,326,4147,673,10,180,4158
4143,4144,4145,326,4147,673,21,38,4160
4143,4144,4145,326,4147,673,96,106,4163
4164,4165,4166,4167,4168,4169,4173,126,361
4175,4176,4177,4178,4179,4180,4185,66,954
4175,4176,4177,4178,4179,4180,3794,77,954
4175,4176,4177,4178,4179,4180,4188,126,954
4175,4176,4177,4178,4179,4180,4191,24,954
4175,4176,4177,4178,4179,4180,4193,16,51
4175,4176,4177,4178,4179,4180,4196,24,954
4175,4176,4177,4178,4179,4180,4199,16,954
3708,3709,3710,3711,3712,3713,5,4206,189
4208,4209,4210,4211,4212,4213,4218,66,787
4208,4209,4210,4211,4212,4213,4221,66,787
4208,4209,4210,4211,4212,4213,4224,24,787
520,4226,4227,4228,4229,4230,38,4236,5
520,4226,4227,4228,4229,4230,202,4240,5
520,4226,4227,4228,4229,4230,105,4242,5
520,4226,4227,4228,4229,4230,106,4244,5
520,4226,4227,4228,4229,4230,334,4247,4249
4250,4251,4252,4253,4254,4255,1498,4261,4262
4250,4251,4252,4253,4254,4255,257,4264,38
4250,4251,4252,4253,4254,4255,104,4267,38
4250,4251,4252,4253,4254,4255,21,4269,38
4250,4251,4252,4253,4254,4255,85,4272,38
4274,4275,270,10,4277,41,180,4284,10
4274,4275,270,10,4277,41,105,4287,10
4274,4275,270,10,4277,41,51,4289,10
4274,4275,270,10,4277,41,263,4292,10
4274,4275,270,10,4277,41,390,4295,10
4297,4298,4299,4300,4301,4302,4308,98,972
4297,4298,4299,4300,4301,4302,4311,77,972
4297,4298,4299,4300,4301,4302,4314,108,972
4297,4298,4299,4300,4301,4302,4317,24,972
4297,4298,4299,4300,4301,4302,4320,24,972
4297,4298,4299,4300,4301,4302,4323,98,972
4297,4298,4299,4300,4301,4302,4326,24,972
1680,1681,1682,281,1684,41,441,21,58
1680,1681,1682,281,1684,41,950,61,101
1680,1681,1682,281,1684,41,21,96,110
2106,2107,2108,2109,2110,2111,4347,98,32
2106,2107,2108,2109,2110,2111,4349,162,32
2336,4351,4352,4353,4354,4355,4361,108,165
2336,4351,4352,4353,4354,4355,4364,53,165
2336,4351,4352,4353,4354,4355,4366,88,165
3737,3738,3739,75,3741,192,149,4372,75
4374,4375,4376,74,4378,619,863,4386,74
4374,4375,4376,74,4378,619,75,4389,74
4391,4392,4393,4394,4395,4396,4401,53,372
4391,4392,4393,4394,4395,4396,4405,126,372
280,2189,2190,2191,2192,2193,135,4411,105
2009,4413,4414,51,4416,41,61,85,4425
2009,4413,4414,51,4416,41,21,307,4427
2009,4413,4414,51,4416,41,96,105,4429
2009,4413,4414,51,4416,41,10,21,4432
4433,4434,4435,4437,74,4439,96,10,4447
4433,4434,4435,4437,74,4439,10,734,4449
4433,4434,4435,4437,74,4439,61,281,4452
4433,4434,4435,4437,74,4439,21,189,4455
4456,4457,4458,4459,4460,4461,4466,53,1174
4456,4457,4458,4459,4460,4461,4469,53,281
4456,4457,4458,4459,4460,4461,4472,24,1174
4456,4457,4458,4459,4460,4461,4475,24,1174
4456,4457,4458,4459,4460,4461,4478,98,1174
4456,4457,4458,4459,4460,4461,4481,98,1174
1548,4483,4484,4485,4486,4487,4492,87,1785
1548,4483,4484,4485,4486,4487,4495,53,1785
4498,4499,270,149,4501,673,180,4508,149
4498,4499,270,149,4501,673,321,4511,149
4513,4514,4515,4516,4517,4518,594,4524,61
4513,4514,4515,4516,4517,4518,106,4526,4527
4513,4514,4515,4516,4517,4518,594,4529,61
4531,4532,4533,372,4535,673,10,761,4545
4546,4547,4548,4549,4550,4551,4556,53,51
4546,4547,4548,4549,4550,4551,4558,126,51
4546,4547,4548,4549,4550,4551,4561,162,954
4546,4547,4548,4549,4550,4551,4564,126,954
1056,4566,4567,16,4569,619,354,4577,16
4579,4580,4581,4582,4583,4584,202,4590,300
4579,4580,4581,4582,4583,4584,307,4593,300
4579,4580,4581,4582,4583,4584,105,4596,4597
4598,4599,4600,4601,4602,4603,21,104,4611
4598,4599,4600,4601,4602,4603,61,326,4614
4598,4599,4600,4601,4602,4603,96,334,4616
4598,4599,4600,4601,4602,4603,10,307,4618
4619,4620,4621,4622,4623,4624,4630,126,1785
4619,4620,4621,4622,4623,4624,4632,98,1785
4619,4620,4621,4622,4623,4624,4634,77,1785
4619,4620,4621,4622,4623,4624,4636,108,1785
4619,4620,4621,4622,4623,4624,4639,24,61
4619,4620,4621,4622,4623,4624,4643,126,1785
2294,4645,4646,4647,4648,4649,4654,98,206
2294,4645,4646,4647,4648,4649,4656,77,206
3383,4658,4659,4660,4661,4662,4667,24,1174
3383,4658,4659,4660,4661,4662,4670,66,1174
3383,4658,4659,4660,4661,4662,4672,87,1174
3383,4658,4659,4660,4661,4662,4675,87,1174
2734,2735,2736,356,2738,41,231,4682,356
2734,2735,2736,356,2738,41,74,4684,356
2734,2735,2736,356,2738,41,106,4686,356
2734,2735,2736,356,2738,41,61,4689,356
2734,2735,2736,356,2738,41,21,4692,356
2734,2735,2736,356,2738,41,479,4695,356
2734,2735,2736,356,2738,41,734,4698,356
3882,4700,4701,4702,4703,4704,10,4710,281
401,4712,4713,4714,4715,4716,982,77,411
401,4712,4713,4714,4715,4716,4722,24,411
61,4724,4725,4726,4727,4728,180,4734,61
61,4724,4725,4726,4727,4728,334,4737,61
4739,4740,4741,307,4743,673,354,4750,307
4739,4740,4741,307,4743,673,599,4753,4755
1720,4756,4757,4758,4759,4760,4766,126,591
4768,4769,4770,4771,4772,4773,10,4780,372
3025,3026,3027,3028,3029,3030,4785,126,591
550,551,552,553,554,555,4791,77,96
550,551,552,553,554,555,4793,108,566
550,551,552,553,554,555,4796,24,566
550,551,552,553,554,555,4798,126,566
4800,4801,4802,264,4804,673,21,264,4813
4814,4815,4816,4817,4818,4819,96,222,4829
4830,4831,4832,4833,4834,4835,61,222,4842
4830,4831,4832,4833,4834,4835,21,306,4845
4847,4848,4849,4850,4851,4852,4858,126,1174
4847,4848,4849,4850,4851,4852,4860,126,1174
4862,4863,4864,75,4866,8,124,4873,75
2230,2231,2232,2233,2234,2235,96,281,4881
4143,4144,4145,326,4147,673,10,124,4888
1545,4889,4890,4891,4892,4893,775,4898,96
1545,4889,4890,4891,4892,4893,334,4901,96
4903,4904,4905,4906,4907,4908,4914,77,1785
4903,4904,4905,4906,4907,4908,4916,87,61
4903,4904,4905,4906,4907,4908,4919,126,1785
4921,4922,4923,4924,4925,4926,4932,126,591
4921,4922,4923,4924,4925,4926,4934,77,591
4921,4922,4923,4924,4925,4926,4937,77,591
4921,4922,4923,4924,4925,4926,4939,16,591
4921,4922,4923,4924,4925,4926,4942,24,591
4921,4922,4923,4924,4925,4926,4945,24,591
2569,2570,2571,2572,2573,2574,4951,77,411
2569,2570,2571,2572,2573,2574,4953,53,411
146,147,148,150,151,152,96,264,4961
146,147,148,150,151,152,21,1498,4964
146,147,148,150,151,152,74,74,4966
146,147,148,150,151,152,10,281,4969
1352,1353,1354,1355,1356,1357,61,4974,326
1352,1353,1354,1355,1356,1357,149,4977,4979
4980,4981,4982,4983,4984,4985,306,4990,61
4980,4981,4982,4983,4984,4985,281,4992,61
4980,4981,4982,4983,4984,4985,479,4995,1327
4980,4981,4982,4983,4984,4985,135,4997,61
3463,3464,3465,3466,3467,3468,599,5003,5005
5006,5007,5008,321,5010,8,38,5017,321
5006,5007,5008,321,5010,8,61,5019,321
5006,5007,5008,321,5010,8,264,5022,321
1177,1178,1179,1180,1181,1182,5028,16,629
1177,1178,1179,1180,1181,1182,5031,98,629
1177,1178,1179,1180,1181,1182,5033,98,629
1177,1178,1179,1180,1181,1182,5036,77,629
5038,5039,5040,5041,5042,5043,21,5049,321
5051,5052,5053,5054,5055,5056,5062,162,898
5064,5065,5066,5067,5068,5069,5073,77,228
5064,5065,5066,5067,5068,5069,5075,16,228
5064,5065,5066,5067,5068,5069,5078,126,228
5064,5065,5066,5067,5068,5069,5081,24,228
5064,5065,5066,5067,5068,5069,5084,53,228
2722,5086,5087,5088,5089,5090,5096,66,32
2722,5086,5087,5088,5089,5090,5098,66,32
2722,5086,5087,5088,5089,5090,5100,88,32
2722,5086,5087,5088,5089,5090,5102,162,32
3811,5104,5105,5106,5107,5108,334,5114,775
5116,5117,5118,5119,5120,5121,5127,126,228
5116,5117,5118,5119,5120,5121,5130,66,228
1873,5132,5133,5134,5135,5136,5141,162,32
1873,5132,5133,5134,5135,5136,5143,16,32
1873,5132,5133,5134,5135,5136,5146,66,32
3679,5148,5149,5150,5151,5152,5157,162,228
3679,5148,5149,5150,5151,5152,5159,126,228
3679,5148,5149,5150,5151,5152,5162,108,228
3679,5148,5149,5150,5151,5152,5164,87,228
5166,5167,5168,5169,5170,5171,5177,126,165
5179,5180,5181,5182,5183,5184,5189,77,842
5179,5180,5181,5182,5183,5184,5192,162,842
739,5194,5195,75,5197,619,356,5205,75
739,5194,5195,75,5197,619,326,5207,75
520,4226,4227,4228,4229,4230,356,5214,5
520,4226,4227,4228,4229,4230,104,5217,5
520,4226,4227,4228,4229,4230,599,5220,5
1066,1067,1068,1069,1070,1071,5227,108,387
1066,1067,1068,1069,1070,1071,5229,88,372
1066,1067,1068,1069,1070,1071,5231,24,387
1066,1067,1068,1069,1070,1071,5233,66,387
3049,5235,5236,5237,5238,5239,761,5245,264
3049,5235,5236,5237,5238,5239,372,5248,264
4143,4144,4145,326,4147,673,96,74,5254
4143,4144,4145,326,4147,673,21,354,5257
4143,4144,4145,326,4147,673,61,5,5260
4143,4144,4145,326,4147,673,10,231,5264
3463,3464,3465,3466,3467,3468,96,487,5272
5273,5274,5275,5276,5277,5278,21,135,5286
5273,5274,5275,5276,5277,5278,61,775,5289
5273,5274,5275,5276,5277,5278,10,306,5291
5273,5274,5275,5276,5277,5278,74,20,5294
4430,5295,5296,10,5298,192,542,96,30
4430,5295,5296,10,5298,192,354,10,366
5311,5312,5313,5314,5315,5316,189,5320,96
5311,5312,5313,5314,5315,5316,51,5322,96
5311,5312,5313,5314,5315,5316,390,5324,96
5311,5312,5313,5314,5315,5316,189,5326,96
850,851,852,853,854,855,863,5333,300
4862,4863,4864,75,4866,8,96,5339,75
3928,5341,5342,5344,105,5346,96,10,70
3928,5341,5342,5344,105,5346,140,21,110
5077,5357,5358,5359,5360,5361,5366,66,149
5077,5357,5358,5359,5360,5361,5369,88,165
5371,5372,5373,5374,5375,5376,5382,66,60
1364,5384,5385,5386,5387,5388,300,5395,231
4313,5397,5398,5400,5401,5402,1336,21,101
561,5412,5413,5414,5415,5416,5422,108,1232
5424,5425,5426,264,5428,192,180,5435,264
5424,5425,5426,264,5428,192,189,5437,264
5424,5425,5426,264,5428,192,20,5440,264
5424,5425,5426,264,5428,192,775,5442,264
5444,5445,5446,307,5448,192,124,5456,307
5444,5445,5446,307,5448,192,21,5459,307
5444,5445,5446,307,5448,192,96,5461,307
5444,5445,5446,307,5448,192,61,5464,5466
1177,1178,1179,1180,1181,1182,5472,126,629
1177,1178,1179,1180,1181,1182,5474,24,629
5476,5477,5478,5479,5480,5481,5486,98,566
5476,5477,5478,5479,5480,5481,5489,16,566
5476,5477,5478,5479,5480,5481,5492,16,566
5476,5477,5478,5479,5480,5481,5494,126,566
5496,5497,5498,75,5500,41,487,5507,75
2609,5509,5510,5511,5512,5513,761,5518,38
2609,5509,5510,5511,5512,5513,479,5521,5523
5524,5525,5526,5527,5528,5529,5535,53,787
5524,5525,5526,5527,5528,5529,5538,88,775
5524,5525,5526,5527,5528,5529,5540,162,775
5543,5544,5545,5546,5547,5548,5554,108,1214
4175,4176,4177,4178,4179,4180,5560,53,954
4175,4176,4177,4178,4179,4180,5562,162,954
4175,4176,4177,4178,4179,4180,5565,24,954
5567,5568,5569,5570,5571,5572,5577,87,591
249,5579,5580,61,5582,8,761,5589,61
5591,5592,5593,5594,5595,5596,105,5602,51
5604,5605,5606,5607,5608,5609,5614,108,629
5604,5605,5606,5607,5608,5609,5616,16,629
5604,5605,5606,5607,5608,5609,5618,87,629
3626,5620,5621,5622,5623,5624,51,5631,149
3626,5620,5621,5622,5623,5624,372,5633,149
3626,5620,5621,5622,5623,5624,106,5635,149
3626,5620,5621,5622,5623,5624,135,5638,149
3626,5620,5621,5622,5623,5624,326,5641,149
3626,5620,5621,5622,5623,5624,761,5644,149
231,5646,5647,5648,5649,5650,231,5656,10
231,5646,5647,5648,5649,5650,106,5658,10
231,5646,5647,5648,5649,5650,75,5661,10
231,5646,5647,5648,5649,5650,594,5663,10
231,5646,5647,5648,5649,5650,280,5665,10
231,5646,5647,5648,5649,5650,356,5668,10
5670,5671,5672,5673,5674,5675,5681,98,165
5670,5671,5672,5673,5674,5675,5684,16,165
5670,5671,5672,5673,5674,5675,2478,108,165
5670,5671,5672,5673,5674,5675,5687,88,165
5670,5671,5672,5673,5674,5675,5690,98,165
5670,5671,5672,5673,5674,5675,5692,162,149
5670,5671,5672,5673,5674,5675,5695,24,165
5697,5698,5699,264,5701,619,372,5709,264
5697,5698,5699,264,5701,619,263,5712,264
5697,5698,5699,264,5701,619,354,5715,264
3915,3916,3917,300,3919,619,300,5721,300
3915,3916,3917,300,3919,619,1498,5724,5726
3915,3916,3917,300,3919,619,85,5727,300
1692,5729,5730,5731,5732,5733,5739,53,842
1692,5729,5730,5731,5732,5733,5741,108,300
1692,5729,5730,5731,5732,5733,5745,88,842
1692,5729,5730,5731,5732,5733,5748,126,842
249,5579,5580,61,5582,8,21,85,5756
2431,2432,2433,2434,2435,2436,5761,87,766
2431,2432,2433,2434,2435,2436,5763,66,766
2431,2432,2433,2434,2435,2436,5766,162,766
2431,2432,2433,2434,2435,2436,5768,162,766
2431,2432,2433,2434,2435,2436,5771,53,766
215,5773,5774,5775,5776,5777,5783,126,1174
215,5773,5774,5775,5776,5777,5786,77,1174
215,5773,5774,5775,5776,5777,5789,162,1174
215,5773,5774,5775,5776,5777,5792,53,1174
215,5773,5774,5775,5776,5777,5795,77,1174
215,5773,5774,5775,5776,5777,5797,87,1174
5799,5800,5801,775,5803,619,96,5811,775
5813,5814,5815,5816,5817,5818,5824,16,51
5813,5814,5815,5816,5817,5818,5827,24,954
5813,5814,5815,5816,5817,5818,5829,24,51
2015,2016,2017,2019,75,2021,10,599,5836
593,5837,5838,5839,5840,5841,189,5847,61
862,5849,5850,300,5852,41,10,761,5862
862,5849,5850,300,5852,41,21,734,5864
3505,5865,5866,5867,5868,5869,96,75,5878
3505,5865,5866,5867,5868,5869,10,141,5881
5697,5698,5699,264,5701,619,189,5886,264
5697,5698,5699,264,5701,619,307,5889,264
5697,5698,5699,264,5701,619,372,5892,264
1632,5894,5895,5896,5897,5898,21,280,5905
1632,5894,5895,5896,5897,5898,10,775,5907
5908,5909,5910,372,5912,8,21,390,5921
5922,5923,5924,5925,5926,5927,5932,16,766
4513,4514,4515,4516,4517,4518,5939,53,1785
4513,4514,4515,4516,4517,4518,4695,24,1785
4513,4514,4515,4516,4517,4518,5942,53,1785
4513,4514,4515,4516,4517,4518,5945,77,1785
134,5947,5948,5949,5950,5951,5956,53,787
134,5947,5948,5949,5950,5951,5959,24,787
134,5947,5948,5949,5950,5951,5962,126,775
134,5947,5948,5949,5950,5951,5966,87,787
134,5947,5948,5949,5950,5951,5968,162,787
4266,5970,5971,5972,5973,5974,5979,98,972
5891,5981,5982,5983,5984,5985,5991,88,787
5891,5981,5982,5983,5984,5985,5994,77,787
5891,5981,5982,5983,5984,5985,5997,126,787
5999,6000,6001,6002,6003,6004,6010,16,165
1639,6012,6013,6014,6015,6016,21,180,6024
1639,6012,6013,6014,6015,6016,10,22,6027
2211,3645,3646,372,3648,192,61,22,6033
2211,3645,3646,372,3648,192,10,106,6036
2211,3645,3646,372,3648,192,74,22,6038
2146,6039,6040,6041,6042,6043,6048,24,1214
2146,6039,6040,6041,6042,6043,6051,98,1214
665,772,773,775,776,673,300,6058,775
665,772,773,775,776,673,22,6061,775
4385,6063,6064,6065,6066,6067,6073,87,591
4385,6063,6064,6065,6066,6067,6076,126,591
4385,6063,6064,6065,6066,6067,6079,162,591
4385,6063,6064,6065,6066,6067,6082,16,591
4385,6063,6064,6065,6066,6067,6085,53,591
4385,6063,6064,6065,6066,6067,6088,98,591
6090,6091,6092,6093,6094,6095,6101,77,591
6090,6091,6092,6093,6094,6095,6103,16,591
6090,6091,6092,6093,6094,6095,6106,88,591
6090,6091,6092,6093,6094,6095,6109,24,591
6090,6091,6092,6093,6094,6095,6111,98,591
6090,6091,6092,6093,6094,6095,6113,126,591
6090,6091,6092,6093,6094,6095,6115,87,591
6118,6119,6120,16,6122,41,1498,6128,16
6118,6119,6120,16,6122,41,863,6130,16
4531,4532,4533,372,4535,673,96,6137,372
2211,3645,3646,372,3648,192,124,6143,372
2211,3645,3646,372,3648,192,104,6146,372
2211,3645,3646,372,3648,192,104,6149,372
372,6151,6152,231,6154,41,594,6160,231
372,6151,6152,231,6154,41,372,6162,231
4051,6164,6165,6166,6167,6168,6173,162,1785
824,6175,6176,6177,6178,6179,61,307,6187
824,6175,6176,6177,6178,6179,10,85,6189
824,6175,6176,6177,6178,6179,326,775,6192
824,6175,6176,6177,6178,6179,21,372,6195
824,6175,6176,6177,6178,6179,74,321,6197
824,6175,6176,6177,6178,6179,105,10,6200
824,6175,6176,6177,6178,6179,96,189,6203
6204,6205,6206,10,6208,8,141,6216,10
6204,6205,6206,10,6208,8,863,6219,10
6221,6222,6223,149,6225,619,96,75,6233
6221,6222,6223,149,6225,619,21,231,6235
6221,6222,6223,149,6225,619,74,734,6237
6221,6222,6223,149,6225,619,61,257,6240
6221,6222,6223,149,6225,619,10,85,6243
6221,6222,6223,149,6225,619,105,141,1912
6221,6222,6223,149,6225,619,326,22,6246
1000,6247,6248,6249,6250,6251,6256,53,74
1000,6247,6248,6249,6250,6251,6258,98,483
5958,6260,6261,6262,6263,6264,257,6270,307
5958,6260,6261,6262,6263,6264,141,6273,307
1017,6275,6276,6277,6278,6279,6284,66,1214
1017,6275,6276,6277,6278,6279,6287,108,1214
1017,6275,6276,6277,6278,6279,6289,77,1214
6291,6292,270,74,6294,673,105,6302,74
6304,6305,6306,321,6308,192,10,487,6317
6304,6305,6306,321,6308,192,105,257,6320
6321,6322,6323,6324,6325,6326,390,6332,264
6321,6322,6323,6324,6325,6326,10,6335,264
6321,6322,6323,6324,6325,6326,354,6337,264
6321,6322,6323,6324,6325,6326,372,6340,264
6321,6322,6323,6324,6325,6326,5,6343,264
6321,6322,6323,6324,6325,6326,354,6346,264
4086,6348,6349,6350,6351,6352,1498,6359,321
2579,6361,6362,6363,6364,6365,6371,108,1174
2242,6373,6374,6375,6376,6377,6383,77,1232
6385,6386,6387,6388,6389,6390,6394,87,591
6385,6386,6387,6388,6389,6390,6397,66,591
6385,6386,6387,6388,6389,6390,6399,108,591
6401,6402,6403,38,6405,41,61,5,6415
6401,6402,6403,38,6405,41,105,85,6418
6401,6402,6403,38,6405,41,10,257,6420
1754,1755,1756,1757,1758,1759,6425,98,1174
1754,1755,1756,1757,1758,1759,6428,77,1174
6430,6431,6432,61,6434,619,61,222,6442
6430,6431,6432,61,6434,619,326,85,6445
1000,6247,6248,6249,6250,6251,6450,66,74
1000,6247,6248,6249,6250,6251,6453,126,483
1000,6247,6248,6249,6250,6251,6456,98,483
6458,6459,6460,321,6462,8,487,6470,6471
6458,6459,6460,321,6462,8,222,6472,321
2079,6474,6475,6476,6477,6478,22,6484,307
4739,4740,4741,307,4743,673,326,6491,307
6493,6494,6495,6496,6497,6498,6504,88,1785
501,502,503,504,505,506,21,6512,231
4598,4599,4600,4601,4602,4603,96,85,6521
6522,6523,6524,6525,6526,6527,6533,88,411
4474,6535,6536,6537,6538,6539,6543,162,566
4474,6535,6536,6537,6538,6539,6545,126,566
4474,6535,6536,6537,6538,6539,6548,16,566
4474,6535,6536,6537,6538,6539,6551,88,96
4474,6535,6536,6537,6538,6539,6554,24,566
4474,6535,6536,6537,6538,6539,6556,66,566
4474,6535,6536,6537,6538,6539,6558,98,566
4921,4922,4923,4924,4925,4926,6565,98,591
4921,4922,4923,4924,4925,4926,6568,162,591
4921,4922,4923,4924,4925,4926,6571,53,591
4921,4922,4923,4924,4925,4926,6574,87,591
4921,4922,4923,4924,4925,4926,6577,87,591
4921,4922,4923,4924,4925,4926,6581,108,591
4921,4922,4923,4924,4925,4926,6583,66,591
6585,6586,6587,6589,6590,6591,21,96,58
6585,6586,6587,6589,6590,6591,587,21,70
6585,6586,6587,6589,6590,6591,10,10,30
6605,6606,6607,6608,6609,6610,141,6615,141
6605,6606,6607,6608,6609,6610,599,6617,141
3705,6619,6620,6621,6622,6623,6628,126,1214
6630,6631,6632,6634,189,6636,21,263,6643
6630,6631,6632,6634,189,6636,326,10,6646
6630,6631,6632,6634,189,6636,96,354,6648
6630,6631,6632,6634,189,6636,61,326,6650
6630,6631,6632,6634,189,6636,105,10,6654
2829,6656,6657,6658,6659,6660,21,202,6667
2829,6656,6657,6658,6659,6660,96,1498,6669
6670,6671,6672,6673,6674,6675,6681,24,1232
6683,6684,6685,6686,6687,6688,96,6693,61
512,6695,6696,75,6698,41,21,372,6706
6707,6708,6709,6710,6711,6712,6718,77,1174
6707,6708,6709,6710,6711,6712,6721,126,1174
6427,6723,6724,61,6726,673,149,6734,61
4629,6736,6737,6739,61,6741,461,21,130
4629,6736,6737,6739,61,6741,10,10,110
6753,6754,6755,6756,6757,6758,6763,66,32
6753,6754,6755,6756,6757,6758,6765,88,32
2551,2552,2553,2554,2555,2556,124,6772,21
2551,2552,2553,2554,2555,2556,124,6775,21
2551,2552,2553,2554,2555,2556,390,6777,21
4223,6779,6780,6781,6782,6783,6790,87,165
237,238,239,240,241,242,6796,88,253
5723,6798,6799,6800,6801,6802,6808,108,411
5723,6798,6799,6800,6801,6802,6811,66,411
5723,6798,6799,6800,6801,6802,6814,77,411
5723,6798,6799,6800,6801,6802,6817,98,411
6469,6819,6820,6821,6822,6823,6828,66,629
1198,1199,1200,1201,1202,1203,646,74,30
1198,1199,1200,1201,1202,1203,894,10,30
1198,1199,1200,1201,1202,1203,646,61,110
6843,6844,6845,6846,6847,6848,6853,66,766
6855,6856,6857,6859,21,6861,256,21,101
1056,4566,4567,16,4569,619,104,6875,16
5439,6877,6878,6879,6880,6881,6885,98,1785
5439,6877,6878,6879,6880,6881,6888,162,1785
1466,6890,6891,6892,6893,6894,6898,87,972
1466,6890,6891,6892,6893,6894,6900,24,972
6902,6903,6904,6905,6906,6907,6913,88,5
6916,6917,6918,6919,6920,6921,96,74,6929
6916,6917,6918,6919,6920,6921,21,20,6931
6916,6917,6918,6919,6920,6921,10,106,6933
6916,6917,6918,6919,6920,6921,61,300,6936
6916,6917,6918,6919,6920,6921,105,61,6939
6940,6941,6942,6943,6944,6945,5245,108,629
6940,6941,6942,6943,6944,6945,6951,53,629
6940,6941,6942,6943,6944,6945,6954,66,629
6940,6941,6942,6943,6944,6945,6957,87,629
6940,6941,6942,6943,6944,6945,6960,162,629
6940,6941,6942,6943,6944,6945,6962,87,629
6940,6941,6942,6943,6944,6945,6964,66,629
2635,6966,6967,6968,6969,6970,6975,98,361
2635,6966,6967,6968,6969,6970,6977,126,361
4579,4580,4581,4582,4583,4584,734,6983,300
4579,4580,4581,4582,4583,4584,141,6986,300
4579,4580,4581,4582,4583,4584,106,6988,300
6990,6991,6992,231,6994,41,149,7001,4755
6990,6991,6992,231,6994,41,264,7003,231
6990,6991,6992,231,6994,41,5,7005,231
6990,6991,6992,231,6994,41,321,7007,231
1548,4483,4484,4485,4486,4487,7013,66,1785
7015,7016,7017,7018,7019,7020,356,7026,141
7028,7029,7030,7032,7033,7034,7043,513,57
263,1234,1235,372,1237,673,326,7049,372
2215,7051,7052,7053,7054,7055,21,135,7062
2215,7051,7052,7053,7054,7055,74,257,7064
7065,7066,7067,7068,7069,7070,141,7077,189
7065,7066,7067,7068,7069,7070,354,7079,189
7065,7066,7067,7068,7069,7070,96,7082,189
7065,7066,7067,7068,7069,7070,326,7085,189
7065,7066,7067,7068,7069,7070,21,7088,270
7065,7066,7067,7068,7069,7070,257,7090,189
287,288,289,290,291,292,7096,16,206
287,288,289,290,291,292,7098,66,206
406,7101,7102,7103,7104,7105,7111,87,165
406,7101,7102,7103,7104,7105,7114,98,165
7116,7117,7118,7119,7120,5825,21,7126,321
7116,7117,7118,7119,7120,5825,10,7129,321
7131,7132,7133,7134,7135,7136,7142,53,206
7131,7132,7133,7134,7135,7136,7145,66,206
7147,7148,7149,7151,38,7153,10,257,7161
7147,7148,7149,7151,38,7153,96,734,7164
7147,7148,7149,7151,38,7153,21,85,818
1944,7167,7168,7169,7170,7171,7176,88,307
1944,7167,7168,7169,7170,7171,7178,98,1440
321,3197,3198,3199,3200,3201,7184,98,1232
321,3197,3198,3199,3200,3201,7186,126,1232
321,3197,3198,3199,3200,3201,7189,162,1232
321,3197,3198,3199,3200,3201,7191,77,1232
321,3197,3198,3199,3200,3201,7193,98,1232
1247,7195,7196,7197,7198,7199,7204,66,787
1247,7195,7196,7197,7198,7199,7206,66,787
1247,7195,7196,7197,7198,7199,7208,66,787
7210,7211,7212,7213,7214,7215,21,863,7224
7210,7211,7212,7213,7214,7215,10,334,7228
7229,7230,7231,7232,7233,7234,7240,77,1785
7229,7230,7231,7232,7233,7234,7242,16,1785
7229,7230,7231,7232,7233,7234,7245,87,1785
7229,7230,7231,7232,7233,7234,7248,108,1785
3814,3815,3816,264,3818,673,96,281,7256
3814,3815,3816,264,3818,673,21,202,7258
1741,7259,7260,10,7262,673,354,7270,10
1741,7259,7260,10,7262,673,51,7272,10
1741,7259,7260,10,7262,673,74,7274,10
1741,7259,7260,10,7262,673,5,7276,10
1741,7259,7260,10,7262,673,106,7279,10
1083,1084,1085,1087,38,1089,21,96,7287
1083,1084,1085,1087,38,1089,96,21,7289
1083,1084,1085,1087,38,1089,326,20,7291
1083,1084,1085,1087,38,1089,74,96,7294
1083,1084,1085,1087,38,1089,105,354,7296
6385,6386,6387,6388,6389,6390,7301,88,591
7303,7304,7305,7306,7307,7308,7314,162,483
7303,7304,7305,7306,7307,7308,7316,66,483
5543,5544,5545,5546,5547,5548,7321,87,1214
7323,7324,7325,7326,7327,7328,106,7333,300
7323,7324,7325,7326,7327,7328,74,7335,300
221,7337,7338,96,7340,41,51,7346,96
7348,7349,7350,149,7352,41,105,7360,149
7348,7349,7350,149,7352,41,124,7363,3001
7348,7349,7350,149,7352,41,75,7366,149
5534,7368,7369,7370,7371,7372,7377,16,681
5534,7368,7369,7370,7371,7372,7379,24,681
5534,7368,7369,7370,7371,7372,7381,162,16
293,7384,7385,7386,7387,7388,7392,77,1440
293,7384,7385,7386,7387,7388,7395,87,307
293,7384,7385,7386,7387,7388,7397,66,1440
293,7384,7385,7386,7387,7388,7400,87,1440
293,7384,7385,7386,7387,7388,7402,77,1440
7404,7405,270,189,7407,8,104,7415,189
3685,7417,7418,7419,7420,7421,189,7427,326
5424,5425,5426,264,5428,192,141,7433,7434
5424,5425,5426,264,5428,192,22,7435,264
7437,7438,7439,5,7441,619,306,7448,5
4491,7450,7451,7452,7453,7454,74,124,7460
4491,7450,7451,7452,7453,7454,61,321,5742
6286,7464,7465,7466,7467,2118,263,7474,775
6286,7464,7465,7466,7467,2118,21,7477,775
4404,7479,7480,7481,7482,7483,7489,77,629
2143,7491,7492,5,7494,619,761,7501,5
1994,7503,7504,7505,7506,7507,7512,66,954
1994,7503,7504,7505,7506,7507,7514,98,51
1994,7503,7504,7505,7506,7507,7518,126,954
7520,7521,7522,7523,7524,7525,326,7531,222
4023,7533,7534,7535,7536,7537,7543,77,1174
4023,7533,7534,7535,7536,7537,7545,98,1174
4023,7533,7534,7535,7536,7537,7547,24,1174
4023,7533,7534,7535,7536,7537,7549,162,1174
3783,7551,7552,7553,7554,7555,7560,98,1232
3783,7551,7552,7553,7554,7555,7563,108,1232
6707,6708,6709,6710,6711,6712,7569,77,1174
7571,7572,7573,7574,7575,7576,7581,98,32
7571,7572,7573,7574,7575,7576,7584,77,32
7587,7588,7589,75,7591,41,10,1498,7599
7587,7588,7589,75,7591,41,74,85,7602
7587,7588,7589,75,7591,41,326,354,7605
7587,7588,7589,75,7591,41,21,390,7607
7587,7588,7589,75,7591,41,61,20,7610
7587,7588,7589,75,7591,41,105,863,7613
7614,7615,7616,7617,7618,7619,7624,126,1232
7614,7615,7616,7617,7618,7619,7627,126,1232
7614,7615,7616,7617,7618,7619,7630,24,1232
2060,7632,7633,51,7635,192,334,7642,51
2060,7632,7633,51,7635,192,355,7645,51
2060,7632,7633,51,7635,192,20,7647,51
2060,7632,7633,51,7635,192,665,7650,6651
2060,7632,7633,51,7635,192,326,7652,51
2060,7632,7633,51,7635,192,124,7654,51
4800,4801,4802,264,4804,673,105,479,7660
4800,4801,4802,264,4804,673,21,665,7662
4800,4801,4802,264,4804,673,21,356,7668
7669,7670,7671,7672,7673,7674,7679,16,222
7669,7670,7671,7672,7673,7674,4793,16,591
7669,7670,7671,7672,7673,7674,7682,162,591
7669,7670,7671,7672,7673,7674,7685,66,591
2895,2896,2897,222,2899,41,124,7691,222
2895,2896,2897,222,2899,41,21,7693,222
2895,2896,2897,222,2899,41,21,7696,222
2895,2896,2897,222,2899,41,356,7699,222
1746,7701,7702,7703,7704,7705,354,7711,264
569,7713,7714,7715,7716,7717,7721,126,898
569,7713,7714,7715,7716,7717,7723,108,898
569,7713,7714,7715,7716,7717,7725,77,898
569,7713,7714,7715,7716,7717,7727,16,898
569,7713,7714,7715,7716,7717,7729,24,898
569,7713,7714,7715,7716,7717,7731,88,898
5922,5923,5924,5925,5926,5927,7737,77,766
5922,5923,5924,5925,5926,5927,7740,126,766
5922,5923,5924,5925,5926,5927,7743,108,105
5799,5800,5801,775,5803,619,180,7749,775
3639,7751,7752,775,7754,41,141,3452,7762
3639,7751,7752,775,7754,41,222,7764,775
293,7384,7385,7386,7387,7388,6073,162,1440
293,7384,7385,7386,7387,7388,7773,98,1440
293,7384,7385,7386,7387,7388,7776,24,1440
2512,7778,7779,7780,7781,7782,334,7788,38
2512,7778,7779,7780,7781,7782,51,7790,38
2512,7778,7779,7780,7781,7782,20,7793,38
2512,7778,7779,7780,7781,7782,321,7795,38
7797,7798,7799,7800,7801,7802,7807,87,972
7797,7798,7799,7800,7801,7802,7810,98,972
7797,7798,7799,7800,7801,7802,7812,16,972
2512,7778,7779,7780,7781,7782,7818,88,60
2512,7778,7779,7780,7781,7782,7820,88,60
4841,7822,7823,7824,7825,7826,7831,24,972
4841,7822,7823,7824,7825,7826,7833,87,972
7835,7836,7837,10,7839,192,149,7846,7848
3126,3127,3128,3129,3130,3131,7852,126,1174
3126,3127,3128,3129,3130,3131,7855,87,1174
7857,7858,7859,7860,7861,7862,7868,53,954
7857,7858,7859,7860,7861,7862,7870,53,51
7857,7858,7859,7860,7861,7862,7873,24,954
7857,7858,7859,7860,7861,7862,5353,126,954
7857,7858,7859,7860,7861,7862,7877,16,954
7857,7858,7859,7860,7861,7862,7879,87,954
7857,7858,7859,7860,7861,7862,7881,108,954
1100,1101,1102,1103,1104,1105,599,7887,326
1100,1101,1102,1103,1104,1105,21,7889,326
1100,1101,1102,1103,1104,1105,281,7891,326
1100,1101,1102,1103,1104,1105,124,7893,326
7895,7896,7897,7898,7899,7900,390,7907,96
7895,7896,7897,7898,7899,7900,106,7910,96
7895,7896,7897,7898,7899,7900,354,7913,96
7895,7896,7897,7898,7899,7900,222,7916,96
7895,7896,7897,7898,7899,7900,20,7918,96
4010,4011,4012,10,4014,619,487,7925,10
4010,4011,4012,10,4014,619,1498,7927,10
4010,4011,4012,10,4014,619,231,7929,10
1188,7931,7932,7933,7934,7935,75,7942,300
1704,1705,1706,1708,141,1710,140,96,101
1704,1705,1706,1708,141,1710,599,10,130
1958,7953,7954,16,7956,41,20,7963,16
1958,7953,7954,16,7956,41,863,7966,16
1958,7953,7954,16,7956,41,202,7969,7971
1958,7953,7954,16,7956,41,61,7973,7975
5567,5568,5569,5570,5571,5572,7980,87,591
5567,5568,5569,5570,5571,5572,7982,98,591
7985,7986,7987,7988,7989,7990,7994,77,566
7985,7986,7987,7988,7989,7990,7996,87,566
7985,7986,7987,7988,7989,7990,7999,162,566
869,8001,8002,189,8004,619,326,479,8013
869,8001,8002,189,8004,619,96,257,8015
869,8001,8002,189,8004,619,74,135,8017
869,8001,8002,189,8004,619,61,306,8020
869,8001,8002,189,8004,619,105,10,8023
869,8001,8002,189,8004,619,21,594,8025
869,8001,8002,189,8004,619,10,22,8027
6522,6523,6524,6525,6526,6527,8032,53,411
6522,6523,6524,6525,6526,6527,8035,126,411
6522,6523,6524,6525,6526,6527,8038,16,356
6522,6523,6524,6525,6526,6527,8042,88,411
6522,6523,6524,6525,6526,6527,8044,87,411
1821,1822,1823,1824,1825,1826,38,8050,372
1821,1822,1823,1824,1825,1826,281,8052,372
1821,1822,1823,1824,1825,1826,231,8055,372
6078,8057,8058,8059,8060,8061,8066,24,1440
6078,8057,8058,8059,8060,8061,8068,126,307
6078,8057,8058,8059,8060,8061,8072,162,307
6078,8057,8058,8059,8060,8061,8074,24,1440
6078,8057,8058,8059,8060,8061,8076,16,1440
6078,8057,8058,8059,8060,8061,8078,24,1440
8080,8081,8082,8083,8084,8085,8090,53,775
485,8093,270,16,8095,673,74,372,8105
2143,7491,7492,5,7494,619,263,8110,5
2143,7491,7492,5,7494,619,263,8112,5
8114,8115,8116,356,8118,673,355,74,70
8129,8130,8131,8132,8133,8134,8139,53,165
8129,8130,8131,8132,8133,8134,8141,126,165
8129,8130,8131,8132,8133,8134,8143,126,165
4055,8145,8146,8147,8148,8149,257,8156,16
4055,8145,8146,8147,8148,8149,321,8158,16
4055,8145,8146,8147,8148,8149,334,8161,16
4055,8145,8146,8147,8148,8149,594,8163,16
4055,8145,8146,8147,8148,8149,355,8165,16
4055,8145,8146,8147,8148,8149,105,8167,16
4055,8145,8146,8147,8148,8149,61,8169,16
8171,8172,8173,8174,8175,8176,8181,53,361
8171,8172,8173,8174,8175,8176,8184,88,361
8186,8187,8188,8189,8190,8191,2061,77,1214
8197,8198,8199,8200,8201,8202,61,8208,8210
8197,8198,8199,8200,8201,8202,135,8212,10
8214,8215,8216,8217,8218,8219,8224,77,842
8214,8215,8216,8217,8218,8219,8226,66,842
8214,8215,8216,8217,8218,8219,8229,108,842
8214,8215,8216,8217,8218,8219,8231,126,842
8214,8215,8216,8217,8218,8219,8234,162,842
8214,8215,8216,8217,8218,8219,8237,87,842
8238,8239,8240,8241,8242,8243,300,8250,38
8238,8239,8240,8241,8242,8243,149,8253,38
8238,8239,8240,8241,8242,8243,372,8256,38
6118,6119,6120,16,6122,41,74,8262,16
6118,6119,6120,16,6122,41,74,8264,16
6118,6119,6120,16,6122,41,321,8267,16
1303,1304,1305,1306,1307,1308,8273,77,206
1303,1304,1305,1306,1307,1308,8275,24,189
6396,8277,8278,8280,96,8282,10,257,8289
6396,8277,8278,8280,96,8282,21,761,8292
8129,8130,8131,8132,8133,8134,231,8298,149
8129,8130,8131,8132,8133,8134,356,8300,149
8129,8130,8131,8132,8133,8134,189,8302,149
8129,8130,8131,8132,8133,8134,263,6663,149
7081,8305,8306,8307,8308,8309,8314,66,228
7081,8305,8306,8307,8308,8309,8317,66,228
8319,8320,8321,8322,8323,8324,85,8330,326
8319,8320,8321,8322,8323,8324,231,8333,326
8319,8320,8321,8322,8323,8324,280,8336,326
8319,8320,8321,8322,8323,8324,775,8338,326
7081,8305,8306,8307,8308,8309,61,8345,10
7081,8305,8306,8307,8308,8309,180,8347,10
7081,8305,8306,8307,8308,8309,104,8349,10
293,7384,7385,7386,7387,7388,8355,108,1440
293,7384,7385,7386,7387,7388,8358,126,307
293,7384,7385,7386,7387,7388,8360,108,1440
8362,8363,8364,8365,8366,8367,8372,126,411
8362,8363,8364,8365,8366,8367,8375,77,411
8362,8363,8364,8365,8366,8367,8378,98,356
8362,8363,8364,8365,8366,8367,8382,16,411
8362,8363,8364,8365,8366,8367,8384,87,411
5371,5372,5373,5374,5375,5376,8391,16,60
3563,3564,3565,3566,3567,3568,8397,108,361
3563,3564,3565,3566,3567,3568,8399,87,361
8401,8402,8403,8404,8405,8406,594,8412,372
8401,8402,8403,8404,8405,8406,10,8415,372
8401,8402,8403,8404,8405,8406,354,8417,8419
8401,8402,8403,8404,8405,8406,105,8421,372
8401,8402,8403,8404,8405,8406,141,8423,372
8401,8402,8403,8404,8405,8406,355,8426,372
8428,8429,8430,8431,8432,8433,8439,87,411
4297,4298,4299,4300,4301,4302,8447,53,972
8449,8450,8451,5,8453,619,61,61,8462
8449,8450,8451,5,8453,619,326,594,8465
8449,8450,8451,5,8453,619,10,202,8467
8449,8450,8451,5,8453,619,96,326,8469
8449,8450,8451,5,8453,619,21,5,8472
8449,8450,8451,5,8453,619,105,599,8474
4208,4209,4210,4211,4212,4213,8479,24,787
4208,4209,4210,4211,4212,4213,8482,16,787
209,210,211,212,213,214,8488,77,228
209,210,211,212,213,214,8490,98,228
209,210,211,212,213,214,8493,88,228
123,8495,8496,8497,8498,8499,8505,24,361
123,8495,8496,8497,8498,8499,8507,24,361
2877,8509,8510,8511,8512,8513,8518,24,1174
2877,8509,8510,8511,8512,8513,8521,16,1174
2877,8509,8510,8511,8512,8513,8523,16,1174
2877,8509,8510,8511,8512,8513,8525,88,1174
2877,8509,8510,8511,8512,8513,8527,16,281
2877,8509,8510,8511,8512,8513,8529,24,281
2877,8509,8510,8511,8512,8513,8531,66,1174
1045,2703,2704,2705,2706,2707,8537,66,954
1045,2703,2704,2705,2706,2707,8539,98,51
2272,2273,2274,2275,2276,2277,8546,16,206
2272,2273,2274,2275,2276,2277,8548,24,206
8550,8551,8552,8553,8554,8555,8559,126,483
8550,8551,8552,8553,8554,8555,8561,53,483
8550,8551,8552,8553,8554,8555,8564,108,74
1494,8566,8567,8568,8569,8570,20,8576,141
1303,1304,1305,1306,1307,1308,8585,98,206
315,8587,8588,8589,8590,8591,8597,162,253
3694,3695,3696,16,3698,8,38,8603,16
697,698,699,700,701,702,8609,87,681
697,698,699,700,701,702,8612,88,681
697,698,699,700,701,702,8614,87,681
5553,8616,8617,96,8619,619,356,8626,96
5553,8616,8617,96,8619,619,105,8628,96
8080,8081,8082,8083,8084,8085,326,8634,775
8080,8081,8082,8083,8084,8085,264,8636,775
8080,8081,8082,8083,8084,8085,124,8639,775
5006,5007,5008,321,5010,8,863,8645,8647
5006,5007,5008,321,5010,8,21,8648,321
5006,5007,5008,321,5010,8,334,8650,321
5006,5007,5008,321,5010,8,761,8652,321
5006,5007,5008,321,5010,8,863,8655,321
7895,7896,7897,7898,7899,7900,306,8661,96
7895,7896,7897,7898,7899,7900,280,8663,96
7895,7896,7897,7898,7899,7900,74,8665,96
2323,2324,2325,2326,2327,2328,8671,77,566
2323,2324,2325,2326,2327,2328,8674,126,566
2323,2324,2325,2326,2327,2328,8676,126,566
1619,1620,1621,1622,1623,1624,8682,24,766
4051,6164,6165,6166,6167,6168,8689,126,1785
2466,2467,2468,2469,2470,2471,8694,126,228
650,651,652,653,654,655,8699,16,361
650,651,652,653,654,655,8702,108,361
650,651,652,653,654,655,8704,126,361
2301,2302,2303,2304,2305,2306,8711,88,281
2301,2302,2303,2304,2305,2306,8713,162,1174
8715,8716,8717,8718,8719,8720,8724,98,253
8715,8716,8717,8718,8719,8720,8726,77,253
8715,8716,8717,8718,8719,8720,8729,108,231
8715,8716,8717,8718,8719,8720,8733,24,253
8492,8735,8736,8737,8738,8739,8743,126,954
8745,8746,8747,8748,8749,8750,8756,87,842
6753,6754,6755,6756,6757,6758,8762,16,32
6753,6754,6755,6756,6757,6758,8765,162,32
6753,6754,6755,6756,6757,6758,8768,108,32
6753,6754,6755,6756,6757,6758,8770,126,32
6753,6754,6755,6756,6757,6758,8772,53,32
4294,8774,8775,8776,8777,8778,8783,126,954
4294,8774,8775,8776,8777,8778,8786,87,954
4294,8774,8775,8776,8777,8778,5326,66,954
4294,8774,8775,8776,8777,8778,8789,126,954
4294,8774,8775,8776,8777,8778,8792,16,954
4294,8774,8775,8776,8777,8778,8794,126,954
1662,1663,1664,1666,51,1668,8801,61,57
1662,1663,1664,1666,51,1668,2609,257,129
1662,1663,1664,1666,51,1668,2446,355,29
1662,1663,1664,1666,51,1668,3213,825,57
1662,1663,1664,1666,51,1668,2767,599,81
5051,5052,5053,5054,5055,5056,334,8815,326
5051,5052,5053,5054,5055,5056,21,8817,8819
5051,5052,5053,5054,5055,5056,355,8821,326
5051,5052,5053,5054,5055,5056,20,8823,326
8825,8826,8827,8828,8829,8830,334,8836,16
8825,8826,8827,8828,8829,8830,326,8839,16
1352,1353,1354,1355,1356,1357,202,8845,326
1352,1353,1354,1355,1356,1357,280,8847,326
1352,1353,1354,1355,1356,1357,20,8849,326
1352,1353,1354,1355,1356,1357,231,4347,326
1352,1353,1354,1355,1356,1357,85,8853,326
4051,6164,6165,6166,6167,6168,8860,24,1785
4051,6164,6165,6166,6167,6168,8862,126,1785
112,113,114,115,116,117,306,8869,38
112,113,114,115,116,117,487,8871,38
1321,1322,1323,1324,1325,1326,38,8877,16
1321,1322,1323,1324,1325,1326,124,8879,8881
1321,1322,1323,1324,1325,1326,321,8882,16
1321,1322,1323,1324,1325,1326,202,8884,16
1321,1322,1323,1324,1325,1326,599,8886,16
8888,8889,8890,8891,8892,8893,8897,66,1232
8888,8889,8890,8891,8892,8893,8900,88,1232
8888,8889,8890,8891,8892,8893,8902,98,1232
8888,8889,8890,8891,8892,8893,8904,88,141
8888,8889,8890,8891,8892,8893,8907,24,1232
8888,8889,8890,8891,8892,8893,8910,88,1232
4404,7479,7480,7481,7482,7483,10,8916,75
4404,7479,7480,7481,7482,7483,334,8918,8920
4404,7479,7480,7481,7482,7483,149,8922,75
4404,7479,7480,7481,7482,7483,326,8924,75
4404,7479,7480,7481,7482,7483,96,8926,75
6469,6819,6820,6821,6822,6823,8933,162,629
6469,6819,6820,6821,6822,6823,8935,87,629
6469,6819,6820,6821,6822,6823,8937,24,629
6469,6819,6820,6821,6822,6823,8939,24,629
6469,6819,6820,6821,6822,6823,8941,162,629
8943,8944,8945,8946,8947,8948,8954,162,1440
4297,4298,4299,4300,4301,4302,8959,126,972
4297,4298,4299,4300,4301,4302,8962,98,972
4297,4298,4299,4300,4301,4302,8964,87,972
4297,4298,4299,4300,4301,4302,8966,66,321
4297,4298,4299,4300,4301,4302,8969,24,972
542,8971,8972,8974,326,8976,1336,21,58
542,8971,8972,8974,326,8976,160,96,110
542,8971,8972,8974,326,8976,179,10,30
1112,8992,8993,270,10,8996,10,306,9002
820,9003,9004,9005,9006,9007,9012,108,1785
820,9003,9004,9005,9006,9007,9015,108,1785
820,9003,9004,9005,9006,9007,9018,108,1785
820,9003,9004,9005,9006,9007,9020,88,1785
2690,9022,9023,9024,9025,9026,9032,24,1232
2690,9022,9023,9024,9025,9026,9034,66,1232
9036,9037,9038,9039,9040,9041,180,9048,281
9036,9037,9038,9039,9040,9041,124,9050,472
9036,9037,9038,9039,9040,9041,257,9053,281
9055,9056,9057,9058,9059,9060,21,135,9067
9055,9056,9057,9058,9059,9060,96,372,9069
9055,9056,9057,9058,9059,9060,10,326,9071
356,9072,9073,9074,9075,270,105,10,9082
356,9072,9073,9074,9075,270,10,21,9085
356,9072,9073,9074,9075,270,96,281,9087
149,9089,9090,9092,5,9094,61,354,9101
9102,9103,9104,9105,9106,9107,9112,16,1174
9102,9103,9104,9105,9106,9107,9114,108,1174
9102,9103,9104,9105,9106,9107,9116,53,1174
9102,9103,9104,9105,9106,9107,9119,66,1174
9102,9103,9104,9105,9106,9107,9122,108,1174
9102,9103,9104,9105,9106,9107,9124,16,1174
63,9126,9127,9128,9129,9130,9134,77,629
63,9126,9127,9128,9129,9130,9136,126,629
63,9126,9127,9128,9129,9130,9138,88,75
9140,9141,9142,9143,9144,9145,9151,87,228
9140,9141,9142,9143,9144,9145,9154,162,228
9140,9141,9142,9143,9144,9145,9157,87,228
9140,9141,9142,9143,9144,9145,9159,16,228
586,3155,3156,3157,3158,3159,10,61,9167
586,3155,3156,3157,3158,3159,96,300,9169
586,3155,3156,3157,3158,3159,74,222,9172
586,3155,3156,3157,3158,3159,21,149,9175
586,3155,3156,3157,3158,3159,61,189,9178
2272,2273,2274,2275,2276,2277,9183,77,206
2272,2273,2274,2275,2276,2277,9186,162,206
1754,1755,1756,1757,1758,1759,9193,87,1174
1754,1755,1756,1757,1758,1759,9195,108,1174
1754,1755,1756,1757,1758,1759,9197,88,1174
1754,1755,1756,1757,1758,1759,9200,77,1174
1754,1755,1756,1757,1758,1759,8990,98,1174
1754,1755,1756,1757,1758,1759,9203,162,281
9205,9206,9207,9208,9209,9210,257,9216,141
9205,9206,9207,9208,9209,9210,665,9219,141
9205,9206,9207,9208,9209,9210,281,9222,141
9205,9206,9207,9208,9209,9210,106,9225,141
8932,9227,9228,9229,9230,9231,9235,66,842
3383,4658,4659,4660,4661,4662,334,9241,9243
3383,4658,4659,4660,4661,4662,761,9244,281
1639,6012,6013,6014,6015,6016,21,257,9250
9251,9252,9253,9254,9255,9256,9261,24,787
9251,9252,9253,9254,9255,9256,9263,16,787
9265,9266,9267,9268,9269,9270,321,9277,298
9055,9056,9057,9058,9059,9060,354,9283,356
9285,9286,9287,9288,9289,9290,9295,24,326
9285,9286,9287,9288,9289,9290,9299,24,898
9285,9286,9287,9288,9289,9290,9301,88,326
9285,9286,9287,9288,9289,9290,9303,53,898
4847,4848,4849,4850,4851,4852,9308,98,1174
4847,4848,4849,4850,4851,4852,9311,24,1174
4847,4848,4849,4850,4851,4852,9314,162,1174
7323,7324,7325,7326,7327,7328,9320,126,842
7323,7324,7325,7326,7327,7328,9323,87,842
7323,7324,7325,7326,7327,7328,9325,87,842
7895,7896,7897,7898,7899,7900,5,9330,96
7895,7896,7897,7898,7899,7900,135,9332,96
7895,7896,7897,7898,7899,7900,264,9334,96
9336,9337,9338,9339,9340,9341,9346,98,206
9336,9337,9338,9339,9340,9341,9348,77,206
936,9350,9351,9352,9353,9354,9358,16,356
936,9350,9351,9352,9353,9354,9361,77,411
936,9350,9351,9352,9353,9354,9363,24,411
4294,8774,8775,8776,8777,8778,9369,126,954
4294,8774,8775,8776,8777,8778,9371,77,954
4294,8774,8775,8776,8777,8778,9373,87,954
173,3479,3480,3481,3482,3483,9379,108,1232
173,3479,3480,3481,3482,3483,9382,88,1232
173,3479,3480,3481,3482,3483,9384,108,1232
173,3479,3480,3481,3482,3483,9386,87,141
4058,4059,4060,4061,4062,4063,9391,77,307
4058,4059,4060,4061,4062,4063,9393,24,1440
4058,4059,4060,4061,4062,4063,9395,108,1440
4058,4059,4060,4061,4062,4063,9398,162,1440
221,7337,7338,96,7340,41,321,9404,96
221,7337,7338,96,7340,41,354,9407,96
221,7337,7338,96,7340,41,863,9409,96
8071,9411,9412,321,9414,673,222,9420,321
8071,9411,9412,321,9414,673,180,9422,321
8071,9411,9412,321,9414,673,135,9425,321
8071,9411,9412,321,9414,673,104,5217,321
1888,9428,9429,9430,9431,9432,594,9438,9440
1888,9428,9429,9430,9431,9432,74,9441,231
1888,9428,9429,9430,9431,9432,38,9444,231
1888,9428,9429,9430,9431,9432,51,9446,231
1888,9428,9429,9430,9431,9432,105,9449,231
4830,4831,4832,4833,4834,4835,180,9455,10