date,CHEMBL1535,CHEMBL2391146,CHEMBL4065616,CHEMBL1200574,CHEMBL1326,CHEMBL250447,CHEMBL76,CHEMBL163,CHEMBL529,CHEMBL729,CHEMBL1234886,CHEMBL65567,CHEMBL2021430,CHEMBL384467,CHEMBL1200637,CHEMBL1042,CHEMBL1200633,CHEMBL1222250,CHEMBL545,CHEMBL1536,CHEMBL221722,CHEMBL358850,CHEMBL196,CHEMBL2207138,CHEMBL408403,CHEMBL1200689,CHEMBL11298,CHEMBL1201081,CHEMBL650,CHEMBL501680
1,2,2,2,2,2,2,2,2,2,2,2,2,2,2,2,2,2,2,2,2,2,2,2,2,2,2,2,2,2,2
2,2,2,4,2,2,2,2,4,2,4,2,2,2,2,2,2,2,2,2,2,2,2,2,2,2,2,2,5,5,2
3,4,4,7,4,5,2,2,8,2,9,5,5,5,5,5,2,2,2,2,2,5,2,4,2,2,4,2,5,5,2
4,12,13,8,7,14,14,14,15,16,13,17,9,4,4,4,5,2,10,10,5,4,4,7,5,17,7,4,5,5,5
5,19,20,21,22,23,23,23,24,25,26,27,16,7,7,7,15,9,17,15,15,13,8,28,7,29,9,30,15,15,9
6,32,33,27,34,22,22,22,35,36,22,37,34,4,4,4,27,34,13,15,28,28,10,17,8,28,8,15,17,17,9
7,39,15,7,30,28,29,29,17,29,17,28,8,7,7,10,17,13,7,10,17,9,9,5,7,4,4,17,5,5,4
8,13,13,29,8,5,5,5,9,5,9,9,7,30,30,30,30,5,10,7,30,4,17,7,10,2,7,2,7,7,4
9,13,29,13,17,17,17,17,17,17,17,9,15,30,30,30,17,17,30,10,17,10,5,4,5,7,5,5,10,4,17
10,9,8,10,7,4,4,4,5,2,5,9,10,4,4,4,5,5,4,4,2,10,4,7,7,2,4,4,5,5,5
11,30,30,16,17,10,10,10,7,10,10,9,17,15,15,15,10,4,7,17,4,4,4,5,5,9,9,4,5,5,5
12,17,8,7,9,4,4,4,4,17,4,17,17,17,17,17,17,10,7,5,17,10,10,5,10,7,5,4,4,4,4
13,15,7,29,7,4,4,4,10,7,10,10,4,10,10,10,5,7,10,10,5,5,10,4,30,2,2,4,4,4,4
14,30,30,9,5,4,4,4,7,4,7,5,10,7,7,7,10,9,7,10,10,5,5,4,17,5,5,17,5,5,5
15,17,9,9,8,5,5,5,5,10,5,10,4,15,15,15,9,17,7,17,17,2,7,10,4,4,5,5,4,4,4
16,4,9,9,30,2,2,2,2,2,2,10,7,9,9,9,7,4,7,4,7,5,10,17,4,5,7,5,4,4,4
17,4,10,17,17,4,4,4,10,5,4,17,4,7,7,7,10,5,4,9,10,7,4,5,5,2,4,4,5,5,10
18,5,17,7,7,2,2,2,5,2,2,13,4,17,17,17,2,7,5,15,2,5,4,5,5,2,5,4,5,5,2
19,10,10,17,17,4,4,4,5,4,5,4,5,4,4,4,10,10,10,5,10,10,4,5,10,2,2,2,5,5,5
20,10,2,17,9,2,2,2,7,5,5,5,5,10,10,10,10,5,4,7,10,5,4,2,5,2,2,2,2,2,5
21,2,4,5,7,2,2,2,4,2,2,2,5,7,7,7,4,2,17,4,4,2,4,4,4,2,5,2,2,2,2
22,2,2,2,2,2,2,2,2,2,2,2,2,2,2,2,2,2,2,2,2,2,2,2,2,2,2,2,2,2,2
23,2,2,4,2,2,2,2,4,2,4,2,2,2,2,2,2,2,2,2,2,2,2,2,2,2,2,2,5,5,2
24,4,4,7,4,5,2,2,8,2,9,5,5,5,5,5,2,2,2,2,2,5,2,4,2,2,4,2,5,5,2
25,12,13,8,7,14,14,14,15,16,13,17,9,4,4,4,5,2,10,10,5,4,4,7,5,17,7,4,5,5,5
26,19,20,21,22,23,23,23,24,25,26,27,16,7,7,7,15,9,17,15,15,13,8,28,7,29,9,30,15,15,9
27,32,33,27,34,22,22,22,35,36,22,37,34,4,4,4,27,34,13,15,28,28,10,17,8,28,8,15,17,17,9
28,39,15,7,30,28,29,29,17,29,17,28,8,7,7,10,17,13,7,10,17,9,9,5,7,4,4,17,5,5,4
29,13,13,29,8,5,5,5,9,5,9,9,7,30,30,30,30,5,10,7,30,4,17,7,10,2,7,2,7,7,4
30,13,29,13,17,17,17,17,17,17,17,9,15,30,30,30,17,17,30,10,17,10,5,4,5,7,5,5,10,4,17
31,9,8,10,7,4,4,4,5,2,5,9,10,4,4,4,5,5,4,4,2,10,4,7,7,2,4,4,5,5,5
32,30,30,16,17,10,10,10,7,10,10,9,17,15,15,15,10,4,7,17,4,4,4,5,5,9,9,4,5,5,5
33,17,8,7,9,4,4,4,4,17,4,17,17,17,17,17,17,10,7,5,17,10,10,5,10,7,5,4,4,4,4
34,15,7,29,7,4,4,4,10,7,10,10,4,10,10,10,5,7,10,10,5,5,10,4,30,2,2,4,4,4,4
35,30,30,9,5,4,4,4,7,4,7,5,10,7,7,7,10,9,7,10,10,5,5,4,17,5,5,17,5,5,5
36,17,9,9,8,5,5,5,5,10,5,10,4,15,15,15,9,17,7,17,17,2,7,10,4,4,5,5,4,4,4
37,4,9,9,30,2,2,2,2,2,2,10,7,9,9,9,7,4,7,4,7,5,10,17,4,5,7,5,4,4,4
38,4,10,17,17,4,4,4,10,5,4,17,4,7,7,7,10,5,4,9,10,7,4,5,5,2,4,4,5,5,10
39,5,17,7,7,2,2,2,5,2,2,13,4,17,17,17,2,7,5,15,2,5,4,5,5,2,5,4,5,5,2
40,10,10,17,17,4,4,4,5,4,5,4,5,4,4,4,10,10,10,5,10,10,4,5,10,2,2,2,5,5,5
41,10,2,17,9,2,2,2,7,5,5,5,5,10,10,10,10,5,4,7,10,5,4,2,5,2,2,2,2,2,5
42,2,4,5,7,2,2,2,4,2,2,2,5,7,7,7,4,2,17,4,4,2,4,4,4,2,5,2,2,2,2
43,2,2,2,2,2,2,2,2,2,2,2,2,2,2,2,2,2,2,2,2,2,2,2,2,2,2,2,2,2,2
44,2,2,4,2,2,2,2,4,2,4,2,2,2,2,2,2,2,2,2,2,2,2,2,2,2,2,2,5,5,2
45,4,4,7,4,5,2,2,8,2,9,5,5,5,5,5,2,2,2,2,2,5,2,4,2,2,4,2,5,5,2
46,12,13,8,7,14,14,14,15,16,13,17,9,4,4,4,5,2,10,10,5,4,4,7,5,17,7,4,5,5,5
47,19,20,21,22,23,23,23,24,25,26,27,16,7,7,7,15,9,17,15,15,13,8,28,7,29,9,30,15,15,9
48,32,33,27,34,22,22,22,35,36,22,37,34,4,4,4,27,34,13,15,28,28,10,17,8,28,8,15,17,17,9
49,39,15,7,30,28,29,29,17,29,17,28,8,7,7,10,17,13,7,10,17,9,9,5,7,4,4,17,5,5,4
50,13,13,29,8,5,5,5,9,5,9,9,7,30,30,30,30,5,10,7,30,4,17,7,10,2,7,2,7,7,4
51,13,29,13,17,17,17,17,17,17,17,9,15,30,30,30,17,17,30,10,17,10,5,4,5,7,5,5,10,4,17
52,9,8,10,7,4,4,4,5,2,5,9,10,4,4,4,5,5,4,4,2,10,4,7,7,2,4,4,5,5,5
53,30,30,16,17,10,10,10,7,10,10,9,17,15,15,15,10,4,7,17,4,4,4,5,5,9,9,4,5,5,5
54,17,8,7,9,4,4,4,4,17,4,17,17,17,17,17,17,10,7,5,17,10,10,5,10,7,5,4,4,4,4
55,15,7,29,7,4,4,4,10,7,10,10,4,10,10,10,5,7,10,10,5,5,10,4,30,2,2,4,4,4,4
56,30,30,9,5,4,4,4,7,4,7,5,10,7,7,7,10,9,7,10,10,5,5,4,17,5,5,17,5,5,5
57,17,9,9,8,5,5,5,5,10,5,10,4,15,15,15,9,17,7,17,17,2,7,10,4,4,5,5,4,4,4
58,4,9,9,30,2,2,2,2,2,2,10,7,9,9,9,7,4,7,4,7,5,10,17,4,5,7,5,4,4,4
59,4,10,17,17,4,4,4,10,5,4,17,4,7,7,7,10,5,4,9,10,7,4,5,5,2,4,4,5,5,10
60,5,17,7,7,2,2,2,5,2,2,13,4,17,17,17,2,7,5,15,2,5,4,5,5,2,5,4,5,5,2
61,10,10,17,17,4,4,4,5,4,5,4,5,4,4,4,10,10,10,5,10,10,4,5,10,2,2,2,5,5,5
62,10,2,17,9,2,2,2,7,5,5,5,5,10,10,10,10,5,4,7,10,5,4,2,5,2,2,2,2,2,5
63,2,4,5,7,2,2,2,4,2,2,2,5,7,7,7,4,2,17,4,4,2,4,4,4,2,5,2,2,2,2
64,2,2,2,2,2,2,2,2,2,2,2,2,2,2,2,2,2,2,2,2,2,2,2,2,2,2,2,2,2,2
65,2,2,4,2,2,2,2,4,2,4,2,2,2,2,2,2,2,2,2,2,2,2,2,2,2,2,2,5,5,2
66,4,4,7,4,5,2,2,8,2,9,5,5,5,5,5,2,2,2,2,2,5,2,4,2,2,4,2,5,5,2
67,12,13,8,7,14,14,14,15,16,13,17,9,4,4,4,5,2,10,10,5,4,4,7,5,17,7,4,5,5,5
68,19,20,21,22,23,23,23,24,25,26,27,16,7,7,7,15,9,17,15,15,13,8,28,7,29,9,30,15,15,9
69,32,33,27,34,22,22,22,35,36,22,37,34,4,4,4,27,34,13,15,28,28,10,17,8,28,8,15,17,17,9
70,39,15,7,30,28,29,29,17,29,17,28,8,7,7,10,17,13,7,10,17,9,9,5,7,4,4,17,5,5,4
71,13,13,29,8,5,5,5,9,5,9,9,7,30,30,30,30,5,10,7,30,4,17,7,10,2,7,2,7,7,4
72,13,29,13,17,17,17,17,17,17,17,9,15,30,30,30,17,17,30,10,17,10,5,4,5,7,5,5,10,4,17
73,9,8,10,7,4,4,4,5,2,5,9,10,4,4,4,5,5,4,4,2,10,4,7,7,2,4,4,5,5,5
74,30,30,16,17,10,10,10,7,10,10,9,17,15,15,15,10,4,7,17,4,4,4,5,5,9,9,4,5,5,5
75,17,8,7,9,4,4,4,4,17,4,17,17,17,17,17,17,10,7,5,17,10,10,5,10,7,5,4,4,4,4
76,15,7,29,7,4,4,4,10,7,10,10,4,10,10,10,5,7,10,10,5,5,10,4,30,2,2,4,4,4,4
77,30,30,9,5,4,4,4,7,4,7,5,10,7,7,7,10,9,7,10,10,5,5,4,17,5,5,17,5,5,5
78,17,9,9,8,5,5,5,5,10,5,10,4,15,15,15,9,17,7,17,17,2,7,10,4,4,5,5,4,4,4
79,4,9,9,30,2,2,2,2,2,2,10,7,9,9,9,7,4,7,4,7,5,10,17,4,5,7,5,4,4,4
80,4,10,17,17,4,4,4,10,5,4,17,4,7,7,7,10,5,4,9,10,7,4,5,5,2,4,4,5,5,10
81,5,17,7,7,2,2,2,5,2,2,13,4,17,17,17,2,7,5,15,2,5,4,5,5,2,5,4,5,5,2
82,10,10,17,17,4,4,4,5,4,5,4,5,4,4,4,10,10,10,5,10,10,4,5,10,2,2,2,5,5,5
83,10,2,17,9,2,2,2,7,5,5,5,5,10,10,10,10,5,4,7,10,5,4,2,5,2,2,2,2,2,5
84,2,4,5,7,2,2,2,4,2,2,2,5,7,7,7,4,2,17,4,4,2,4,4,4,2,5,2,2,2,2
85,2,2,2,2,2,2,2,2,2,2,2,2,2,2,2,2,2,2,2,2,2,2,2,2,2,2,2,2,2,2
86,2,2,4,2,2,2,2,4,2,4,2,2,2,2,2,2,2,2,2,2,2,2,2,2,2,2,2,5,5,2
87,4,4,7,4,5,2,2,8,2,9,5,5,5,5,5,2,2,2,2,2,5,2,4,2,2,4,2,5,5,2
88,12,13,8,7,14,14,14,15,16,13,17,9,4,4,4,5,2,10,10,5,4,4,7,5,17,7,4,5,5,5
89,19,20,21,22,23,23,23,24,25,26,27,16,7,7,7,15,9,17,15,15,13,8,28,7,29,9,30,15,15,9
90,32,33,27,34,22,22,22,35,36,22,37,34,4,4,4,27,34,13,15,28,28,10,17,8,28,8,15,17,17,9
91,39,15,7,30,28,29,29,17,29,17,28,8,7,7,10,17,13,7,10,17,9,9,5,7,4,4,17,5,5,4
92,13,13,29,8,5,5,5,9,5,9,9,7,30,30,30,30,5,10,7,30,4,17,7,10,2,7,2,7,7,4
93,13,29,13,17,17,17,17,17,17,17,9,15,30,30,30,17,17,30,10,17,10,5,4,5,7,5,5,10,4,17
94,9,8,10,7,4,4,4,5,2,5,9,10,4,4,4,5,5,4,4,2,10,4,7,7,2,4,4,5,5,5
95,30,30,16,17,10,10,10,7,10,10,9,17,15,15,15,10,4,7,17,4,4,4,5,5,9,9,4,5,5,5
96,17,8,7,9,4,4,4,4,17,4,17,17,17,17,17,17,10,7,5,17,10,10,5,10,7,5,4,4,4,4
97,15,7,29,7,4,4,4,10,7,10,10,4,10,10,10,5,7,10,10,5,5,10,4,30,2,2,4,4,4,4
98,30,30,9,5,4,4,4,7,4,7,5,10,7,7,7,10,9,7,10,10,5,5,4,17,5,5,17,5,5,5
99,17,9,9,8,5,5,5,5,10,5,10,4,15,15,15,9,17,7,17,17,2,7,10,4,4,5,5,4,4,4
100,4,9,9,30,2,2,2,2,2,2,10,7,9,9,9,7,4,7,4,7,5,10,17,4,5,7,5,4,4,4
101,4,10,17,17,4,4,4,10,5,4,17,4,7,7,7,10,5,4,9,10,7,4,5,5,2,4,4,5,5,10
102,5,17,7,7,2,2,2,5,2,2,13,4,17,17,17,2,7,5,15,2,5,4,5,5,2,5,4,5,5,2
103,10,10,17,17,4,4,4,5,4,5,4,5,4,4,4,10,10,10,5,10,10,4,5,10,2,2,2,5,5,5
104,10,2,17,9,2,2,2,7,5,5,5,5,10,10,10,10,5,4,7,10,5,4,2,5,2,2,2,2,2,5
105,2,4,5,7,2,2,2,4,2,2,2,5,7,7,7,4,2,17,4,4,2,4,4,4,2,5,2,2,2,2
106,2,2,2,2,2,2,2,2,2,2,2,2,2,2,2,2,2,2,2,2,2,2,2,2,2,2,2,2,2,2
107,2,2,4,2,2,2,2,4,2,4,2,2,2,2,2,2,2,2,2,2,2,2,2,2,2,2,2,5,5,2
108,4,4,7,4,5,2,2,8,2,9,5,5,5,5,5,2,2,2,2,2,5,2,4,2,2,4,2,5,5,2
109,12,13,8,7,14,14,14,15,16,13,17,9,4,4,4,5,2,10,10,5,4,4,7,5,17,7,4,5,5,5
110,19,20,21,22,23,23,23,24,25,26,27,16,7,7,7,15,9,17,15,15,13,8,28,7,29,9,30,15,15,9
111,32,33,27,34,22,22,22,35,36,22,37,34,4,4,4,27,34,13,15,28,28,10,17,8,28,8,15,17,17,9
112,39,15,7,30,28,29,29,17,29,17,28,8,7,7,10,17,13,7,10,17,9,9,5,7,4,4,17,5,5,4
113,13,13,29,8,5,5,5,9,5,9,9,7,30,30,30,30,5,10,7,30,4,17,7,10,2,7,2,7,7,4
114,13,29,13,17,17,17,17,17,17,17,9,15,30,30,30,17,17,30,10,17,10,5,4,5,7,5,5,10,4,17
115,9,8,10,7,4,4,4,5,2,5,9,10,4,4,4,5,5,4,4,2,10,4,7,7,2,4,4,5,5,5
116,30,30,16,17,10,10,10,7,10,10,9,17,15,15,15,10,4,7,17,4,4,4,5,5,9,9,4,5,5,5
117,17,8,7,9,4,4,4,4,17,4,17,17,17,17,17,17,10,7,5,17,10,10,5,10,7,5,4,4,4,4
118,15,7,29,7,4,4,4,10,7,10,10,4,10,10,10,5,7,10,10,5,5,10,4,30,2,2,4,4,4,4
119,30,30,9,5,4,4,4,7,4,7,5,10,7,7,7,10,9,7,10,10,5,5,4,17,5,5,17,5,5,5
120,17,9,9,8,5,5,5,5,10,5,10,4,15,15,15,9,17,7,17,17,2,7,10,4,4,5,5,4,4,4
121,4,9,9,30,2,2,2,2,2,2,10,7,9,9,9,7,4,7,4,7,5,10,17,4,5,7,5,4,4,4
122,4,10,17,17,4,4,4,10,5,4,17,4,7,7,7,10,5,4,9,10,7,4,5,5,2,4,4,5,5,10
123,5,17,7,7,2,2,2,5,2,2,13,4,17,17,17,2,7,5,15,2,5,4,5,5,2,5,4,5,5,2
124,10,10,17,17,4,4,4,5,4,5,4,5,4,4,4,10,10,10,5,10,10,4,5,10,2,2,2,5,5,5
125,10,2,17,9,2,2,2,7,5,5,5,5,10,10,10,10,5,4,7,10,5,4,2,5,2,2,2,2,2,5
126,2,4,5,7,2,2,2,4,2,2,2,5,7,7,7,4,2,17,4,4,2,4,4,4,2,5,2,2,2,2
127,2,2,2,2,2,2,2,2,2,2,2,2,2,2,2,2,2,2,2,2,2,2,2,2,2,2,2,2,2,2
128,2,2,4,2,2,2,2,4,2,4,2,2,2,2,2,2,2,2,2,2,2,2,2,2,2,2,2,5,5,2
129,4,4,7,4,5,2,2,8,2,9,5,5,5,5,5,2,2,2,2,2,5,2,4,2,2,4,2,5,5,2
130,12,13,8,7,14,14,14,15,16,13,17,9,4,4,4,5,2,10,10,5,4,4,7,5,17,7,4,5,5,5
131,19,20,21,22,23,23,23,24,25,26,27,16,7,7,7,15,9,17,15,15,13,8,28,7,29,9,30,15,15,9
132,32,33,27,34,22,22,22,35,36,22,37,34,4,4,4,27,34,13,15,28,28,10,17,8,28,8,15,17,17,9
133,39,15,7,30,28,29,29,17,29,17,28,8,7,7,10,17,13,7,10,17,9,9,5,7,4,4,17,5,5,4
134,13,13,29,8,5,5,5,9,5,9,9,7,30,30,30,30,5,10,7,30,4,17,7,10,2,7,2,7,7,4
135,13,29,13,17,17,17,17,17,17,17,9,15,30,30,30,17,17,30,10,17,10,5,4,5,7,5,5,10,4,17
136,9,8,10,7,4,4,4,5,2,5,9,10,4,4,4,5,5,4,4,2,10,4,7,7,2,4,4,5,5,5
137,30,30,16,17,10,10,10,7,10,10,9,17,15,15,15,10,4,7,17,4,4,4,5,5,9,9,4,5,5,5
138,17,8,7,9,4,4,4,4,17,4,17,17,17,17,17,17,10,7,5,17,10,10,5,10,7,5,4,4,4,4
139,15,7,29,7,4,4,4,10,7,10,10,4,10,10,10,5,7,10,10,5,5,10,4,30,2,2,4,4,4,4
140,30,30,9,5,4,4,4,7,4,7,5,10,7,7,7,10,9,7,10,10,5,5,4,17,5,5,17,5,5,5
141,17,9,9,8,5,5,5,5,10,5,10,4,15,15,15,9,17,7,17,17,2,7,10,4,4,5,5,4,4,4
142,4,9,9,30,2,2,2,2,2,2,10,7,9,9,9,7,4,7,4,7,5,10,17,4,5,7,5,4,4,4
143,4,10,17,17,4,4,4,10,5,4,17,4,7,7,7,10,5,4,9,10,7,4,5,5,2,4,4,5,5,10
144,5,17,7,7,2,2,2,5,2,2,13,4,17,17,17,2,7,5,15,2,5,4,5,5,2,5,4,5,5,2
145,10,10,17,17,4,4,4,5,4,5,4,5,4,4,4,10,10,10,5,10,10,4,5,10,2,2,2,5,5,5
146,10,2,17,9,2,2,2,7,5,5,5,5,10,10,10,10,5,4,7,10,5,4,2,5,2,2,2,2,2,5
147,2,4,5,7,2,2,2,4,2,2,2,5,7,7,7,4,2,17,4,4,2,4,4,4,2,5,2,2,2,2
148,2,2,2,2,2,2,2,2,2,2,2,2,2,2,2,2,2,2,2,2,2,2,2,2,2,2,2,2,2,2
149,2,2,4,2,2,2,2,4,2,4,2,2,2,2,2,2,2,2,2,2,2,2,2,2,2,2,2,5,5,2
150,4,4,7,4,5,2,2,8,2,9,5,5,5,5,5,2,2,2,2,2,5,2,4,2,2,4,2,5,5,2
151,12,13,8,7,14,14,14,15,16,13,17,9,4,4,4,5,2,10,10,5,4,4,7,5,17,7,4,5,5,5
152,19,20,21,22,23,23,23,24,25,26,27,16,7,7,7,15,9,17,15,15,13,8,28,7,29,9,30,15,15,9
153,32,33,27,34,22,22,22,35,36,22,37,34,4,4,4,27,34,13,15,28,28,10,17,8,28,8,15,17,17,9
154,39,15,7,30,28,29,29,17,29,17,28,8,7,7,10,17,13,7,10,17,9,9,5,7,4,4,17,5,5,4
155,13,13,29,8,5,5,5,9,5,9,9,7,30,30,30,30,5,10,7,30,4,17,7,10,2,7,2,7,7,4
156,13,29,13,17,17,17,17,17,17,17,9,15,30,30,30,17,17,30,10,17,10,5,4,5,7,5,5,10,4,17
157,9,8,10,7,4,4,4,5,2,5,9,10,4,4,4,5,5,4,4,2,10,4,7,7,2,4,4,5,5,5
158,30,30,16,17,10,10,10,7,10,10,9,17,15,15,15,10,4,7,17,4,4,4,5,5,9,9,4,5,5,5
159,17,8,7,9,4,4,4,4,17,4,17,17,17,17,17,17,10,7,5,17,10,10,5,10,7,5,4,4,4,4
160,15,7,29,7,4,4,4,10,7,10,10,4,10,10,10,5,7,10,10,5,5,10,4,30,2,2,4,4,4,4
161,30,30,9,5,4,4,4,7,4,7,5,10,7,7,7,10,9,7,10,10,5,5,4,17,5,5,17,5,5,5
162,17,9,9,8,5,5,5,5,10,5,10,4,15,15,15,9,17,7,17,17,2,7,10,4,4,5,5,4,4,4
163,4,9,9,30,2,2,2,2,2,2,10,7,9,9,9,7,4,7,4,7,5,10,17,4,5,7,5,4,4,4
164,4,10,17,17,4,4,4,10,5,4,17,4,7,7,7,10,5,4,9,10,7,4,5,5,2,4,4,5,5,10
165,5,17,7,7,2,2,2,5,2,2,13,4,17,17,17,2,7,5,15,2,5,4,5,5,2,5,4,5,5,2
166,10,10,17,17,4,4,4,5,4,5,4,5,4,4,4,10,10,10,5,10,10,4,5,10,2,2,2,5,5,5
167,10,2,17,9,2,2,2,7,5,5,5,5,10,10,10,10,5,4,7,10,5,4,2,5,2,2,2,2,2,5
168,2,4,5,7,2,2,2,4,2,2,2,5,7,7,7,4,2,17,4,4,2,4,4,4,2,5,2,2,2,2
169,2,2,2,2,2,2,2,2,2,2,2,2,2,2,2,2,2,2,2,2,2,2,2,2,2,2,2,2,2,2
170,2,2,4,2,2,2,2,4,2,4,2,2,2,2,2,2,2,2,2,2,2,2,2,2,2,2,2,5,5,2
171,4,4,7,4,5,2,2,8,2,9,5,5,5,5,5,2,2,2,2,2,5,2,4,2,2,4,2,5,5,2
172,12,13,8,7,14,14,14,15,16,13,17,9,4,4,4,5,2,10,10,5,4,4,7,5,17,7,4,5,5,5
173,19,20,21,22,23,23,23,24,25,26,27,16,7,7,7,15,9,17,15,15,13,8,28,7,29,9,30,15,15,9
174,32,33,27,34,22,22,22,35,36,22,37,34,4,4,4,27,34,13,15,28,28,10,17,8,28,8,15,17,17,9
175,39,15,7,30,28,29,29,17,29,17,28,8,7,7,10,17,13,7,10,17,9,9,5,7,4,4,17,5,5,4
176,13,13,29,8,5,5,5,9,5,9,9,7,30,30,30,30,5,10,7,30,4,17,7,10,2,7,2,7,7,4
177,13,29,13,17,17,17,17,17,17,17,9,15,30,30,30,17,17,30,10,17,10,5,4,5,7,5,5,10,4,17
178,9,8,10,7,4,4,4,5,2,5,9,10,4,4,4,5,5,4,4,2,10,4,7,7,2,4,4,5,5,5
179,30,30,16,17,10,10,10,7,10,10,9,17,15,15,15,10,4,7,17,4,4,4,5,5,9,9,4,5,5,5
180,17,8,7,9,4,4,4,4,17,4,17,17,17,17,17,17,10,7,5,17,10,10,5,10,7,5,4,4,4,4
181,15,7,29,7,4,4,4,10,7,10,10,4,10,10,10,5,7,10,10,5,5,10,4,30,2,2,4,4,4,4
182,30,30,9,5,4,4,4,7,4,7,5,10,7,7,7,10,9,7,10,10,5,5,4,17,5,5,17,5,5,5
183,17,9,9,8,5,5,5,5,10,5,10,4,15,15,15,9,17,7,17,17,2,7,10,4,4,5,5,4,4,4
184,4,9,9,30,2,2,2,2,2,2,10,7,9,9,9,7,4,7,4,7,5,10,17,4,5,7,5,4,4,4
185,4,10,17,17,4,4,4,10,5,4,17,4,7,7,7,10,5,4,9,10,7,4,5,5,2,4,4,5,5,10
186,5,17,7,7,2,2,2,5,2,2,13,4,17,17,17,2,7,5,15,2,5,4,5,5,2,5,4,5,5,2
187,10,10,17,17,4,4,4,5,4,5,4,5,4,4,4,10,10,10,5,10,10,4,5,10,2,2,2,5,5,5
188,10,2,17,9,2,2,2,7,5,5,5,5,10,10,10,10,5,4,7,10,5,4,2,5,2,2,2,2,2,5
189,2,4,5,7,2,2,2,4,2,2,2,5,7,7,7,4,2,17,4,4,2,4,4,4,2,5,2,2,2,2
190,2,2,2,2,2,2,2,2,2,2,2,2,2,2,2,2,2,2,2,2,2,2,2,2,2,2,2,2,2,2
191,2,2,4,2,2,2,2,4,2,4,2,2,2,2,2,2,2,2,2,2,2,2,2,2,2,2,2,5,5,2
192,4,4,7,4,5,2,2,8,2,9,5,5,5,5,5,2,2,2,2,2,5,2,4,2,2,4,2,5,5,2
193,12,13,8,7,14,14,14,15,16,13,17,9,4,4,4,5,2,10,10,5,4,4,7,5,17,7,4,5,5,5
194,19,20,21,22,23,23,23,24,25,26,27,16,7,7,7,15,9,17,15,15,13,8,28,7,29,9,30,15,15,9
195,32,33,27,34,22,22,22,35,36,22,37,34,4,4,4,27,34,13,15,28,28,10,17,8,28,8,15,17,17,9
196,39,15,7,30,28,29,29,17,29,17,28,8,7,7,10,17,13,7,10,17,9,9,5,7,4,4,17,5,5,4
197,13,13,29,8,5,5,5,9,5,9,9,7,30,30,30,30,5,10,7,30,4,17,7,10,2,7,2,7,7,4
198,13,29,13,17,17,17,17,17,17,17,9,15,30,30,30,17,17,30,10,17,10,5,4,5,7,5,5,10,4,17
199,9,8,10,7,4,4,4,5,2,5,9,10,4,4,4,5,5,4,4,2,10,4,7,7,2,4,4,5,5,5
200,30,30,16,17,10,10,10,7,10,10,9,17,15,15,15,10,4,7,17,4,4,4,5,5,9,9,4,5,5,5
201,17,8,7,9,4,4,4,4,17,4,17,17,17,17,17,17,10,7,5,17,10,10,5,10,7,5,4,4,4,4
202,15,7,29,7,4,4,4,10,7,10,10,4,10,10,10,5,7,10,10,5,5,10,4,30,2,2,4,4,4,4
203,30,30,9,5,4,4,4,7,4,7,5,10,7,7,7,10,9,7,10,10,5,5,4,17,5,5,17,5,5,5
204,17,9,9,8,5,5,5,5,10,5,10,4,15,15,15,9,17,7,17,17,2,7,10,4,4,5,5,4,4,4
205,4,9,9,30,2,2,2,2,2,2,10,7,9,9,9,7,4,7,4,7,5,10,17,4,5,7,5,4,4,4
206,4,10,17,17,4,4,4,10,5,4,17,4,7,7,7,10,5,4,9,10,7,4,5,5,2,4,4,5,5,10
207,5,17,7,7,2,2,2,5,2,2,13,4,17,17,17,2,7,5,15,2,5,4,5,5,2,5,4,5,5,2
208,10,10,17,17,4,4,4,5,4,5,4,5,4,4,4,10,10,10,5,10,10,4,5,10,2,2,2,5,5,5
209,10,2,17,9,2,2,2,7,5,5,5,5,10,10,10,10,5,4,7,10,5,4,2,5,2,2,2,2,2,5
210,2,4,5,7,2,2,2,4,2,2,2,5,7,7,7,4,2,17,4,4,2,4,4,4,2,5,2,2,2,2
211,2,2,2,2,2,2,2,2,2,2,2,2,2,2,2,2,2,2,2,2,2,2,2,2,2,2,2,2,2,2
212,2,2,4,2,2,2,2,4,2,4,2,2,2,2,2,2,2,2,2,2,2,2,2,2,2,2,2,5,5,2
213,4,4,7,4,5,2,2,8,2,9,5,5,5,5,5,2,2,2,2,2,5,2,4,2,2,4,2,5,5,2
214,12,13,8,7,14,14,14,15,16,13,17,9,4,4,4,5,2,10,10,5,4,4,7,5,17,7,4,5,5,5
215,19,20,21,22,23,23,23,24,25,26,27,16,7,7,7,15,9,17,15,15,13,8,28,7,29,9,30,15,15,9
216,32,33,27,34,22,22,22,35,36,22,37,34,4,4,4,27,34,13,15,28,28,10,17,8,28,8,15,17,17,9
217,39,15,7,30,28,29,29,17,29,17,28,8,7,7,10,17,13,7,10,17,9,9,5,7,4,4,17,5,5,4
218,13,13,29,8,5,5,5,9,5,9,9,7,30,30,30,30,5,10,7,30,4,17,7,10,2,7,2,7,7,4
219,13,29,13,17,17,17,17,17,17,17,9,15,30,30,30,17,17,30,10,17,10,5,4,5,7,5,5,10,4,17
220,9,8,10,7,4,4,4,5,2,5,9,10,4,4,4,5,5,4,4,2,10,4,7,7,2,4,4,5,5,5
221,30,30,16,17,10,10,10,7,10,10,9,17,15,15,15,10,4,7,17,4,4,4,5,5,9,9,4,5,5,5
222,17,8,7,9,4,4,4,4,17,4,17,17,17,17,17,17,10,7,5,17,10,10,5,10,7,5,4,4,4,4
223,15,7,29,7,4,4,4,10,7,10,10,4,10,10,10,5,7,10,10,5,5,10,4,30,2,2,4,4,4,4
224,30,30,9,5,4,4,4,7,4,7,5,10,7,7,7,10,9,7,10,10,5,5,4,17,5,5,17,5,5,5
225,17,9,9,8,5,5,5,5,10,5,10,4,15,15,15,9,17,7,17,17,2,7,10,4,4,5,5,4,4,4
226,4,9,9,30,2,2,2,2,2,2,10,7,9,9,9,7,4,7,4,7,5,10,17,4,5,7,5,4,4,4
227,4,10,17,17,4,4,4,10,5,4,17,4,7,7,7,10,5,4,9,10,7,4,5,5,2,4,4,5,5,10
228,5,17,7,7,2,2,2,5,2,2,13,4,17,17,17,2,7,5,15,2,5,4,5,5,2,5,4,5,5,2
229,10,10,17,17,4,4,4,5,4,5,4,5,4,4,4,10,10,10,5,10,10,4,5,10,2,2,2,5,5,5
230,10,2,17,9,2,2,2,7,5,5,5,5,10,10,10,10,5,4,7,10,5,4,2,5,2,2,2,2,2,5
231,2,4,5,7,2,2,2,4,2,2,2,5,7,7,7,4,2,17,4,4,2,4,4,4,2,5,2,2,2,2
232,2,2,2,2,2,2,2,2,2,2,2,2,2,2,2,2,2,2,2,2,2,2,2,2,2,2,2,2,2,2
233,2,2,4,2,2,2,2,4,2,4,2,2,2,2,2,2,2,2,2,2,2,2,2,2,2,2,2,5,5,2
234,4,4,7,4,5,2,2,8,2,9,5,5,5,5,5,2,2,2,2,2,5,2,4,2,2,4,2,5,5,2
235,12,13,8,7,14,14,14,15,16,13,17,9,4,4,4,5,2,10,10,5,4,4,7,5,17,7,4,5,5,5
236,19,20,21,22,23,23,23,24,25,26,27,16,7,7,7,15,9,17,15,15,13,8,28,7,29,9,30,15,15,9
237,32,33,27,34,22,22,22,35,36,22,37,34,4,4,4,27,34,13,15,28,28,10,17,8,28,8,15,17,17,9
238,39,15,7,30,28,29,29,17,29,17,28,8,7,7,10,17,13,7,10,17,9,9,5,7,4,4,17,5,5,4
239,13,13,29,8,5,5,5,9,5,9,9,7,30,30,30,30,5,10,7,30,4,17,7,10,2,7,2,7,7,4
240,13,29,13,17,17,17,17,17,17,17,9,15,30,30,30,17,17,30,10,17,10,5,4,5,7,5,5,10,4,17
241,9,8,10,7,4,4,4,5,2,5,9,10,4,4,4,5,5,4,4,2,10,4,7,7,2,4,4,5,5,5
242,30,30,16,17,10,10,10,7,10,10,9,17,15,15,15,10,4,7,17,4,4,4,5,5,9,9,4,5,5,5
243,17,8,7,9,4,4,4,4,17,4,17,17,17,17,17,17,10,7,5,17,10,10,5,10,7,5,4,4,4,4
244,15,7,29,7,4,4,4,10,7,10,10,4,10,10,10,5,7,10,10,5,5,10,4,30,2,2,4,4,4,4
245,30,30,9,5,4,4,4,7,4,7,5,10,7,7,7,10,9,7,10,10,5,5,4,17,5,5,17,5,5,5
246,17,9,9,8,5,5,5,5,10,5,10,4,15,15,15,9,17,7,17,17,2,7,10,4,4,5,5,4,4,4
247,4,9,9,30,2,2,2,2,2,2,10,7,9,9,9,7,4,7,4,7,5,10,17,4,5,7,5,4,4,4
248,4,10,17,17,4,4,4,10,5,4,17,4,7,7,7,10,5,4,9,10,7,4,5,5,2,4,4,5,5,10
249,5,17,7,7,2,2,2,5,2,2,13,4,17,17,17,2,7,5,15,2,5,4,5,5,2,5,4,5,5,2
250,10,10,17,17,4,4,4,5,4,5,4,5,4,4,4,10,10,10,5,10,10,4,5,10,2,2,2,5,5,5
251,10,2,17,9,2,2,2,7,5,5,5,5,10,10,10,10,5,4,7,10,5,4,2,5,2,2,2,2,2,5
252,2,4,5,7,2,2,2,4,2,2,2,5,7,7,7,4,2,17,4,4,2,4,4,4,2,5,2,2,2,2
253,2,2,2,2,2,2,2,2,2,2,2,2,2,2,2,2,2,2,2,2,2,2,2,2,2,2,2,2,2,2
254,2,2,4,2,2,2,2,4,2,4,2,2,2,2,2,2,2,2,2,2,2,2,2,2,2,2,2,5,5,2
255,4,4,7,4,5,2,2,8,2,9,5,5,5,5,5,2,2,2,2,2,5,2,4,2,2,4,2,5,5,2
256,12,13,8,7,14,14,14,15,16,13,17,9,4,4,4,5,2,10,10,5,4,4,7,5,17,7,4,5,5,5
257,19,20,21,22,23,23,23,24,25,26,27,16,7,7,7,15,9,17,15,15,13,8,28,7,29,9,30,15,15,9
258,32,33,27,34,22,22,22,35,36,22,37,34,4,4,4,27,34,13,15,28,28,10,17,8,28,8,15,17,17,9
259,39,15,7,30,28,29,29,17,29,17,28,8,7,7,10,17,13,7,10,17,9,9,5,7,4,4,17,5,5,4
260,13,13,29,8,5,5,5,9,5,9,9,7,30,30,30,30,5,10,7,30,4,17,7,10,2,7,2,7,7,4
261,13,29,13,17,17,17,17,17,17,17,9,15,30,30,30,17,17,30,10,17,10,5,4,5,7,5,5,10,4,17
262,9,8,10,7,4,4,4,5,2,5,9,10,4,4,4,5,5,4,4,2,10,4,7,7,2,4,4,5,5,5
263,30,30,16,17,10,10,10,7,10,10,9,17,15,15,15,10,4,7,17,4,4,4,5,5,9,9,4,5,5,5
264,17,8,7,9,4,4,4,4,17,4,17,17,17,17,17,17,10,7,5,17,10,10,5,10,7,5,4,4,4,4
265,15,7,29,7,4,4,4,10,7,10,10,4,10,10,10,5,7,10,10,5,5,10,4,30,2,2,4,4,4,4
266,30,30,9,5,4,4,4,7,4,7,5,10,7,7,7,10,9,7,10,10,5,5,4,17,5,5,17,5,5,5
267,17,9,9,8,5,5,5,5,10,5,10,4,15,15,15,9,17,7,17,17,2,7,10,4,4,5,5,4,4,4
268,4,9,9,30,2,2,2,2,2,2,10,7,9,9,9,7,4,7,4,7,5,10,17,4,5,7,5,4,4,4
269,4,10,17,17,4,4,4,10,5,4,17,4,7,7,7,10,5,4,9,10,7,4,5,5,2,4,4,5,5,10
270,5,17,7,7,2,2,2,5,2,2,13,4,17,17,17,2,7,5,15,2,5,4,5,5,2,5,4,5,5,2
271,10,10,17,17,4,4,4,5,4,5,4,5,4,4,4,10,10,10,5,10,10,4,5,10,2,2,2,5,5,5
272,10,2,17,9,2,2,2,7,5,5,5,5,10,10,10,10,5,4,7,10,5,4,2,5,2,2,2,2,2,5
273,2,4,5,7,2,2,2,4,2,2,2,5,7,7,7,4,2,17,4,4,2,4,4,4,2,5,2,2,2,2
274,2,2,2,2,2,2,2,2,2,2,2,2,2,2,2,2,2,2,2,2,2,2,2,2,2,2,2,2,2,2
275,2,2,4,2,2,2,2,4,2,4,2,2,2,2,2,2,2,2,2,2,2,2,2,2,2,2,2,5,5,2
276,4,4,7,4,5,2,2,8,2,9,5,5,5,5,5,2,2,2,2,2,5,2,4,2,2,4,2,5,5,2
277,12,13,8,7,14,14,14,15,16,13,17,9,4,4,4,5,2,10,10,5,4,4,7,5,17,7,4,5,5,5
278,19,20,21,22,23,23,23,24,25,26,27,16,7,7,7,15,9,17,15,15,13,8,28,7,29,9,30,15,15,9
279,32,33,27,34,22,22,22,35,36,22,37,34,4,4,4,27,34,13,15,28,28,10,17,8,28,8,15,17,17,9
280,39,15,7,30,28,29,29,17,29,17,28,8,7,7,10,17,13,7,10,17,9,9,5,7,4,4,17,5,5,4
281,13,13,29,8,5,5,5,9,5,9,9,7,30,30,30,30,5,10,7,30,4,17,7,10,2,7,2,7,7,4
282,13,29,13,17,17,17,17,17,17,17,9,15,30,30,30,17,17,30,10,17,10,5,4,5,7,5,5,10,4,17
283,9,8,10,7,4,4,4,5,2,5,9,10,4,4,4,5,5,4,4,2,10,4,7,7,2,4,4,5,5,5
284,30,30,16,17,10,10,10,7,10,10,9,17,15,15,15,10,4,7,17,4,4,4,5,5,9,9,4,5,5,5
285,17,8,7,9,4,4,4,4,17,4,17,17,17,17,17,17,10,7,5,17,10,10,5,10,7,5,4,4,4,4
286,15,7,29,7,4,4,4,10,7,10,10,4,10,10,10,5,7,10,10,5,5,10,4,30,2,2,4,4,4,4
287,30,30,9,5,4,4,4,7,4,7,5,10,7,7,7,10,9,7,10,10,5,5,4,17,5,5,17,5,5,5
288,17,9,9,8,5,5,5,5,10,5,10,4,15,15,15,9,17,7,17,17,2,7,10,4,4,5,5,4,4,4
289,4,9,9,30,2,2,2,2,2,2,10,7,9,9,9,7,4,7,4,7,5,10,17,4,5,7,5,4,4,4
290,4,10,17,17,4,4,4,10,5,4,17,4,7,7,7,10,5,4,9,10,7,4,5,5,2,4,4,5,5,10
291,5,17,7,7,2,2,2,5,2,2,13,4,17,17,17,2,7,5,15,2,5,4,5,5,2,5,4,5,5,2
292,10,10,17,17,4,4,4,5,4,5,4,5,4,4,4,10,10,10,5,10,10,4,5,10,2,2,2,5,5,5
293,10,2,17,9,2,2,2,7,5,5,5,5,10,10,10,10,5,4,7,10,5,4,2,5,2,2,2,2,2,5
294,2,4,5,7,2,2,2,4,2,2,2,5,7,7,7,4,2,17,4,4,2,4,4,4,2,5,2,2,2,2
295,4,4,7,4,5,2,2,8,2,9,5,5,5,5,5,2,2,2,2,2,5,2,4,2,2,4,2,5,5,2